openjdk version "17.0.19" 2026-04-21
OpenJDK Runtime Environment (build 17.0.19+10-1-26.04.2-Ubuntu)
OpenJDK 64-Bit Server VM (build 17.0.19+10-1-26.04.2-Ubuntu, mixed mode, sharing)
Starting a Gradle Daemon, 1 incompatible and 1 stopped Daemons could not be reused, use --status for details
> Task :app:preBuild UP-TO-DATE
> Task :app:preDebugBuild UP-TO-DATE
> Task :app:mergeDebugNativeDebugMetadata NO-SOURCE
> Task :app:checkKotlinGradlePluginConfigurationErrors
> Task :app:dataBindingMergeDependencyArtifactsDebug UP-TO-DATE
> Task :app:generateDebugResValues UP-TO-DATE
> Task :app:generateDebugResources UP-TO-DATE
> Task :app:mergeDebugResources UP-TO-DATE
> Task :app:packageDebugResources UP-TO-DATE
> Task :app:parseDebugLocalResources UP-TO-DATE
> Task :app:dataBindingGenBaseClassesDebug UP-TO-DATE
> Task :app:checkDebugAarMetadata UP-TO-DATE
> Task :app:mapDebugSourceSetPaths UP-TO-DATE
> Task :app:createDebugCompatibleScreenManifests UP-TO-DATE
> Task :app:extractDeepLinksDebug UP-TO-DATE
> Task :app:processDebugMainManifest UP-TO-DATE
> Task :app:processDebugManifest UP-TO-DATE
> Task :app:processDebugManifestForPackage UP-TO-DATE
> Task :app:processDebugResources FAILED

FAILURE: Build failed with an exception.

* What went wrong:
Execution failed for task ':app:processDebugResources'.
> Could not resolve all files for configuration ':app:debugRuntimeClasspath'.
   > Failed to transform appcompat-1.7.0.aar (androidx.appcompat:appcompat:1.7.0) to match attributes {artifactType=android-compiled-dependencies-resources, org.gradle.category=library, org.gradle.dependency.bundling=external, org.gradle.libraryelements=aar, org.gradle.status=release, org.gradle.usage=java-runtime}.
      > Execution failed for AarResourcesCompilerTransform: /root/.gradle/caches/transforms-4/36b3856ba9c7cbbdc36c1fd5fe2a4d44/transformed/appcompat-1.7.0.
         > AAPT2 aapt2-8.5.2-11315950-linux Daemon #1: Daemon startup failed
           This should not happen under normal circumstances, please file an issue if it does.
   > Failed to transform core-1.13.1.aar (androidx.core:core:1.13.1) to match attributes {artifactType=android-compiled-dependencies-resources, org.gradle.category=library, org.gradle.dependency.bundling=external, org.gradle.libraryelements=aar, org.gradle.status=release, org.gradle.usage=java-runtime}.
      > Execution failed for AarResourcesCompilerTransform: /root/.gradle/caches/transforms-4/8e0a0bff2d388b6446750efdf4a5758f/transformed/core-1.13.1.
         > AAPT2 aapt2-8.5.2-11315950-linux Daemon #0: Daemon startup failed
           This should not happen under normal circumstances, please file an issue if it does.
   > Failed to transform core-1.13.1.aar (androidx.core:core:1.13.1) to match attributes {artifactType=android-compiled-dependencies-resources, org.gradle.status=release}.
      > Execution failed for AarResourcesCompilerTransform: /root/.gradle/caches/transforms-4/8e0a0bff2d388b6446750efdf4a5758f/transformed/core-1.13.1.
         > AAPT2 aapt2-8.5.2-11315950-linux Daemon #0: Daemon startup failed
           This should not happen under normal circumstances, please file an issue if it does.
   > Failed to transform core-1.13.1.aar (androidx.core:core:1.13.1) to match attributes {artifactType=android-compiled-dependencies-resources, org.gradle.status=release}.
      > Execution failed for AarResourcesCompilerTransform: /root/.gradle/caches/transforms-4/8e0a0bff2d388b6446750efdf4a5758f/transformed/core-1.13.1.
         > AAPT2 aapt2-8.5.2-11315950-linux Daemon #0: Daemon startup failed
           This should not happen under normal circumstances, please file an issue if it does.
   > Failed to transform core-1.13.1.aar (androidx.core:core:1.13.1) to match attributes {artifactType=android-compiled-dependencies-resources, org.gradle.status=release}.
      > Execution failed for AarResourcesCompilerTransform: /root/.gradle/caches/transforms-4/8e0a0bff2d388b6446750efdf4a5758f/transformed/core-1.13.1.
         > AAPT2 aapt2-8.5.2-11315950-linux Daemon #0: Daemon startup failed
           This should not happen under normal circumstances, please file an issue if it does.
   > Failed to transform core-1.13.1.aar (androidx.core:core:1.13.1) to match attributes {artifactType=android-compiled-dependencies-resources, org.gradle.status=release}.
      > Execution failed for AarResourcesCompilerTransform: /root/.gradle/caches/transforms-4/8e0a0bff2d388b6446750efdf4a5758f/transformed/core-1.13.1.
         > AAPT2 aapt2-8.5.2-11315950-linux Daemon #0: Daemon startup failed
           This should not happen under normal circumstances, please file an issue if it does.
   > Failed to transform core-1.13.1.aar (androidx.core:core:1.13.1) to match attributes {artifactType=android-compiled-dependencies-resources, org.gradle.status=release}.
      > Execution failed for AarResourcesCompilerTransform: /root/.gradle/caches/transforms-4/8e0a0bff2d388b6446750efdf4a5758f/transformed/core-1.13.1.
         > AAPT2 aapt2-8.5.2-11315950-linux Daemon #0: Daemon startup failed
           This should not happen under normal circumstances, please file an issue if it does.
   > Failed to transform core-1.13.1.aar (androidx.core:core:1.13.1) to match attributes {artifactType=android-compiled-dependencies-resources, org.gradle.status=release}.
      > Execution failed for AarResourcesCompilerTransform: /root/.gradle/caches/transforms-4/8e0a0bff2d388b6446750efdf4a5758f/transformed/core-1.13.1.
         > AAPT2 aapt2-8.5.2-11315950-linux Daemon #0: Daemon startup failed
           This should not happen under normal circumstances, please file an issue if it does.
   > Failed to transform core-1.13.1.aar (androidx.core:core:1.13.1) to match attributes {artifactType=android-compiled-dependencies-resources, org.gradle.status=release}.
      > Execution failed for AarResourcesCompilerTransform: /root/.gradle/caches/transforms-4/8e0a0bff2d388b6446750efdf4a5758f/transformed/core-1.13.1.
         > AAPT2 aapt2-8.5.2-11315950-linux Daemon #0: Daemon startup failed
           This should not happen under normal circumstances, please file an issue if it does.
   > Failed to transform core-1.13.1.aar (androidx.core:core:1.13.1) to match attributes {artifactType=android-compiled-dependencies-resources, org.gradle.status=release}.
      > Execution failed for AarResourcesCompilerTransform: /root/.gradle/caches/transforms-4/8e0a0bff2d388b6446750efdf4a5758f/transformed/core-1.13.1.
         > AAPT2 aapt2-8.5.2-11315950-linux Daemon #0: Daemon startup failed
           This should not happen under normal circumstances, please file an issue if it does.
   > Failed to transform core-1.13.1.aar (androidx.core:core:1.13.1) to match attributes {artifactType=android-compiled-dependencies-resources, org.gradle.status=release}.
      > Execution failed for AarResourcesCompilerTransform: /root/.gradle/caches/transforms-4/8e0a0bff2d388b6446750efdf4a5758f/transformed/core-1.13.1.
         > AAPT2 aapt2-8.5.2-11315950-linux Daemon #0: Daemon startup failed
           This should not happen under normal circumstances, please file an issue if it does.
   > Failed to transform core-1.13.1.aar (androidx.core:core:1.13.1) to match attributes {artifactType=android-compiled-dependencies-resources, org.gradle.status=release}.
      > Execution failed for AarResourcesCompilerTransform: /root/.gradle/caches/transforms-4/8e0a0bff2d388b6446750efdf4a5758f/transformed/core-1.13.1.
         > AAPT2 aapt2-8.5.2-11315950-linux Daemon #0: Daemon startup failed
           This should not happen under normal circumstances, please file an issue if it does.

* Try:
> Run with --info or --debug option to get more log output.
> Run with --scan to get full insights.
> Get more help at https://help.gradle.org.

* Exception is:
org.gradle.api.tasks.TaskExecutionException: Execution failed for task ':app:processDebugResources'.
	at org.gradle.api.internal.tasks.execution.CatchExceptionTaskExecuter.execute(CatchExceptionTaskExecuter.java:38)
	at org.gradle.api.internal.tasks.execution.EventFiringTaskExecuter$1.executeTask(EventFiringTaskExecuter.java:77)
	at org.gradle.api.internal.tasks.execution.EventFiringTaskExecuter$1.call(EventFiringTaskExecuter.java:55)
	at org.gradle.api.internal.tasks.execution.EventFiringTaskExecuter$1.call(EventFiringTaskExecuter.java:52)
	at org.gradle.internal.operations.DefaultBuildOperationRunner$CallableBuildOperationWorker.execute(DefaultBuildOperationRunner.java:200)
	at org.gradle.internal.operations.DefaultBuildOperationRunner$CallableBuildOperationWorker.execute(DefaultBuildOperationRunner.java:195)
	at org.gradle.internal.operations.DefaultBuildOperationRunner$2.execute(DefaultBuildOperationRunner.java:66)
	at org.gradle.internal.operations.DefaultBuildOperationRunner$2.execute(DefaultBuildOperationRunner.java:59)
	at org.gradle.internal.operations.DefaultBuildOperationRunner.execute(DefaultBuildOperationRunner.java:157)
	at org.gradle.internal.operations.DefaultBuildOperationRunner.execute(DefaultBuildOperationRunner.java:59)
	at org.gradle.internal.operations.DefaultBuildOperationRunner.call(DefaultBuildOperationRunner.java:53)
	at org.gradle.internal.operations.DefaultBuildOperationExecutor.call(DefaultBuildOperationExecutor.java:73)
	at org.gradle.api.internal.tasks.execution.EventFiringTaskExecuter.execute(EventFiringTaskExecuter.java:52)
	at org.gradle.execution.plan.LocalTaskNodeExecutor.execute(LocalTaskNodeExecutor.java:42)
	at org.gradle.execution.taskgraph.DefaultTaskExecutionGraph$InvokeNodeExecutorsAction.execute(DefaultTaskExecutionGraph.java:331)
	at org.gradle.execution.taskgraph.DefaultTaskExecutionGraph$InvokeNodeExecutorsAction.execute(DefaultTaskExecutionGraph.java:318)
	at org.gradle.execution.taskgraph.DefaultTaskExecutionGraph$BuildOperationAwareExecutionAction.lambda$execute$0(DefaultTaskExecutionGraph.java:314)
	at org.gradle.internal.operations.CurrentBuildOperationRef.with(CurrentBuildOperationRef.java:80)
	at org.gradle.execution.taskgraph.DefaultTaskExecutionGraph$BuildOperationAwareExecutionAction.execute(DefaultTaskExecutionGraph.java:314)
	at org.gradle.execution.taskgraph.DefaultTaskExecutionGraph$BuildOperationAwareExecutionAction.execute(DefaultTaskExecutionGraph.java:303)
	at org.gradle.execution.plan.DefaultPlanExecutor$ExecutorWorker.execute(DefaultPlanExecutor.java:463)
	at org.gradle.execution.plan.DefaultPlanExecutor$ExecutorWorker.run(DefaultPlanExecutor.java:380)
	at org.gradle.execution.plan.DefaultPlanExecutor.process(DefaultPlanExecutor.java:116)
	at org.gradle.execution.taskgraph.DefaultTaskExecutionGraph.executeWithServices(DefaultTaskExecutionGraph.java:138)
	at org.gradle.execution.taskgraph.DefaultTaskExecutionGraph.execute(DefaultTaskExecutionGraph.java:123)
	at org.gradle.execution.SelectedTaskExecutionAction.execute(SelectedTaskExecutionAction.java:35)
	at org.gradle.execution.DryRunBuildExecutionAction.execute(DryRunBuildExecutionAction.java:51)
	at org.gradle.execution.BuildOperationFiringBuildWorkerExecutor$ExecuteTasks.call(BuildOperationFiringBuildWorkerExecutor.java:54)
	at org.gradle.execution.BuildOperationFiringBuildWorkerExecutor$ExecuteTasks.call(BuildOperationFiringBuildWorkerExecutor.java:43)
	at org.gradle.internal.operations.DefaultBuildOperationRunner$CallableBuildOperationWorker.execute(DefaultBuildOperationRunner.java:200)
	at org.gradle.internal.operations.DefaultBuildOperationRunner$CallableBuildOperationWorker.execute(DefaultBuildOperationRunner.java:195)
	at org.gradle.internal.operations.DefaultBuildOperationRunner$2.execute(DefaultBuildOperationRunner.java:66)
	at org.gradle.internal.operations.DefaultBuildOperationRunner$2.execute(DefaultBuildOperationRunner.java:59)
	at org.gradle.internal.operations.DefaultBuildOperationRunner.execute(DefaultBuildOperationRunner.java:157)
	at org.gradle.internal.operations.DefaultBuildOperationRunner.execute(DefaultBuildOperationRunner.java:59)
	at org.gradle.internal.operations.DefaultBuildOperationRunner.call(DefaultBuildOperationRunner.java:53)
	at org.gradle.internal.operations.DefaultBuildOperationExecutor.call(DefaultBuildOperationExecutor.java:73)
	at org.gradle.execution.BuildOperationFiringBuildWorkerExecutor.execute(BuildOperationFiringBuildWorkerExecutor.java:40)
	at org.gradle.internal.build.DefaultBuildLifecycleController.lambda$executeTasks$10(DefaultBuildLifecycleController.java:313)
	at org.gradle.internal.model.StateTransitionController.doTransition(StateTransitionController.java:266)
	at org.gradle.internal.model.StateTransitionController.lambda$tryTransition$8(StateTransitionController.java:177)
	at org.gradle.internal.work.DefaultSynchronizer.withLock(DefaultSynchronizer.java:44)
	at org.gradle.internal.model.StateTransitionController.tryTransition(StateTransitionController.java:177)
	at org.gradle.internal.build.DefaultBuildLifecycleController.executeTasks(DefaultBuildLifecycleController.java:304)
	at org.gradle.internal.build.DefaultBuildWorkGraphController$DefaultBuildWorkGraph.runWork(DefaultBuildWorkGraphController.java:220)
	at org.gradle.internal.work.DefaultWorkerLeaseService.withLocks(DefaultWorkerLeaseService.java:264)
	at org.gradle.internal.work.DefaultWorkerLeaseService.runAsWorkerThread(DefaultWorkerLeaseService.java:128)
	at org.gradle.composite.internal.DefaultBuildController.doRun(DefaultBuildController.java:181)
	at org.gradle.composite.internal.DefaultBuildController.access$000(DefaultBuildController.java:50)
	at org.gradle.composite.internal.DefaultBuildController$BuildOpRunnable.lambda$run$0(DefaultBuildController.java:198)
	at org.gradle.internal.operations.CurrentBuildOperationRef.with(CurrentBuildOperationRef.java:80)
	at org.gradle.composite.internal.DefaultBuildController$BuildOpRunnable.run(DefaultBuildController.java:198)
	at org.gradle.internal.concurrent.ExecutorPolicy$CatchAndRecordFailures.onExecute(ExecutorPolicy.java:64)
	at org.gradle.internal.concurrent.AbstractManagedExecutor$1.run(AbstractManagedExecutor.java:47)
Caused by: org.gradle.api.internal.artifacts.ivyservice.DefaultLenientConfiguration$ArtifactResolveException: Could not resolve all files for configuration ':app:debugRuntimeClasspath'.
	at org.gradle.api.internal.artifacts.ResolveExceptionContextualizer.mapFailures(ResolveExceptionContextualizer.java:56)
	at org.gradle.api.internal.artifacts.configurations.DefaultConfiguration$DefaultResolutionHost.mapFailure(DefaultConfiguration.java:2079)
	at org.gradle.api.internal.artifacts.configurations.ResolutionHost.rethrowFailure(ResolutionHost.java:39)
	at org.gradle.api.internal.artifacts.configurations.ResolutionBackedFileCollection.maybeThrowResolutionFailures(ResolutionBackedFileCollection.java:84)
	at org.gradle.api.internal.artifacts.configurations.ResolutionBackedFileCollection.visitContents(ResolutionBackedFileCollection.java:74)
	at org.gradle.api.internal.file.AbstractFileCollection.visitStructure(AbstractFileCollection.java:361)
	at org.gradle.api.internal.file.collections.DefaultConfigurableFileCollection.lambda$calculateFinalizedValue$0(DefaultConfigurableFileCollection.java:415)
	at org.gradle.api.internal.file.collections.UnpackingVisitor.add(UnpackingVisitor.java:67)
	at org.gradle.api.internal.file.collections.DefaultConfigurableFileCollection$UnresolvedItemsCollector.visitContents(DefaultConfigurableFileCollection.java:593)
	at org.gradle.api.internal.file.collections.DefaultConfigurableFileCollection.calculateFinalizedValue(DefaultConfigurableFileCollection.java:415)
	at org.gradle.api.internal.file.collections.DefaultConfigurableFileCollection.finalizeNow(DefaultConfigurableFileCollection.java:120)
	at org.gradle.api.internal.file.collections.DefaultConfigurableFileCollection.lambda$visitChildren$1(DefaultConfigurableFileCollection.java:439)
	at org.gradle.api.internal.provider.ValueState.finalizeOnReadIfNeeded(ValueState.java:123)
	at org.gradle.api.internal.file.collections.DefaultConfigurableFileCollection.visitChildren(DefaultConfigurableFileCollection.java:439)
	at org.gradle.api.internal.file.CompositeFileCollection.visitContents(CompositeFileCollection.java:113)
	at org.gradle.api.internal.file.AbstractFileCollection.visitStructure(AbstractFileCollection.java:361)
	at org.gradle.api.internal.file.CompositeFileCollection.lambda$visitContents$0(CompositeFileCollection.java:113)
	at org.gradle.api.internal.file.collections.UnpackingVisitor.add(UnpackingVisitor.java:67)
	at org.gradle.api.internal.file.collections.UnpackingVisitor.add(UnpackingVisitor.java:92)
	at org.gradle.api.internal.file.DefaultFileCollectionFactory$ResolvingFileCollection.visitChildren(DefaultFileCollectionFactory.java:285)
	at org.gradle.api.internal.file.CompositeFileCollection.visitContents(CompositeFileCollection.java:113)
	at org.gradle.api.internal.file.AbstractFileCollection.visitStructure(AbstractFileCollection.java:361)
	at org.gradle.api.internal.file.CompositeFileCollection.lambda$visitContents$0(CompositeFileCollection.java:113)
	at org.gradle.api.internal.tasks.PropertyFileCollection.visitChildren(PropertyFileCollection.java:48)
	at org.gradle.api.internal.file.CompositeFileCollection.visitContents(CompositeFileCollection.java:113)
	at org.gradle.api.internal.file.AbstractFileCollection.visitStructure(AbstractFileCollection.java:361)
	at org.gradle.internal.fingerprint.impl.DefaultFileCollectionSnapshotter.snapshot(DefaultFileCollectionSnapshotter.java:47)
	at org.gradle.internal.execution.impl.DefaultInputFingerprinter$InputCollectingVisitor.visitInputFileProperty(DefaultInputFingerprinter.java:133)
	at org.gradle.api.internal.tasks.execution.TaskExecution.visitRegularInputs(TaskExecution.java:324)
	at org.gradle.internal.execution.impl.DefaultInputFingerprinter.fingerprintInputProperties(DefaultInputFingerprinter.java:63)
	at org.gradle.internal.execution.steps.AbstractCaptureStateBeforeExecutionStep.captureExecutionStateWithOutputs(AbstractCaptureStateBeforeExecutionStep.java:109)
	at org.gradle.internal.execution.steps.AbstractCaptureStateBeforeExecutionStep.lambda$captureExecutionState$0(AbstractCaptureStateBeforeExecutionStep.java:74)
	at org.gradle.internal.execution.steps.BuildOperationStep$1.call(BuildOperationStep.java:37)
	at org.gradle.internal.operations.DefaultBuildOperationRunner$CallableBuildOperationWorker.execute(DefaultBuildOperationRunner.java:200)
	at org.gradle.internal.operations.DefaultBuildOperationRunner$CallableBuildOperationWorker.execute(DefaultBuildOperationRunner.java:195)
	at org.gradle.internal.operations.DefaultBuildOperationRunner$2.execute(DefaultBuildOperationRunner.java:66)
	at org.gradle.internal.operations.DefaultBuildOperationRunner$2.execute(DefaultBuildOperationRunner.java:59)
	at org.gradle.internal.operations.DefaultBuildOperationRunner.execute(DefaultBuildOperationRunner.java:157)
	at org.gradle.internal.operations.DefaultBuildOperationRunner.execute(DefaultBuildOperationRunner.java:59)
	at org.gradle.internal.operations.DefaultBuildOperationRunner.call(DefaultBuildOperationRunner.java:53)
	at org.gradle.internal.operations.DefaultBuildOperationExecutor.call(DefaultBuildOperationExecutor.java:73)
	at org.gradle.internal.execution.steps.BuildOperationStep.operation(BuildOperationStep.java:34)
	at org.gradle.internal.execution.steps.AbstractCaptureStateBeforeExecutionStep.captureExecutionState(AbstractCaptureStateBeforeExecutionStep.java:69)
	at org.gradle.internal.execution.steps.AbstractCaptureStateBeforeExecutionStep.execute(AbstractCaptureStateBeforeExecutionStep.java:62)
	at org.gradle.internal.execution.steps.AbstractCaptureStateBeforeExecutionStep.execute(AbstractCaptureStateBeforeExecutionStep.java:43)
	at org.gradle.internal.execution.steps.AbstractSkipEmptyWorkStep.executeWithNonEmptySources(AbstractSkipEmptyWorkStep.java:125)
	at org.gradle.internal.execution.steps.AbstractSkipEmptyWorkStep.execute(AbstractSkipEmptyWorkStep.java:56)
	at org.gradle.internal.execution.steps.AbstractSkipEmptyWorkStep.execute(AbstractSkipEmptyWorkStep.java:36)
	at org.gradle.internal.execution.steps.legacy.MarkSnapshottingInputsStartedStep.execute(MarkSnapshottingInputsStartedStep.java:38)
	at org.gradle.internal.execution.steps.LoadPreviousExecutionStateStep.execute(LoadPreviousExecutionStateStep.java:36)
	at org.gradle.internal.execution.steps.LoadPreviousExecutionStateStep.execute(LoadPreviousExecutionStateStep.java:23)
	at org.gradle.internal.execution.steps.HandleStaleOutputsStep.execute(HandleStaleOutputsStep.java:75)
	at org.gradle.internal.execution.steps.HandleStaleOutputsStep.execute(HandleStaleOutputsStep.java:41)
	at org.gradle.internal.execution.steps.AssignMutableWorkspaceStep.lambda$execute$0(AssignMutableWorkspaceStep.java:35)
	at org.gradle.api.internal.tasks.execution.TaskExecution$4.withWorkspace(TaskExecution.java:289)
	at org.gradle.internal.execution.steps.AssignMutableWorkspaceStep.execute(AssignMutableWorkspaceStep.java:31)
	at org.gradle.internal.execution.steps.AssignMutableWorkspaceStep.execute(AssignMutableWorkspaceStep.java:22)
	at org.gradle.internal.execution.steps.ChoosePipelineStep.execute(ChoosePipelineStep.java:40)
	at org.gradle.internal.execution.steps.ChoosePipelineStep.execute(ChoosePipelineStep.java:23)
	at org.gradle.internal.execution.steps.ExecuteWorkBuildOperationFiringStep.lambda$execute$2(ExecuteWorkBuildOperationFiringStep.java:67)
	at org.gradle.internal.execution.steps.ExecuteWorkBuildOperationFiringStep.execute(ExecuteWorkBuildOperationFiringStep.java:67)
	at org.gradle.internal.execution.steps.ExecuteWorkBuildOperationFiringStep.execute(ExecuteWorkBuildOperationFiringStep.java:39)
	at org.gradle.internal.execution.steps.IdentityCacheStep.execute(IdentityCacheStep.java:46)
	at org.gradle.internal.execution.steps.IdentityCacheStep.execute(IdentityCacheStep.java:34)
	at org.gradle.internal.execution.steps.IdentifyStep.execute(IdentifyStep.java:48)
	at org.gradle.internal.execution.steps.IdentifyStep.execute(IdentifyStep.java:35)
	at org.gradle.internal.execution.impl.DefaultExecutionEngine$1.execute(DefaultExecutionEngine.java:61)
	at org.gradle.api.internal.tasks.execution.ExecuteActionsTaskExecuter.executeIfValid(ExecuteActionsTaskExecuter.java:127)
	at org.gradle.api.internal.tasks.execution.ExecuteActionsTaskExecuter.execute(ExecuteActionsTaskExecuter.java:116)
	at org.gradle.api.internal.tasks.execution.FinalizePropertiesTaskExecuter.execute(FinalizePropertiesTaskExecuter.java:46)
	at org.gradle.api.internal.tasks.execution.ResolveTaskExecutionModeExecuter.execute(ResolveTaskExecutionModeExecuter.java:51)
	at org.gradle.api.internal.tasks.execution.SkipTaskWithNoActionsExecuter.execute(SkipTaskWithNoActionsExecuter.java:57)
	at org.gradle.api.internal.tasks.execution.SkipOnlyIfTaskExecuter.execute(SkipOnlyIfTaskExecuter.java:74)
	at org.gradle.api.internal.tasks.execution.CatchExceptionTaskExecuter.execute(CatchExceptionTaskExecuter.java:36)
	at org.gradle.api.internal.tasks.execution.EventFiringTaskExecuter$1.executeTask(EventFiringTaskExecuter.java:77)
	at org.gradle.api.internal.tasks.execution.EventFiringTaskExecuter$1.call(EventFiringTaskExecuter.java:55)
	at org.gradle.api.internal.tasks.execution.EventFiringTaskExecuter$1.call(EventFiringTaskExecuter.java:52)
	at org.gradle.internal.operations.DefaultBuildOperationRunner$CallableBuildOperationWorker.execute(DefaultBuildOperationRunner.java:200)
	at org.gradle.internal.operations.DefaultBuildOperationRunner$CallableBuildOperationWorker.execute(DefaultBuildOperationRunner.java:195)
	at org.gradle.internal.operations.DefaultBuildOperationRunner$2.execute(DefaultBuildOperationRunner.java:66)
	at org.gradle.internal.operations.DefaultBuildOperationRunner$2.execute(DefaultBuildOperationRunner.java:59)
	at org.gradle.internal.operations.DefaultBuildOperationRunner.execute(DefaultBuildOperationRunner.java:157)
	at org.gradle.internal.operations.DefaultBuildOperationRunner.execute(DefaultBuildOperationRunner.java:59)
	at org.gradle.internal.operations.DefaultBuildOperationRunner.call(DefaultBuildOperationRunner.java:53)
	at org.gradle.internal.operations.DefaultBuildOperationExecutor.call(DefaultBuildOperationExecutor.java:73)
	at org.gradle.api.internal.tasks.execution.EventFiringTaskExecuter.execute(EventFiringTaskExecuter.java:52)
	at org.gradle.execution.plan.LocalTaskNodeExecutor.execute(LocalTaskNodeExecutor.java:42)
	at org.gradle.execution.taskgraph.DefaultTaskExecutionGraph$InvokeNodeExecutorsAction.execute(DefaultTaskExecutionGraph.java:331)
	at org.gradle.execution.taskgraph.DefaultTaskExecutionGraph$InvokeNodeExecutorsAction.execute(DefaultTaskExecutionGraph.java:318)
	at org.gradle.execution.taskgraph.DefaultTaskExecutionGraph$BuildOperationAwareExecutionAction.lambda$execute$0(DefaultTaskExecutionGraph.java:314)
	at org.gradle.internal.operations.CurrentBuildOperationRef.with(CurrentBuildOperationRef.java:80)
	at org.gradle.execution.taskgraph.DefaultTaskExecutionGraph$BuildOperationAwareExecutionAction.execute(DefaultTaskExecutionGraph.java:314)
	at org.gradle.execution.taskgraph.DefaultTaskExecutionGraph$BuildOperationAwareExecutionAction.execute(DefaultTaskExecutionGraph.java:303)
	at org.gradle.execution.plan.DefaultPlanExecutor$ExecutorWorker.execute(DefaultPlanExecutor.java:463)
	at org.gradle.execution.plan.DefaultPlanExecutor$ExecutorWorker.run(DefaultPlanExecutor.java:380)
	at org.gradle.execution.plan.DefaultPlanExecutor.process(DefaultPlanExecutor.java:116)
	at org.gradle.execution.taskgraph.DefaultTaskExecutionGraph.executeWithServices(DefaultTaskExecutionGraph.java:138)
	at org.gradle.execution.taskgraph.DefaultTaskExecutionGraph.execute(DefaultTaskExecutionGraph.java:123)
	at org.gradle.execution.SelectedTaskExecutionAction.execute(SelectedTaskExecutionAction.java:35)
	at org.gradle.execution.DryRunBuildExecutionAction.execute(DryRunBuildExecutionAction.java:51)
	at org.gradle.execution.BuildOperationFiringBuildWorkerExecutor$ExecuteTasks.call(BuildOperationFiringBuildWorkerExecutor.java:54)
	at org.gradle.execution.BuildOperationFiringBuildWorkerExecutor$ExecuteTasks.call(BuildOperationFiringBuildWorkerExecutor.java:43)
	at org.gradle.internal.operations.DefaultBuildOperationRunner$CallableBuildOperationWorker.execute(DefaultBuildOperationRunner.java:200)
	at org.gradle.internal.operations.DefaultBuildOperationRunner$CallableBuildOperationWorker.execute(DefaultBuildOperationRunner.java:195)
	at org.gradle.internal.operations.DefaultBuildOperationRunner$2.execute(DefaultBuildOperationRunner.java:66)
	at org.gradle.internal.operations.DefaultBuildOperationRunner$2.execute(DefaultBuildOperationRunner.java:59)
	at org.gradle.internal.operations.DefaultBuildOperationRunner.execute(DefaultBuildOperationRunner.java:157)
	at org.gradle.internal.operations.DefaultBuildOperationRunner.execute(DefaultBuildOperationRunner.java:59)
	at org.gradle.internal.operations.DefaultBuildOperationRunner.call(DefaultBuildOperationRunner.java:53)
	at org.gradle.internal.operations.DefaultBuildOperationExecutor.call(DefaultBuildOperationExecutor.java:73)
	at org.gradle.execution.BuildOperationFiringBuildWorkerExecutor.execute(BuildOperationFiringBuildWorkerExecutor.java:40)
	at org.gradle.internal.build.DefaultBuildLifecycleController.lambda$executeTasks$10(DefaultBuildLifecycleController.java:313)
	at org.gradle.internal.model.StateTransitionController.doTransition(StateTransitionController.java:266)
	at org.gradle.internal.model.StateTransitionController.lambda$tryTransition$8(StateTransitionController.java:177)
	at org.gradle.internal.work.DefaultSynchronizer.withLock(DefaultSynchronizer.java:44)
	at org.gradle.internal.model.StateTransitionController.tryTransition(StateTransitionController.java:177)
	at org.gradle.internal.build.DefaultBuildLifecycleController.executeTasks(DefaultBuildLifecycleController.java:304)
	at org.gradle.internal.build.DefaultBuildWorkGraphController$DefaultBuildWorkGraph.runWork(DefaultBuildWorkGraphController.java:220)
	at org.gradle.internal.work.DefaultWorkerLeaseService.withLocks(DefaultWorkerLeaseService.java:264)
	at org.gradle.internal.work.DefaultWorkerLeaseService.runAsWorkerThread(DefaultWorkerLeaseService.java:128)
	at org.gradle.composite.internal.DefaultBuildController.doRun(DefaultBuildController.java:181)
	at org.gradle.composite.internal.DefaultBuildController.access$000(DefaultBuildController.java:50)
	at org.gradle.composite.internal.DefaultBuildController$BuildOpRunnable.lambda$run$0(DefaultBuildController.java:198)
	at org.gradle.internal.operations.CurrentBuildOperationRef.with(CurrentBuildOperationRef.java:80)
	at org.gradle.composite.internal.DefaultBuildController$BuildOpRunnable.run(DefaultBuildController.java:198)
	at org.gradle.internal.concurrent.ExecutorPolicy$CatchAndRecordFailures.onExecute(ExecutorPolicy.java:64)
	at org.gradle.internal.concurrent.AbstractManagedExecutor$1.run(AbstractManagedExecutor.java:47)
Cause 1: org.gradle.api.internal.artifacts.transform.TransformException: Failed to transform appcompat-1.7.0.aar (androidx.appcompat:appcompat:1.7.0) to match attributes {artifactType=android-compiled-dependencies-resources, org.gradle.category=library, org.gradle.dependency.bundling=external, org.gradle.libraryelements=aar, org.gradle.status=release, org.gradle.usage=java-runtime}.
	at org.gradle.api.internal.artifacts.transform.TransformingAsyncArtifactListener$TransformedArtifact.lambda$visit$4(TransformingAsyncArtifactListener.java:243)
	at org.gradle.internal.Try$Failure.ifSuccessfulOrElse(Try.java:282)
	at org.gradle.api.internal.artifacts.transform.TransformingAsyncArtifactListener$TransformedArtifact.visit(TransformingAsyncArtifactListener.java:235)
	at org.gradle.api.internal.artifacts.ivyservice.resolveengine.artifact.ParallelResolveArtifactSet$VisitingSet$StartVisitAction.visitResults(ParallelResolveArtifactSet.java:100)
	at org.gradle.api.internal.artifacts.ivyservice.resolveengine.artifact.ParallelResolveArtifactSet$VisitingSet.visit(ParallelResolveArtifactSet.java:69)
	at org.gradle.api.internal.artifacts.ivyservice.resolveengine.artifact.ResolvedArtifactSetResolver$1.run(ResolvedArtifactSetResolver.java:61)
	at org.gradle.internal.operations.DefaultBuildOperationRunner$1.execute(DefaultBuildOperationRunner.java:29)
	at org.gradle.internal.operations.DefaultBuildOperationRunner$1.execute(DefaultBuildOperationRunner.java:26)
	at org.gradle.internal.operations.DefaultBuildOperationRunner$2.execute(DefaultBuildOperationRunner.java:66)
	at org.gradle.internal.operations.DefaultBuildOperationRunner$2.execute(DefaultBuildOperationRunner.java:59)
	at org.gradle.internal.operations.DefaultBuildOperationRunner.execute(DefaultBuildOperationRunner.java:157)
	at org.gradle.internal.operations.DefaultBuildOperationRunner.execute(DefaultBuildOperationRunner.java:59)
	at org.gradle.internal.operations.DefaultBuildOperationRunner.run(DefaultBuildOperationRunner.java:47)
	at org.gradle.internal.operations.DefaultBuildOperationExecutor.run(DefaultBuildOperationExecutor.java:68)
	at org.gradle.api.internal.artifacts.ivyservice.resolveengine.artifact.ResolvedArtifactSetResolver.visitArtifacts(ResolvedArtifactSetResolver.java:58)
	at org.gradle.api.internal.artifacts.ivyservice.resolveengine.artifact.ResolvedArtifactSetResolver.lambda$visitInUnmanagedWorkerThread$0(ResolvedArtifactSetResolver.java:54)
	at org.gradle.internal.work.DefaultWorkerLeaseService.runAsUnmanagedWorkerThread(DefaultWorkerLeaseService.java:140)
	at org.gradle.api.internal.artifacts.ivyservice.resolveengine.artifact.ResolvedArtifactSetResolver.visitInUnmanagedWorkerThread(ResolvedArtifactSetResolver.java:54)
	at org.gradle.api.internal.artifacts.ivyservice.resolveengine.artifact.DefaultSelectedArtifactSet.visitArtifacts(DefaultSelectedArtifactSet.java:59)
	at org.gradle.api.internal.artifacts.ivyservice.resolveengine.artifact.SelectedArtifactSet.visitFiles(SelectedArtifactSet.java:34)
	at org.gradle.api.internal.artifacts.configurations.ResolutionBackedFileCollection.visitContents(ResolutionBackedFileCollection.java:73)
	at org.gradle.api.internal.file.AbstractFileCollection.visitStructure(AbstractFileCollection.java:361)
	at org.gradle.api.internal.file.collections.DefaultConfigurableFileCollection.lambda$calculateFinalizedValue$0(DefaultConfigurableFileCollection.java:415)
	at org.gradle.api.internal.file.collections.UnpackingVisitor.add(UnpackingVisitor.java:67)
	at org.gradle.api.internal.file.collections.DefaultConfigurableFileCollection$UnresolvedItemsCollector.visitContents(DefaultConfigurableFileCollection.java:593)
	at org.gradle.api.internal.file.collections.DefaultConfigurableFileCollection.calculateFinalizedValue(DefaultConfigurableFileCollection.java:415)
	at org.gradle.api.internal.file.collections.DefaultConfigurableFileCollection.finalizeNow(DefaultConfigurableFileCollection.java:120)
	at org.gradle.api.internal.file.collections.DefaultConfigurableFileCollection.lambda$visitChildren$1(DefaultConfigurableFileCollection.java:439)
	at org.gradle.api.internal.provider.ValueState.finalizeOnReadIfNeeded(ValueState.java:123)
	at org.gradle.api.internal.file.collections.DefaultConfigurableFileCollection.visitChildren(DefaultConfigurableFileCollection.java:439)
	at org.gradle.api.internal.file.CompositeFileCollection.visitContents(CompositeFileCollection.java:113)
	at org.gradle.api.internal.file.AbstractFileCollection.visitStructure(AbstractFileCollection.java:361)
	at org.gradle.api.internal.file.CompositeFileCollection.lambda$visitContents$0(CompositeFileCollection.java:113)
	at org.gradle.api.internal.file.collections.UnpackingVisitor.add(UnpackingVisitor.java:67)
	at org.gradle.api.internal.file.collections.UnpackingVisitor.add(UnpackingVisitor.java:92)
	at org.gradle.api.internal.file.DefaultFileCollectionFactory$ResolvingFileCollection.visitChildren(DefaultFileCollectionFactory.java:285)
	at org.gradle.api.internal.file.CompositeFileCollection.visitContents(CompositeFileCollection.java:113)
	at org.gradle.api.internal.file.AbstractFileCollection.visitStructure(AbstractFileCollection.java:361)
	at org.gradle.api.internal.file.CompositeFileCollection.lambda$visitContents$0(CompositeFileCollection.java:113)
	at org.gradle.api.internal.tasks.PropertyFileCollection.visitChildren(PropertyFileCollection.java:48)
	at org.gradle.api.internal.file.CompositeFileCollection.visitContents(CompositeFileCollection.java:113)
	at org.gradle.api.internal.file.AbstractFileCollection.visitStructure(AbstractFileCollection.java:361)
	at org.gradle.internal.fingerprint.impl.DefaultFileCollectionSnapshotter.snapshot(DefaultFileCollectionSnapshotter.java:47)
	at org.gradle.internal.execution.impl.DefaultInputFingerprinter$InputCollectingVisitor.visitInputFileProperty(DefaultInputFingerprinter.java:133)
	at org.gradle.api.internal.tasks.execution.TaskExecution.visitRegularInputs(TaskExecution.java:324)
	at org.gradle.internal.execution.impl.DefaultInputFingerprinter.fingerprintInputProperties(DefaultInputFingerprinter.java:63)
	at org.gradle.internal.execution.steps.AbstractCaptureStateBeforeExecutionStep.captureExecutionStateWithOutputs(AbstractCaptureStateBeforeExecutionStep.java:109)
	at org.gradle.internal.execution.steps.AbstractCaptureStateBeforeExecutionStep.lambda$captureExecutionState$0(AbstractCaptureStateBeforeExecutionStep.java:74)
	at org.gradle.internal.execution.steps.BuildOperationStep$1.call(BuildOperationStep.java:37)
	at org.gradle.internal.operations.DefaultBuildOperationRunner$CallableBuildOperationWorker.execute(DefaultBuildOperationRunner.java:200)
	at org.gradle.internal.operations.DefaultBuildOperationRunner$CallableBuildOperationWorker.execute(DefaultBuildOperationRunner.java:195)
	at org.gradle.internal.operations.DefaultBuildOperationRunner$2.execute(DefaultBuildOperationRunner.java:66)
	at org.gradle.internal.operations.DefaultBuildOperationRunner$2.execute(DefaultBuildOperationRunner.java:59)
	at org.gradle.internal.operations.DefaultBuildOperationRunner.execute(DefaultBuildOperationRunner.java:157)
	at org.gradle.internal.operations.DefaultBuildOperationRunner.execute(DefaultBuildOperationRunner.java:59)
	at org.gradle.internal.operations.DefaultBuildOperationRunner.call(DefaultBuildOperationRunner.java:53)
	at org.gradle.internal.operations.DefaultBuildOperationExecutor.call(DefaultBuildOperationExecutor.java:73)
	at org.gradle.internal.execution.steps.BuildOperationStep.operation(BuildOperationStep.java:34)
	at org.gradle.internal.execution.steps.AbstractCaptureStateBeforeExecutionStep.captureExecutionState(AbstractCaptureStateBeforeExecutionStep.java:69)
	at org.gradle.internal.execution.steps.AbstractCaptureStateBeforeExecutionStep.execute(AbstractCaptureStateBeforeExecutionStep.java:62)
	at org.gradle.internal.execution.steps.AbstractCaptureStateBeforeExecutionStep.execute(AbstractCaptureStateBeforeExecutionStep.java:43)
	at org.gradle.internal.execution.steps.AbstractSkipEmptyWorkStep.executeWithNonEmptySources(AbstractSkipEmptyWorkStep.java:125)
	at org.gradle.internal.execution.steps.AbstractSkipEmptyWorkStep.execute(AbstractSkipEmptyWorkStep.java:56)
	at org.gradle.internal.execution.steps.AbstractSkipEmptyWorkStep.execute(AbstractSkipEmptyWorkStep.java:36)
	at org.gradle.internal.execution.steps.legacy.MarkSnapshottingInputsStartedStep.execute(MarkSnapshottingInputsStartedStep.java:38)
	at org.gradle.internal.execution.steps.LoadPreviousExecutionStateStep.execute(LoadPreviousExecutionStateStep.java:36)
	at org.gradle.internal.execution.steps.LoadPreviousExecutionStateStep.execute(LoadPreviousExecutionStateStep.java:23)
	at org.gradle.internal.execution.steps.HandleStaleOutputsStep.execute(HandleStaleOutputsStep.java:75)
	at org.gradle.internal.execution.steps.HandleStaleOutputsStep.execute(HandleStaleOutputsStep.java:41)
	at org.gradle.internal.execution.steps.AssignMutableWorkspaceStep.lambda$execute$0(AssignMutableWorkspaceStep.java:35)
	at org.gradle.api.internal.tasks.execution.TaskExecution$4.withWorkspace(TaskExecution.java:289)
	at org.gradle.internal.execution.steps.AssignMutableWorkspaceStep.execute(AssignMutableWorkspaceStep.java:31)
	at org.gradle.internal.execution.steps.AssignMutableWorkspaceStep.execute(AssignMutableWorkspaceStep.java:22)
	at org.gradle.internal.execution.steps.ChoosePipelineStep.execute(ChoosePipelineStep.java:40)
	at org.gradle.internal.execution.steps.ChoosePipelineStep.execute(ChoosePipelineStep.java:23)
	at org.gradle.internal.execution.steps.ExecuteWorkBuildOperationFiringStep.lambda$execute$2(ExecuteWorkBuildOperationFiringStep.java:67)
	at org.gradle.internal.execution.steps.ExecuteWorkBuildOperationFiringStep.execute(ExecuteWorkBuildOperationFiringStep.java:67)
	at org.gradle.internal.execution.steps.ExecuteWorkBuildOperationFiringStep.execute(ExecuteWorkBuildOperationFiringStep.java:39)
	at org.gradle.internal.execution.steps.IdentityCacheStep.execute(IdentityCacheStep.java:46)
	at org.gradle.internal.execution.steps.IdentityCacheStep.execute(IdentityCacheStep.java:34)
	at org.gradle.internal.execution.steps.IdentifyStep.execute(IdentifyStep.java:48)
	at org.gradle.internal.execution.steps.IdentifyStep.execute(IdentifyStep.java:35)
	at org.gradle.internal.execution.impl.DefaultExecutionEngine$1.execute(DefaultExecutionEngine.java:61)
	at org.gradle.api.internal.tasks.execution.ExecuteActionsTaskExecuter.executeIfValid(ExecuteActionsTaskExecuter.java:127)
	at org.gradle.api.internal.tasks.execution.ExecuteActionsTaskExecuter.execute(ExecuteActionsTaskExecuter.java:116)
	at org.gradle.api.internal.tasks.execution.FinalizePropertiesTaskExecuter.execute(FinalizePropertiesTaskExecuter.java:46)
	at org.gradle.api.internal.tasks.execution.ResolveTaskExecutionModeExecuter.execute(ResolveTaskExecutionModeExecuter.java:51)
	at org.gradle.api.internal.tasks.execution.SkipTaskWithNoActionsExecuter.execute(SkipTaskWithNoActionsExecuter.java:57)
	at org.gradle.api.internal.tasks.execution.SkipOnlyIfTaskExecuter.execute(SkipOnlyIfTaskExecuter.java:74)
	at org.gradle.api.internal.tasks.execution.CatchExceptionTaskExecuter.execute(CatchExceptionTaskExecuter.java:36)
	at org.gradle.api.internal.tasks.execution.EventFiringTaskExecuter$1.executeTask(EventFiringTaskExecuter.java:77)
	at org.gradle.api.internal.tasks.execution.EventFiringTaskExecuter$1.call(EventFiringTaskExecuter.java:55)
	at org.gradle.api.internal.tasks.execution.EventFiringTaskExecuter$1.call(EventFiringTaskExecuter.java:52)
	at org.gradle.internal.operations.DefaultBuildOperationRunner$CallableBuildOperationWorker.execute(DefaultBuildOperationRunner.java:200)
	at org.gradle.internal.operations.DefaultBuildOperationRunner$CallableBuildOperationWorker.execute(DefaultBuildOperationRunner.java:195)
	at org.gradle.internal.operations.DefaultBuildOperationRunner$2.execute(DefaultBuildOperationRunner.java:66)
	at org.gradle.internal.operations.DefaultBuildOperationRunner$2.execute(DefaultBuildOperationRunner.java:59)
	at org.gradle.internal.operations.DefaultBuildOperationRunner.execute(DefaultBuildOperationRunner.java:157)
	at org.gradle.internal.operations.DefaultBuildOperationRunner.execute(DefaultBuildOperationRunner.java:59)
	at org.gradle.internal.operations.DefaultBuildOperationRunner.call(DefaultBuildOperationRunner.java:53)
	at org.gradle.internal.operations.DefaultBuildOperationExecutor.call(DefaultBuildOperationExecutor.java:73)
	at org.gradle.api.internal.tasks.execution.EventFiringTaskExecuter.execute(EventFiringTaskExecuter.java:52)
	at org.gradle.execution.plan.LocalTaskNodeExecutor.execute(LocalTaskNodeExecutor.java:42)
	at org.gradle.execution.taskgraph.DefaultTaskExecutionGraph$InvokeNodeExecutorsAction.execute(DefaultTaskExecutionGraph.java:331)
	at org.gradle.execution.taskgraph.DefaultTaskExecutionGraph$InvokeNodeExecutorsAction.execute(DefaultTaskExecutionGraph.java:318)
	at org.gradle.execution.taskgraph.DefaultTaskExecutionGraph$BuildOperationAwareExecutionAction.lambda$execute$0(DefaultTaskExecutionGraph.java:314)
	at org.gradle.internal.operations.CurrentBuildOperationRef.with(CurrentBuildOperationRef.java:80)
	at org.gradle.execution.taskgraph.DefaultTaskExecutionGraph$BuildOperationAwareExecutionAction.execute(DefaultTaskExecutionGraph.java:314)
	at org.gradle.execution.taskgraph.DefaultTaskExecutionGraph$BuildOperationAwareExecutionAction.execute(DefaultTaskExecutionGraph.java:303)
	at org.gradle.execution.plan.DefaultPlanExecutor$ExecutorWorker.execute(DefaultPlanExecutor.java:463)
	at org.gradle.execution.plan.DefaultPlanExecutor$ExecutorWorker.run(DefaultPlanExecutor.java:380)
	at org.gradle.execution.plan.DefaultPlanExecutor.process(DefaultPlanExecutor.java:116)
	at org.gradle.execution.taskgraph.DefaultTaskExecutionGraph.executeWithServices(DefaultTaskExecutionGraph.java:138)
	at org.gradle.execution.taskgraph.DefaultTaskExecutionGraph.execute(DefaultTaskExecutionGraph.java:123)
	at org.gradle.execution.SelectedTaskExecutionAction.execute(SelectedTaskExecutionAction.java:35)
	at org.gradle.execution.DryRunBuildExecutionAction.execute(DryRunBuildExecutionAction.java:51)
	at org.gradle.execution.BuildOperationFiringBuildWorkerExecutor$ExecuteTasks.call(BuildOperationFiringBuildWorkerExecutor.java:54)
	at org.gradle.execution.BuildOperationFiringBuildWorkerExecutor$ExecuteTasks.call(BuildOperationFiringBuildWorkerExecutor.java:43)
	at org.gradle.internal.operations.DefaultBuildOperationRunner$CallableBuildOperationWorker.execute(DefaultBuildOperationRunner.java:200)
	at org.gradle.internal.operations.DefaultBuildOperationRunner$CallableBuildOperationWorker.execute(DefaultBuildOperationRunner.java:195)
	at org.gradle.internal.operations.DefaultBuildOperationRunner$2.execute(DefaultBuildOperationRunner.java:66)
	at org.gradle.internal.operations.DefaultBuildOperationRunner$2.execute(DefaultBuildOperationRunner.java:59)
	at org.gradle.internal.operations.DefaultBuildOperationRunner.execute(DefaultBuildOperationRunner.java:157)
	at org.gradle.internal.operations.DefaultBuildOperationRunner.execute(DefaultBuildOperationRunner.java:59)
	at org.gradle.internal.operations.DefaultBuildOperationRunner.call(DefaultBuildOperationRunner.java:53)
	at org.gradle.internal.operations.DefaultBuildOperationExecutor.call(DefaultBuildOperationExecutor.java:73)
	at org.gradle.execution.BuildOperationFiringBuildWorkerExecutor.execute(BuildOperationFiringBuildWorkerExecutor.java:40)
	at org.gradle.internal.build.DefaultBuildLifecycleController.lambda$executeTasks$10(DefaultBuildLifecycleController.java:313)
	at org.gradle.internal.model.StateTransitionController.doTransition(StateTransitionController.java:266)
	at org.gradle.internal.model.StateTransitionController.lambda$tryTransition$8(StateTransitionController.java:177)
	at org.gradle.internal.work.DefaultSynchronizer.withLock(DefaultSynchronizer.java:44)
	at org.gradle.internal.model.StateTransitionController.tryTransition(StateTransitionController.java:177)
	at org.gradle.internal.build.DefaultBuildLifecycleController.executeTasks(DefaultBuildLifecycleController.java:304)
	at org.gradle.internal.build.DefaultBuildWorkGraphController$DefaultBuildWorkGraph.runWork(DefaultBuildWorkGraphController.java:220)
	at org.gradle.internal.work.DefaultWorkerLeaseService.withLocks(DefaultWorkerLeaseService.java:264)
	at org.gradle.internal.work.DefaultWorkerLeaseService.runAsWorkerThread(DefaultWorkerLeaseService.java:128)
	at org.gradle.composite.internal.DefaultBuildController.doRun(DefaultBuildController.java:181)
	at org.gradle.composite.internal.DefaultBuildController.access$000(DefaultBuildController.java:50)
	at org.gradle.composite.internal.DefaultBuildController$BuildOpRunnable.lambda$run$0(DefaultBuildController.java:198)
	at org.gradle.internal.operations.CurrentBuildOperationRef.with(CurrentBuildOperationRef.java:80)
	at org.gradle.composite.internal.DefaultBuildController$BuildOpRunnable.run(DefaultBuildController.java:198)
	at org.gradle.internal.concurrent.ExecutorPolicy$CatchAndRecordFailures.onExecute(ExecutorPolicy.java:64)
	at org.gradle.internal.concurrent.AbstractManagedExecutor$1.run(AbstractManagedExecutor.java:47)
Caused by: org.gradle.api.internal.artifacts.transform.TransformException: Execution failed for AarResourcesCompilerTransform: /root/.gradle/caches/transforms-4/36b3856ba9c7cbbdc36c1fd5fe2a4d44/transformed/appcompat-1.7.0.
	at org.gradle.api.internal.artifacts.transform.DefaultTransformInvocationFactory.lambda$createInvocation$1(DefaultTransformInvocationFactory.java:151)
	at org.gradle.internal.Try$Failure.mapFailure(Try.java:273)
	at org.gradle.api.internal.artifacts.transform.DefaultTransformInvocationFactory.lambda$createInvocation$2(DefaultTransformInvocationFactory.java:151)
	at org.gradle.internal.Deferrable$1.applyAndRequireNonNull(Deferrable.java:63)
	at org.gradle.internal.Deferrable$1.completeAndGet(Deferrable.java:59)
	at org.gradle.internal.Deferrable$1.completeAndGet(Deferrable.java:59)
	at org.gradle.api.internal.artifacts.transform.TransformingAsyncArtifactListener$TransformedArtifact.finalizeValue(TransformingAsyncArtifactListener.java:209)
	at org.gradle.api.internal.artifacts.transform.TransformingAsyncArtifactListener$TransformedArtifact.run(TransformingAsyncArtifactListener.java:147)
	at org.gradle.internal.operations.DefaultBuildOperationRunner$2.execute(DefaultBuildOperationRunner.java:66)
	at org.gradle.internal.operations.DefaultBuildOperationRunner$2.execute(DefaultBuildOperationRunner.java:59)
	at org.gradle.internal.operations.DefaultBuildOperationRunner.execute(DefaultBuildOperationRunner.java:157)
	at org.gradle.internal.operations.DefaultBuildOperationRunner.execute(DefaultBuildOperationRunner.java:59)
	at org.gradle.internal.operations.DefaultBuildOperationExecutor$QueueWorker.execute(DefaultBuildOperationExecutor.java:238)
	at org.gradle.internal.operations.DefaultBuildOperationQueue$WorkerRunnable.runOperation(DefaultBuildOperationQueue.java:272)
	at org.gradle.internal.operations.DefaultBuildOperationQueue$WorkerRunnable.doRunBatch(DefaultBuildOperationQueue.java:253)
	at org.gradle.internal.operations.DefaultBuildOperationQueue$WorkerRunnable.lambda$runBatch$0(DefaultBuildOperationQueue.java:238)
	at org.gradle.internal.resources.AbstractResourceLockRegistry.whileDisallowingLockChanges(AbstractResourceLockRegistry.java:50)
	at org.gradle.internal.work.DefaultWorkerLeaseService.whileDisallowingProjectLockChanges(DefaultWorkerLeaseService.java:236)
	at org.gradle.internal.operations.DefaultBuildOperationQueue$WorkerRunnable.lambda$runBatch$1(DefaultBuildOperationQueue.java:238)
	at org.gradle.internal.work.DefaultWorkerLeaseService.withLocks(DefaultWorkerLeaseService.java:264)
	at org.gradle.internal.work.DefaultWorkerLeaseService.runAsWorkerThread(DefaultWorkerLeaseService.java:128)
	at org.gradle.internal.operations.DefaultBuildOperationQueue$WorkerRunnable.runBatch(DefaultBuildOperationQueue.java:224)
	at org.gradle.internal.operations.DefaultBuildOperationQueue$WorkerRunnable.run(DefaultBuildOperationQueue.java:192)
	... 2 more
Caused by: com.android.builder.internal.aapt.v2.Aapt2InternalException: AAPT2 aapt2-8.5.2-11315950-linux Daemon #1: Daemon startup failed
This should not happen under normal circumstances, please file an issue if it does.
	at com.android.builder.internal.aapt.v2.Aapt2Daemon.handleError(Aapt2Daemon.kt:193)
	at com.android.builder.internal.aapt.v2.Aapt2Daemon.handleError$default(Aapt2Daemon.kt:190)
	at com.android.builder.internal.aapt.v2.Aapt2Daemon.checkStarted(Aapt2Daemon.kt:77)
	at com.android.builder.internal.aapt.v2.Aapt2Daemon.compile(Aapt2Daemon.kt:100)
	at com.android.builder.internal.aapt.v2.Aapt2DaemonManager$LeasedAaptDaemon.compile(Aapt2DaemonManager.kt:170)
	at com.android.builder.internal.aapt.v2.Aapt2DaemonManager$leasingAapt2Daemon$1.compile(Aapt2DaemonManager.kt:195)
	at com.android.build.gradle.internal.services.PartialInProcessResourceProcessor.compile(PartialInProcessResourceProcessor.kt:47)
	at com.android.build.gradle.internal.res.Aapt2CompileRunnableKt.runAapt2Compile(Aapt2CompileRunnable.kt:57)
	at com.android.build.gradle.internal.dependency.AarResourcesCompilerTransform.transform(AarResourcesCompilerTransform.kt:75)
	at org.gradle.api.internal.artifacts.transform.DefaultTransform.transform(DefaultTransform.java:276)
	at org.gradle.api.internal.artifacts.transform.AbstractTransformExecution$2.call(AbstractTransformExecution.java:143)
	at org.gradle.api.internal.artifacts.transform.AbstractTransformExecution$2.call(AbstractTransformExecution.java:137)
	at org.gradle.internal.operations.DefaultBuildOperationRunner$CallableBuildOperationWorker.execute(DefaultBuildOperationRunner.java:200)
	at org.gradle.internal.operations.DefaultBuildOperationRunner$CallableBuildOperationWorker.execute(DefaultBuildOperationRunner.java:195)
	at org.gradle.internal.operations.DefaultBuildOperationRunner$2.execute(DefaultBuildOperationRunner.java:66)
	at org.gradle.internal.operations.DefaultBuildOperationRunner$2.execute(DefaultBuildOperationRunner.java:59)
	at org.gradle.internal.operations.DefaultBuildOperationRunner.execute(DefaultBuildOperationRunner.java:157)
	at org.gradle.internal.operations.DefaultBuildOperationRunner.execute(DefaultBuildOperationRunner.java:59)
	at org.gradle.internal.operations.DefaultBuildOperationRunner.call(DefaultBuildOperationRunner.java:53)
	at org.gradle.internal.operations.DefaultBuildOperationExecutor.call(DefaultBuildOperationExecutor.java:73)
	at org.gradle.api.internal.artifacts.transform.AbstractTransformExecution.executeWithinTransformerListener(AbstractTransformExecution.java:137)
	at org.gradle.api.internal.artifacts.transform.AbstractTransformExecution.execute(AbstractTransformExecution.java:130)
	at org.gradle.internal.execution.steps.ExecuteStep.executeInternal(ExecuteStep.java:105)
	at org.gradle.internal.execution.steps.ExecuteStep.access$000(ExecuteStep.java:44)
	at org.gradle.internal.execution.steps.ExecuteStep$1.call(ExecuteStep.java:59)
	at org.gradle.internal.execution.steps.ExecuteStep$1.call(ExecuteStep.java:56)
	at org.gradle.internal.operations.DefaultBuildOperationRunner$CallableBuildOperationWorker.execute(DefaultBuildOperationRunner.java:200)
	at org.gradle.internal.operations.DefaultBuildOperationRunner$CallableBuildOperationWorker.execute(DefaultBuildOperationRunner.java:195)
	at org.gradle.internal.operations.DefaultBuildOperationRunner$2.execute(DefaultBuildOperationRunner.java:66)
	at org.gradle.internal.operations.DefaultBuildOperationRunner$2.execute(DefaultBuildOperationRunner.java:59)
	at org.gradle.internal.operations.DefaultBuildOperationRunner.execute(DefaultBuildOperationRunner.java:157)
	at org.gradle.internal.operations.DefaultBuildOperationRunner.execute(DefaultBuildOperationRunner.java:59)
	at org.gradle.internal.operations.DefaultBuildOperationRunner.call(DefaultBuildOperationRunner.java:53)
	at org.gradle.internal.operations.DefaultBuildOperationExecutor.call(DefaultBuildOperationExecutor.java:73)
	at org.gradle.internal.execution.steps.ExecuteStep.execute(ExecuteStep.java:56)
	at org.gradle.internal.execution.steps.ExecuteStep.execute(ExecuteStep.java:44)
	at org.gradle.internal.execution.steps.CancelExecutionStep.execute(CancelExecutionStep.java:41)
	at org.gradle.internal.execution.steps.TimeoutStep.executeWithoutTimeout(TimeoutStep.java:74)
	at org.gradle.internal.execution.steps.TimeoutStep.execute(TimeoutStep.java:55)
	at org.gradle.internal.execution.steps.PreCreateOutputParentsStep.execute(PreCreateOutputParentsStep.java:50)
	at org.gradle.internal.execution.steps.PreCreateOutputParentsStep.execute(PreCreateOutputParentsStep.java:28)
	at org.gradle.internal.execution.steps.BroadcastChangingOutputsStep.execute(BroadcastChangingOutputsStep.java:61)
	at org.gradle.internal.execution.steps.BroadcastChangingOutputsStep.execute(BroadcastChangingOutputsStep.java:26)
	at org.gradle.internal.execution.steps.NoInputChangesStep.execute(NoInputChangesStep.java:30)
	at org.gradle.internal.execution.steps.NoInputChangesStep.execute(NoInputChangesStep.java:21)
	at org.gradle.internal.execution.steps.CaptureOutputsAfterExecutionStep.execute(CaptureOutputsAfterExecutionStep.java:67)
	at org.gradle.internal.execution.steps.CaptureOutputsAfterExecutionStep.execute(CaptureOutputsAfterExecutionStep.java:45)
	at org.gradle.internal.execution.steps.BuildCacheStep.executeWithoutCache(BuildCacheStep.java:189)
	at org.gradle.internal.execution.steps.BuildCacheStep.lambda$execute$1(BuildCacheStep.java:75)
	at org.gradle.internal.Either$Right.fold(Either.java:175)
	at org.gradle.internal.execution.caching.CachingState.fold(CachingState.java:62)
	at org.gradle.internal.execution.steps.BuildCacheStep.execute(BuildCacheStep.java:73)
	at org.gradle.internal.execution.steps.BuildCacheStep.execute(BuildCacheStep.java:48)
	at org.gradle.internal.execution.steps.NeverUpToDateStep.execute(NeverUpToDateStep.java:34)
	at org.gradle.internal.execution.steps.NeverUpToDateStep.execute(NeverUpToDateStep.java:22)
	at org.gradle.internal.execution.steps.legacy.MarkSnapshottingInputsFinishedStep.execute(MarkSnapshottingInputsFinishedStep.java:37)
	at org.gradle.internal.execution.steps.legacy.MarkSnapshottingInputsFinishedStep.execute(MarkSnapshottingInputsFinishedStep.java:27)
	at org.gradle.internal.execution.steps.ResolveNonIncrementalCachingStateStep.executeDelegate(ResolveNonIncrementalCachingStateStep.java:50)
	at org.gradle.internal.execution.steps.AbstractResolveCachingStateStep.execute(AbstractResolveCachingStateStep.java:71)
	at org.gradle.internal.execution.steps.AbstractResolveCachingStateStep.execute(AbstractResolveCachingStateStep.java:39)
	at org.gradle.internal.execution.steps.ValidateStep.execute(ValidateStep.java:106)
	at org.gradle.internal.execution.steps.ValidateStep.execute(ValidateStep.java:55)
	at org.gradle.internal.execution.steps.AbstractCaptureStateBeforeExecutionStep.execute(AbstractCaptureStateBeforeExecutionStep.java:64)
	at org.gradle.internal.execution.steps.AbstractCaptureStateBeforeExecutionStep.execute(AbstractCaptureStateBeforeExecutionStep.java:43)
	at org.gradle.internal.execution.steps.legacy.MarkSnapshottingInputsStartedStep.execute(MarkSnapshottingInputsStartedStep.java:38)
	at org.gradle.internal.execution.steps.AssignImmutableWorkspaceStep.lambda$executeInTemporaryWorkspace$3(AssignImmutableWorkspaceStep.java:209)
	at org.gradle.internal.execution.workspace.impl.CacheBasedImmutableWorkspaceProvider$1.withTemporaryWorkspace(CacheBasedImmutableWorkspaceProvider.java:119)
	at org.gradle.internal.execution.steps.AssignImmutableWorkspaceStep.executeInTemporaryWorkspace(AssignImmutableWorkspaceStep.java:199)
	at org.gradle.internal.execution.steps.AssignImmutableWorkspaceStep.lambda$execute$0(AssignImmutableWorkspaceStep.java:121)
	at org.gradle.internal.execution.steps.AssignImmutableWorkspaceStep.execute(AssignImmutableWorkspaceStep.java:121)
	at org.gradle.internal.execution.steps.AssignImmutableWorkspaceStep.execute(AssignImmutableWorkspaceStep.java:90)
	at org.gradle.internal.execution.steps.ChoosePipelineStep.execute(ChoosePipelineStep.java:38)
	at org.gradle.internal.execution.steps.ChoosePipelineStep.execute(ChoosePipelineStep.java:23)
	at org.gradle.internal.execution.steps.ExecuteWorkBuildOperationFiringStep.lambda$execute$0(ExecuteWorkBuildOperationFiringStep.java:53)
	at org.gradle.internal.execution.steps.BuildOperationStep$1.call(BuildOperationStep.java:37)
	at org.gradle.internal.operations.DefaultBuildOperationRunner$CallableBuildOperationWorker.execute(DefaultBuildOperationRunner.java:200)
	at org.gradle.internal.operations.DefaultBuildOperationRunner$CallableBuildOperationWorker.execute(DefaultBuildOperationRunner.java:195)
	at org.gradle.internal.operations.DefaultBuildOperationRunner$2.execute(DefaultBuildOperationRunner.java:66)
	at org.gradle.internal.operations.DefaultBuildOperationRunner$2.execute(DefaultBuildOperationRunner.java:59)
	at org.gradle.internal.operations.DefaultBuildOperationRunner.execute(DefaultBuildOperationRunner.java:157)
	at org.gradle.internal.operations.DefaultBuildOperationRunner.execute(DefaultBuildOperationRunner.java:59)
	at org.gradle.internal.operations.DefaultBuildOperationRunner.call(DefaultBuildOperationRunner.java:53)
	at org.gradle.internal.operations.DefaultBuildOperationExecutor.call(DefaultBuildOperationExecutor.java:73)
	at org.gradle.internal.execution.steps.BuildOperationStep.operation(BuildOperationStep.java:34)
	at org.gradle.internal.execution.steps.ExecuteWorkBuildOperationFiringStep.lambda$execute$1(ExecuteWorkBuildOperationFiringStep.java:51)
	at org.gradle.internal.execution.steps.ExecuteWorkBuildOperationFiringStep.execute(ExecuteWorkBuildOperationFiringStep.java:51)
	at org.gradle.internal.execution.steps.ExecuteWorkBuildOperationFiringStep.execute(ExecuteWorkBuildOperationFiringStep.java:39)
	at org.gradle.internal.execution.steps.IdentityCacheStep.execute(IdentityCacheStep.java:46)
	at org.gradle.internal.execution.steps.IdentityCacheStep.executeInCache(IdentityCacheStep.java:80)
	at org.gradle.internal.execution.steps.IdentityCacheStep.lambda$executeDeferred$0(IdentityCacheStep.java:60)
	at org.gradle.cache.Cache.lambda$get$0(Cache.java:31)
	at org.gradle.cache.ManualEvictionInMemoryCache.get(ManualEvictionInMemoryCache.java:30)
	at org.gradle.cache.internal.DefaultCrossBuildInMemoryCacheFactory$CrossBuildCacheRetainingDataFromPreviousBuild.get(DefaultCrossBuildInMemoryCacheFactory.java:255)
	at org.gradle.cache.Cache.get(Cache.java:31)
	at org.gradle.internal.execution.steps.IdentityCacheStep.lambda$executeDeferred$1(IdentityCacheStep.java:58)
	at org.gradle.internal.Deferrable$3.completeAndGet(Deferrable.java:117)
	... 21 more
Caused by: java.io.IOException: Cannot run program "/root/.gradle/caches/transforms-4/2bba49eee1d64d073cb89b5f3891cf2c/transformed/aapt2-8.5.2-11315950-linux/aapt2": error=2, No such file or directory
	at org.gradle.internal.classpath.Instrumented.start(Instrumented.java:320)
	at com.android.builder.internal.aapt.v2.Aapt2DaemonImpl.startProcess(Aapt2DaemonImpl.kt:84)
	at com.android.builder.internal.aapt.v2.Aapt2Daemon.checkStarted(Aapt2Daemon.kt:56)
	... 114 more
Caused by: java.io.IOException: error=2, No such file or directory
	... 117 more
Cause 2: org.gradle.api.internal.artifacts.transform.TransformException: Failed to transform core-1.13.1.aar (androidx.core:core:1.13.1) to match attributes {artifactType=android-compiled-dependencies-resources, org.gradle.category=library, org.gradle.dependency.bundling=external, org.gradle.libraryelements=aar, org.gradle.status=release, org.gradle.usage=java-runtime}.
	at org.gradle.api.internal.artifacts.transform.TransformingAsyncArtifactListener$TransformedArtifact.lambda$visit$4(TransformingAsyncArtifactListener.java:243)
	at org.gradle.internal.Try$Failure.ifSuccessfulOrElse(Try.java:282)
	at org.gradle.api.internal.artifacts.transform.TransformingAsyncArtifactListener$TransformedArtifact.visit(TransformingAsyncArtifactListener.java:235)
	at org.gradle.api.internal.artifacts.ivyservice.resolveengine.artifact.ParallelResolveArtifactSet$VisitingSet$StartVisitAction.visitResults(ParallelResolveArtifactSet.java:100)
	at org.gradle.api.internal.artifacts.ivyservice.resolveengine.artifact.ParallelResolveArtifactSet$VisitingSet.visit(ParallelResolveArtifactSet.java:69)
	at org.gradle.api.internal.artifacts.ivyservice.resolveengine.artifact.ResolvedArtifactSetResolver$1.run(ResolvedArtifactSetResolver.java:61)
	at org.gradle.internal.operations.DefaultBuildOperationRunner$1.execute(DefaultBuildOperationRunner.java:29)
	at org.gradle.internal.operations.DefaultBuildOperationRunner$1.execute(DefaultBuildOperationRunner.java:26)
	at org.gradle.internal.operations.DefaultBuildOperationRunner$2.execute(DefaultBuildOperationRunner.java:66)
	at org.gradle.internal.operations.DefaultBuildOperationRunner$2.execute(DefaultBuildOperationRunner.java:59)
	at org.gradle.internal.operations.DefaultBuildOperationRunner.execute(DefaultBuildOperationRunner.java:157)
	at org.gradle.internal.operations.DefaultBuildOperationRunner.execute(DefaultBuildOperationRunner.java:59)
	at org.gradle.internal.operations.DefaultBuildOperationRunner.run(DefaultBuildOperationRunner.java:47)
	at org.gradle.internal.operations.DefaultBuildOperationExecutor.run(DefaultBuildOperationExecutor.java:68)
	at org.gradle.api.internal.artifacts.ivyservice.resolveengine.artifact.ResolvedArtifactSetResolver.visitArtifacts(ResolvedArtifactSetResolver.java:58)
	at org.gradle.api.internal.artifacts.ivyservice.resolveengine.artifact.ResolvedArtifactSetResolver.lambda$visitInUnmanagedWorkerThread$0(ResolvedArtifactSetResolver.java:54)
	at org.gradle.internal.work.DefaultWorkerLeaseService.runAsUnmanagedWorkerThread(DefaultWorkerLeaseService.java:140)
	at org.gradle.api.internal.artifacts.ivyservice.resolveengine.artifact.ResolvedArtifactSetResolver.visitInUnmanagedWorkerThread(ResolvedArtifactSetResolver.java:54)
	at org.gradle.api.internal.artifacts.ivyservice.resolveengine.artifact.DefaultSelectedArtifactSet.visitArtifacts(DefaultSelectedArtifactSet.java:59)
	at org.gradle.api.internal.artifacts.ivyservice.resolveengine.artifact.SelectedArtifactSet.visitFiles(SelectedArtifactSet.java:34)
	at org.gradle.api.internal.artifacts.configurations.ResolutionBackedFileCollection.visitContents(ResolutionBackedFileCollection.java:73)
	at org.gradle.api.internal.file.AbstractFileCollection.visitStructure(AbstractFileCollection.java:361)
	at org.gradle.api.internal.file.collections.DefaultConfigurableFileCollection.lambda$calculateFinalizedValue$0(DefaultConfigurableFileCollection.java:415)
	at org.gradle.api.internal.file.collections.UnpackingVisitor.add(UnpackingVisitor.java:67)
	at org.gradle.api.internal.file.collections.DefaultConfigurableFileCollection$UnresolvedItemsCollector.visitContents(DefaultConfigurableFileCollection.java:593)
	at org.gradle.api.internal.file.collections.DefaultConfigurableFileCollection.calculateFinalizedValue(DefaultConfigurableFileCollection.java:415)
	at org.gradle.api.internal.file.collections.DefaultConfigurableFileCollection.finalizeNow(DefaultConfigurableFileCollection.java:120)
	at org.gradle.api.internal.file.collections.DefaultConfigurableFileCollection.lambda$visitChildren$1(DefaultConfigurableFileCollection.java:439)
	at org.gradle.api.internal.provider.ValueState.finalizeOnReadIfNeeded(ValueState.java:123)
	at org.gradle.api.internal.file.collections.DefaultConfigurableFileCollection.visitChildren(DefaultConfigurableFileCollection.java:439)
	at org.gradle.api.internal.file.CompositeFileCollection.visitContents(CompositeFileCollection.java:113)
	at org.gradle.api.internal.file.AbstractFileCollection.visitStructure(AbstractFileCollection.java:361)
	at org.gradle.api.internal.file.CompositeFileCollection.lambda$visitContents$0(CompositeFileCollection.java:113)
	at org.gradle.api.internal.file.collections.UnpackingVisitor.add(UnpackingVisitor.java:67)
	at org.gradle.api.internal.file.collections.UnpackingVisitor.add(UnpackingVisitor.java:92)
	at org.gradle.api.internal.file.DefaultFileCollectionFactory$ResolvingFileCollection.visitChildren(DefaultFileCollectionFactory.java:285)
	at org.gradle.api.internal.file.CompositeFileCollection.visitContents(CompositeFileCollection.java:113)
	at org.gradle.api.internal.file.AbstractFileCollection.visitStructure(AbstractFileCollection.java:361)
	at org.gradle.api.internal.file.CompositeFileCollection.lambda$visitContents$0(CompositeFileCollection.java:113)
	at org.gradle.api.internal.tasks.PropertyFileCollection.visitChildren(PropertyFileCollection.java:48)
	at org.gradle.api.internal.file.CompositeFileCollection.visitContents(CompositeFileCollection.java:113)
	at org.gradle.api.internal.file.AbstractFileCollection.visitStructure(AbstractFileCollection.java:361)
	at org.gradle.internal.fingerprint.impl.DefaultFileCollectionSnapshotter.snapshot(DefaultFileCollectionSnapshotter.java:47)
	at org.gradle.internal.execution.impl.DefaultInputFingerprinter$InputCollectingVisitor.visitInputFileProperty(DefaultInputFingerprinter.java:133)
	at org.gradle.api.internal.tasks.execution.TaskExecution.visitRegularInputs(TaskExecution.java:324)
	at org.gradle.internal.execution.impl.DefaultInputFingerprinter.fingerprintInputProperties(DefaultInputFingerprinter.java:63)
	at org.gradle.internal.execution.steps.AbstractCaptureStateBeforeExecutionStep.captureExecutionStateWithOutputs(AbstractCaptureStateBeforeExecutionStep.java:109)
	at org.gradle.internal.execution.steps.AbstractCaptureStateBeforeExecutionStep.lambda$captureExecutionState$0(AbstractCaptureStateBeforeExecutionStep.java:74)
	at org.gradle.internal.execution.steps.BuildOperationStep$1.call(BuildOperationStep.java:37)
	at org.gradle.internal.operations.DefaultBuildOperationRunner$CallableBuildOperationWorker.execute(DefaultBuildOperationRunner.java:200)
	at org.gradle.internal.operations.DefaultBuildOperationRunner$CallableBuildOperationWorker.execute(DefaultBuildOperationRunner.java:195)
	at org.gradle.internal.operations.DefaultBuildOperationRunner$2.execute(DefaultBuildOperationRunner.java:66)
	at org.gradle.internal.operations.DefaultBuildOperationRunner$2.execute(DefaultBuildOperationRunner.java:59)
	at org.gradle.internal.operations.DefaultBuildOperationRunner.execute(DefaultBuildOperationRunner.java:157)
	at org.gradle.internal.operations.DefaultBuildOperationRunner.execute(DefaultBuildOperationRunner.java:59)
	at org.gradle.internal.operations.DefaultBuildOperationRunner.call(DefaultBuildOperationRunner.java:53)
	at org.gradle.internal.operations.DefaultBuildOperationExecutor.call(DefaultBuildOperationExecutor.java:73)
	at org.gradle.internal.execution.steps.BuildOperationStep.operation(BuildOperationStep.java:34)
	at org.gradle.internal.execution.steps.AbstractCaptureStateBeforeExecutionStep.captureExecutionState(AbstractCaptureStateBeforeExecutionStep.java:69)
	at org.gradle.internal.execution.steps.AbstractCaptureStateBeforeExecutionStep.execute(AbstractCaptureStateBeforeExecutionStep.java:62)
	at org.gradle.internal.execution.steps.AbstractCaptureStateBeforeExecutionStep.execute(AbstractCaptureStateBeforeExecutionStep.java:43)
	at org.gradle.internal.execution.steps.AbstractSkipEmptyWorkStep.executeWithNonEmptySources(AbstractSkipEmptyWorkStep.java:125)
	at org.gradle.internal.execution.steps.AbstractSkipEmptyWorkStep.execute(AbstractSkipEmptyWorkStep.java:56)
	at org.gradle.internal.execution.steps.AbstractSkipEmptyWorkStep.execute(AbstractSkipEmptyWorkStep.java:36)
	at org.gradle.internal.execution.steps.legacy.MarkSnapshottingInputsStartedStep.execute(MarkSnapshottingInputsStartedStep.java:38)
	at org.gradle.internal.execution.steps.LoadPreviousExecutionStateStep.execute(LoadPreviousExecutionStateStep.java:36)
	at org.gradle.internal.execution.steps.LoadPreviousExecutionStateStep.execute(LoadPreviousExecutionStateStep.java:23)
	at org.gradle.internal.execution.steps.HandleStaleOutputsStep.execute(HandleStaleOutputsStep.java:75)
	at org.gradle.internal.execution.steps.HandleStaleOutputsStep.execute(HandleStaleOutputsStep.java:41)
	at org.gradle.internal.execution.steps.AssignMutableWorkspaceStep.lambda$execute$0(AssignMutableWorkspaceStep.java:35)
	at org.gradle.api.internal.tasks.execution.TaskExecution$4.withWorkspace(TaskExecution.java:289)
	at org.gradle.internal.execution.steps.AssignMutableWorkspaceStep.execute(AssignMutableWorkspaceStep.java:31)
	at org.gradle.internal.execution.steps.AssignMutableWorkspaceStep.execute(AssignMutableWorkspaceStep.java:22)
	at org.gradle.internal.execution.steps.ChoosePipelineStep.execute(ChoosePipelineStep.java:40)
	at org.gradle.internal.execution.steps.ChoosePipelineStep.execute(ChoosePipelineStep.java:23)
	at org.gradle.internal.execution.steps.ExecuteWorkBuildOperationFiringStep.lambda$execute$2(ExecuteWorkBuildOperationFiringStep.java:67)
	at java.base/java.util.Optional.orElseGet(Optional.java:364)
	at org.gradle.internal.execution.steps.ExecuteWorkBuildOperationFiringStep.execute(ExecuteWorkBuildOperationFiringStep.java:67)
	at org.gradle.internal.execution.steps.ExecuteWorkBuildOperationFiringStep.execute(ExecuteWorkBuildOperationFiringStep.java:39)
	at org.gradle.internal.execution.steps.IdentityCacheStep.execute(IdentityCacheStep.java:46)
	at org.gradle.internal.execution.steps.IdentityCacheStep.execute(IdentityCacheStep.java:34)
	at org.gradle.internal.execution.steps.IdentifyStep.execute(IdentifyStep.java:48)
	at org.gradle.internal.execution.steps.IdentifyStep.execute(IdentifyStep.java:35)
	at org.gradle.internal.execution.impl.DefaultExecutionEngine$1.execute(DefaultExecutionEngine.java:61)
	at org.gradle.api.internal.tasks.execution.ExecuteActionsTaskExecuter.executeIfValid(ExecuteActionsTaskExecuter.java:127)
	at org.gradle.api.internal.tasks.execution.ExecuteActionsTaskExecuter.execute(ExecuteActionsTaskExecuter.java:116)
	at org.gradle.api.internal.tasks.execution.FinalizePropertiesTaskExecuter.execute(FinalizePropertiesTaskExecuter.java:46)
	at org.gradle.api.internal.tasks.execution.ResolveTaskExecutionModeExecuter.execute(ResolveTaskExecutionModeExecuter.java:51)
	at org.gradle.api.internal.tasks.execution.SkipTaskWithNoActionsExecuter.execute(SkipTaskWithNoActionsExecuter.java:57)
	at org.gradle.api.internal.tasks.execution.SkipOnlyIfTaskExecuter.execute(SkipOnlyIfTaskExecuter.java:74)
	at org.gradle.api.internal.tasks.execution.CatchExceptionTaskExecuter.execute(CatchExceptionTaskExecuter.java:36)
	at org.gradle.api.internal.tasks.execution.EventFiringTaskExecuter$1.executeTask(EventFiringTaskExecuter.java:77)
	at org.gradle.api.internal.tasks.execution.EventFiringTaskExecuter$1.call(EventFiringTaskExecuter.java:55)
	at org.gradle.api.internal.tasks.execution.EventFiringTaskExecuter$1.call(EventFiringTaskExecuter.java:52)
	at org.gradle.internal.operations.DefaultBuildOperationRunner$CallableBuildOperationWorker.execute(DefaultBuildOperationRunner.java:200)
	at org.gradle.internal.operations.DefaultBuildOperationRunner$CallableBuildOperationWorker.execute(DefaultBuildOperationRunner.java:195)
	at org.gradle.internal.operations.DefaultBuildOperationRunner$2.execute(DefaultBuildOperationRunner.java:66)
	at org.gradle.internal.operations.DefaultBuildOperationRunner$2.execute(DefaultBuildOperationRunner.java:59)
	at org.gradle.internal.operations.DefaultBuildOperationRunner.execute(DefaultBuildOperationRunner.java:157)
	at org.gradle.internal.operations.DefaultBuildOperationRunner.execute(DefaultBuildOperationRunner.java:59)
	at org.gradle.internal.operations.DefaultBuildOperationRunner.call(DefaultBuildOperationRunner.java:53)
	at org.gradle.internal.operations.DefaultBuildOperationExecutor.call(DefaultBuildOperationExecutor.java:73)
	at org.gradle.api.internal.tasks.execution.EventFiringTaskExecuter.execute(EventFiringTaskExecuter.java:52)
	at org.gradle.execution.plan.LocalTaskNodeExecutor.execute(LocalTaskNodeExecutor.java:42)
	at org.gradle.execution.taskgraph.DefaultTaskExecutionGraph$InvokeNodeExecutorsAction.execute(DefaultTaskExecutionGraph.java:331)
	at org.gradle.execution.taskgraph.DefaultTaskExecutionGraph$InvokeNodeExecutorsAction.execute(DefaultTaskExecutionGraph.java:318)
	at org.gradle.execution.taskgraph.DefaultTaskExecutionGraph$BuildOperationAwareExecutionAction.lambda$execute$0(DefaultTaskExecutionGraph.java:314)
	at org.gradle.internal.operations.CurrentBuildOperationRef.with(CurrentBuildOperationRef.java:80)
	at org.gradle.execution.taskgraph.DefaultTaskExecutionGraph$BuildOperationAwareExecutionAction.execute(DefaultTaskExecutionGraph.java:314)
	at org.gradle.execution.taskgraph.DefaultTaskExecutionGraph$BuildOperationAwareExecutionAction.execute(DefaultTaskExecutionGraph.java:303)
	at org.gradle.execution.plan.DefaultPlanExecutor$ExecutorWorker.execute(DefaultPlanExecutor.java:463)
	at org.gradle.execution.plan.DefaultPlanExecutor$ExecutorWorker.run(DefaultPlanExecutor.java:380)
	at org.gradle.execution.plan.DefaultPlanExecutor.process(DefaultPlanExecutor.java:116)
	at org.gradle.execution.taskgraph.DefaultTaskExecutionGraph.executeWithServices(DefaultTaskExecutionGraph.java:138)
	at org.gradle.execution.taskgraph.DefaultTaskExecutionGraph.execute(DefaultTaskExecutionGraph.java:123)
	at org.gradle.execution.SelectedTaskExecutionAction.execute(SelectedTaskExecutionAction.java:35)
	at org.gradle.execution.DryRunBuildExecutionAction.execute(DryRunBuildExecutionAction.java:51)
	at org.gradle.execution.BuildOperationFiringBuildWorkerExecutor$ExecuteTasks.call(BuildOperationFiringBuildWorkerExecutor.java:54)
	at org.gradle.execution.BuildOperationFiringBuildWorkerExecutor$ExecuteTasks.call(BuildOperationFiringBuildWorkerExecutor.java:43)
	at org.gradle.internal.operations.DefaultBuildOperationRunner$CallableBuildOperationWorker.execute(DefaultBuildOperationRunner.java:200)
	at org.gradle.internal.operations.DefaultBuildOperationRunner$CallableBuildOperationWorker.execute(DefaultBuildOperationRunner.java:195)
	at org.gradle.internal.operations.DefaultBuildOperationRunner$2.execute(DefaultBuildOperationRunner.java:66)
	at org.gradle.internal.operations.DefaultBuildOperationRunner$2.execute(DefaultBuildOperationRunner.java:59)
	at org.gradle.internal.operations.DefaultBuildOperationRunner.execute(DefaultBuildOperationRunner.java:157)
	at org.gradle.internal.operations.DefaultBuildOperationRunner.execute(DefaultBuildOperationRunner.java:59)
	at org.gradle.internal.operations.DefaultBuildOperationRunner.call(DefaultBuildOperationRunner.java:53)
	at org.gradle.internal.operations.DefaultBuildOperationExecutor.call(DefaultBuildOperationExecutor.java:73)
	at org.gradle.execution.BuildOperationFiringBuildWorkerExecutor.execute(BuildOperationFiringBuildWorkerExecutor.java:40)
	at org.gradle.internal.build.DefaultBuildLifecycleController.lambda$executeTasks$10(DefaultBuildLifecycleController.java:313)
	at org.gradle.internal.model.StateTransitionController.doTransition(StateTransitionController.java:266)
	at org.gradle.internal.model.StateTransitionController.lambda$tryTransition$8(StateTransitionController.java:177)
	at org.gradle.internal.work.DefaultSynchronizer.withLock(DefaultSynchronizer.java:44)
	at org.gradle.internal.model.StateTransitionController.tryTransition(StateTransitionController.java:177)
	at org.gradle.internal.build.DefaultBuildLifecycleController.executeTasks(DefaultBuildLifecycleController.java:304)
	at org.gradle.internal.build.DefaultBuildWorkGraphController$DefaultBuildWorkGraph.runWork(DefaultBuildWorkGraphController.java:220)
	at org.gradle.internal.work.DefaultWorkerLeaseService.withLocks(DefaultWorkerLeaseService.java:264)
	at org.gradle.internal.work.DefaultWorkerLeaseService.runAsWorkerThread(DefaultWorkerLeaseService.java:128)
	at org.gradle.composite.internal.DefaultBuildController.doRun(DefaultBuildController.java:181)
	at org.gradle.composite.internal.DefaultBuildController.access$000(DefaultBuildController.java:50)
	at org.gradle.composite.internal.DefaultBuildController$BuildOpRunnable.lambda$run$0(DefaultBuildController.java:198)
	at org.gradle.internal.operations.CurrentBuildOperationRef.with(CurrentBuildOperationRef.java:80)
	at org.gradle.composite.internal.DefaultBuildController$BuildOpRunnable.run(DefaultBuildController.java:198)
	at java.base/java.util.concurrent.Executors$RunnableAdapter.call(Executors.java:539)
	at java.base/java.util.concurrent.FutureTask.run(FutureTask.java:264)
	at org.gradle.internal.concurrent.ExecutorPolicy$CatchAndRecordFailures.onExecute(ExecutorPolicy.java:64)
	at org.gradle.internal.concurrent.AbstractManagedExecutor$1.run(AbstractManagedExecutor.java:47)
	at java.base/java.util.concurrent.ThreadPoolExecutor.runWorker(ThreadPoolExecutor.java:1136)
	at java.base/java.util.concurrent.ThreadPoolExecutor$Worker.run(ThreadPoolExecutor.java:635)
	at java.base/java.lang.Thread.run(Thread.java:840)
Caused by: org.gradle.api.internal.artifacts.transform.TransformException: Execution failed for AarResourcesCompilerTransform: /root/.gradle/caches/transforms-4/8e0a0bff2d388b6446750efdf4a5758f/transformed/core-1.13.1.
	at org.gradle.api.internal.artifacts.transform.DefaultTransformInvocationFactory.lambda$createInvocation$1(DefaultTransformInvocationFactory.java:151)
	at org.gradle.internal.Try$Failure.mapFailure(Try.java:273)
	at org.gradle.api.internal.artifacts.transform.DefaultTransformInvocationFactory.lambda$createInvocation$2(DefaultTransformInvocationFactory.java:151)
	at org.gradle.internal.Deferrable$1.applyAndRequireNonNull(Deferrable.java:63)
	at org.gradle.internal.Deferrable$1.completeAndGet(Deferrable.java:59)
	at org.gradle.internal.Deferrable$1.completeAndGet(Deferrable.java:59)
	at org.gradle.api.internal.artifacts.transform.TransformingAsyncArtifactListener$TransformedArtifact.finalizeValue(TransformingAsyncArtifactListener.java:209)
	at org.gradle.api.internal.artifacts.transform.TransformingAsyncArtifactListener$TransformedArtifact.run(TransformingAsyncArtifactListener.java:147)
	at org.gradle.internal.operations.DefaultBuildOperationRunner$2.execute(DefaultBuildOperationRunner.java:66)
	at org.gradle.internal.operations.DefaultBuildOperationRunner$2.execute(DefaultBuildOperationRunner.java:59)
	at org.gradle.internal.operations.DefaultBuildOperationRunner.execute(DefaultBuildOperationRunner.java:157)
	at org.gradle.internal.operations.DefaultBuildOperationRunner.execute(DefaultBuildOperationRunner.java:59)
	at org.gradle.internal.operations.DefaultBuildOperationExecutor$QueueWorker.execute(DefaultBuildOperationExecutor.java:238)
	at org.gradle.internal.operations.DefaultBuildOperationQueue$WorkerRunnable.runOperation(DefaultBuildOperationQueue.java:272)
	at org.gradle.internal.operations.DefaultBuildOperationQueue$WorkerRunnable.doRunBatch(DefaultBuildOperationQueue.java:253)
	at org.gradle.internal.operations.DefaultBuildOperationQueue$WorkerRunnable.lambda$runBatch$0(DefaultBuildOperationQueue.java:238)
	at org.gradle.internal.resources.AbstractResourceLockRegistry.whileDisallowingLockChanges(AbstractResourceLockRegistry.java:50)
	at org.gradle.internal.work.DefaultWorkerLeaseService.whileDisallowingProjectLockChanges(DefaultWorkerLeaseService.java:236)
	at org.gradle.internal.operations.DefaultBuildOperationQueue$WorkerRunnable.lambda$runBatch$1(DefaultBuildOperationQueue.java:238)
	at org.gradle.internal.work.DefaultWorkerLeaseService.withLocks(DefaultWorkerLeaseService.java:264)
	at org.gradle.internal.work.DefaultWorkerLeaseService.runAsWorkerThread(DefaultWorkerLeaseService.java:128)
	at org.gradle.internal.operations.DefaultBuildOperationQueue$WorkerRunnable.runBatch(DefaultBuildOperationQueue.java:224)
	at org.gradle.internal.operations.DefaultBuildOperationQueue$WorkerRunnable.run(DefaultBuildOperationQueue.java:192)
	... 5 more
Caused by: com.android.builder.internal.aapt.v2.Aapt2InternalException: AAPT2 aapt2-8.5.2-11315950-linux Daemon #0: Daemon startup failed
This should not happen under normal circumstances, please file an issue if it does.
	at com.android.builder.internal.aapt.v2.Aapt2Daemon.handleError(Aapt2Daemon.kt:193)
	at com.android.builder.internal.aapt.v2.Aapt2Daemon.handleError$default(Aapt2Daemon.kt:190)
	at com.android.builder.internal.aapt.v2.Aapt2Daemon.checkStarted(Aapt2Daemon.kt:77)
	at com.android.builder.internal.aapt.v2.Aapt2Daemon.compile(Aapt2Daemon.kt:100)
	at com.android.builder.internal.aapt.v2.Aapt2DaemonManager$LeasedAaptDaemon.compile(Aapt2DaemonManager.kt:170)
	at com.android.builder.internal.aapt.v2.Aapt2DaemonManager$leasingAapt2Daemon$1.compile(Aapt2DaemonManager.kt:195)
	at com.android.build.gradle.internal.services.PartialInProcessResourceProcessor.compile(PartialInProcessResourceProcessor.kt:47)
	at com.android.build.gradle.internal.res.Aapt2CompileRunnableKt.runAapt2Compile(Aapt2CompileRunnable.kt:57)
	at com.android.build.gradle.internal.dependency.AarResourcesCompilerTransform.transform(AarResourcesCompilerTransform.kt:75)
	at org.gradle.api.internal.artifacts.transform.DefaultTransform.transform(DefaultTransform.java:276)
	at org.gradle.api.internal.artifacts.transform.AbstractTransformExecution$2.call(AbstractTransformExecution.java:143)
	at org.gradle.api.internal.artifacts.transform.AbstractTransformExecution$2.call(AbstractTransformExecution.java:137)
	at org.gradle.internal.operations.DefaultBuildOperationRunner$CallableBuildOperationWorker.execute(DefaultBuildOperationRunner.java:200)
	at org.gradle.internal.operations.DefaultBuildOperationRunner$CallableBuildOperationWorker.execute(DefaultBuildOperationRunner.java:195)
	at org.gradle.internal.operations.DefaultBuildOperationRunner$2.execute(DefaultBuildOperationRunner.java:66)
	at org.gradle.internal.operations.DefaultBuildOperationRunner$2.execute(DefaultBuildOperationRunner.java:59)
	at org.gradle.internal.operations.DefaultBuildOperationRunner.execute(DefaultBuildOperationRunner.java:157)
	at org.gradle.internal.operations.DefaultBuildOperationRunner.execute(DefaultBuildOperationRunner.java:59)
	at org.gradle.internal.operations.DefaultBuildOperationRunner.call(DefaultBuildOperationRunner.java:53)
	at org.gradle.internal.operations.DefaultBuildOperationExecutor.call(DefaultBuildOperationExecutor.java:73)
	at org.gradle.api.internal.artifacts.transform.AbstractTransformExecution.executeWithinTransformerListener(AbstractTransformExecution.java:137)
	at org.gradle.api.internal.artifacts.transform.AbstractTransformExecution.execute(AbstractTransformExecution.java:130)
	at org.gradle.internal.execution.steps.ExecuteStep.executeInternal(ExecuteStep.java:105)
	at org.gradle.internal.execution.steps.ExecuteStep.access$000(ExecuteStep.java:44)
	at org.gradle.internal.execution.steps.ExecuteStep$1.call(ExecuteStep.java:59)
	at org.gradle.internal.execution.steps.ExecuteStep$1.call(ExecuteStep.java:56)
	at org.gradle.internal.operations.DefaultBuildOperationRunner$CallableBuildOperationWorker.execute(DefaultBuildOperationRunner.java:200)
	at org.gradle.internal.operations.DefaultBuildOperationRunner$CallableBuildOperationWorker.execute(DefaultBuildOperationRunner.java:195)
	at org.gradle.internal.operations.DefaultBuildOperationRunner$2.execute(DefaultBuildOperationRunner.java:66)
	at org.gradle.internal.operations.DefaultBuildOperationRunner$2.execute(DefaultBuildOperationRunner.java:59)
	at org.gradle.internal.operations.DefaultBuildOperationRunner.execute(DefaultBuildOperationRunner.java:157)
	at org.gradle.internal.operations.DefaultBuildOperationRunner.execute(DefaultBuildOperationRunner.java:59)
	at org.gradle.internal.operations.DefaultBuildOperationRunner.call(DefaultBuildOperationRunner.java:53)
	at org.gradle.internal.operations.DefaultBuildOperationExecutor.call(DefaultBuildOperationExecutor.java:73)
	at org.gradle.internal.execution.steps.ExecuteStep.execute(ExecuteStep.java:56)
	at org.gradle.internal.execution.steps.ExecuteStep.execute(ExecuteStep.java:44)
	at org.gradle.internal.execution.steps.CancelExecutionStep.execute(CancelExecutionStep.java:41)
	at org.gradle.internal.execution.steps.TimeoutStep.executeWithoutTimeout(TimeoutStep.java:74)
	at org.gradle.internal.execution.steps.TimeoutStep.execute(TimeoutStep.java:55)
	at org.gradle.internal.execution.steps.PreCreateOutputParentsStep.execute(PreCreateOutputParentsStep.java:50)
	at org.gradle.internal.execution.steps.PreCreateOutputParentsStep.execute(PreCreateOutputParentsStep.java:28)
	at org.gradle.internal.execution.steps.BroadcastChangingOutputsStep.execute(BroadcastChangingOutputsStep.java:61)
	at org.gradle.internal.execution.steps.BroadcastChangingOutputsStep.execute(BroadcastChangingOutputsStep.java:26)
	at org.gradle.internal.execution.steps.NoInputChangesStep.execute(NoInputChangesStep.java:30)
	at org.gradle.internal.execution.steps.NoInputChangesStep.execute(NoInputChangesStep.java:21)
	at org.gradle.internal.execution.steps.CaptureOutputsAfterExecutionStep.execute(CaptureOutputsAfterExecutionStep.java:67)
	at org.gradle.internal.execution.steps.CaptureOutputsAfterExecutionStep.execute(CaptureOutputsAfterExecutionStep.java:45)
	at org.gradle.internal.execution.steps.BuildCacheStep.executeWithoutCache(BuildCacheStep.java:189)
	at org.gradle.internal.execution.steps.BuildCacheStep.lambda$execute$1(BuildCacheStep.java:75)
	at org.gradle.internal.Either$Right.fold(Either.java:175)
	at org.gradle.internal.execution.caching.CachingState.fold(CachingState.java:62)
	at org.gradle.internal.execution.steps.BuildCacheStep.execute(BuildCacheStep.java:73)
	at org.gradle.internal.execution.steps.BuildCacheStep.execute(BuildCacheStep.java:48)
	at org.gradle.internal.execution.steps.NeverUpToDateStep.execute(NeverUpToDateStep.java:34)
	at org.gradle.internal.execution.steps.NeverUpToDateStep.execute(NeverUpToDateStep.java:22)
	at org.gradle.internal.execution.steps.legacy.MarkSnapshottingInputsFinishedStep.execute(MarkSnapshottingInputsFinishedStep.java:37)
	at org.gradle.internal.execution.steps.legacy.MarkSnapshottingInputsFinishedStep.execute(MarkSnapshottingInputsFinishedStep.java:27)
	at org.gradle.internal.execution.steps.ResolveNonIncrementalCachingStateStep.executeDelegate(ResolveNonIncrementalCachingStateStep.java:50)
	at org.gradle.internal.execution.steps.AbstractResolveCachingStateStep.execute(AbstractResolveCachingStateStep.java:71)
	at org.gradle.internal.execution.steps.AbstractResolveCachingStateStep.execute(AbstractResolveCachingStateStep.java:39)
	at org.gradle.internal.execution.steps.ValidateStep.execute(ValidateStep.java:106)
	at org.gradle.internal.execution.steps.ValidateStep.execute(ValidateStep.java:55)
	at org.gradle.internal.execution.steps.AbstractCaptureStateBeforeExecutionStep.execute(AbstractCaptureStateBeforeExecutionStep.java:64)
	at org.gradle.internal.execution.steps.AbstractCaptureStateBeforeExecutionStep.execute(AbstractCaptureStateBeforeExecutionStep.java:43)
	at org.gradle.internal.execution.steps.legacy.MarkSnapshottingInputsStartedStep.execute(MarkSnapshottingInputsStartedStep.java:38)
	at org.gradle.internal.execution.steps.AssignImmutableWorkspaceStep.lambda$executeInTemporaryWorkspace$3(AssignImmutableWorkspaceStep.java:209)
	at org.gradle.internal.execution.workspace.impl.CacheBasedImmutableWorkspaceProvider$1.withTemporaryWorkspace(CacheBasedImmutableWorkspaceProvider.java:119)
	at org.gradle.internal.execution.steps.AssignImmutableWorkspaceStep.executeInTemporaryWorkspace(AssignImmutableWorkspaceStep.java:199)
	at org.gradle.internal.execution.steps.AssignImmutableWorkspaceStep.lambda$execute$0(AssignImmutableWorkspaceStep.java:121)
	at java.base/java.util.Optional.orElseGet(Optional.java:364)
	at org.gradle.internal.execution.steps.AssignImmutableWorkspaceStep.execute(AssignImmutableWorkspaceStep.java:121)
	at org.gradle.internal.execution.steps.AssignImmutableWorkspaceStep.execute(AssignImmutableWorkspaceStep.java:90)
	at org.gradle.internal.execution.steps.ChoosePipelineStep.execute(ChoosePipelineStep.java:38)
	at org.gradle.internal.execution.steps.ChoosePipelineStep.execute(ChoosePipelineStep.java:23)
	at org.gradle.internal.execution.steps.ExecuteWorkBuildOperationFiringStep.lambda$execute$0(ExecuteWorkBuildOperationFiringStep.java:53)
	at org.gradle.internal.execution.steps.BuildOperationStep$1.call(BuildOperationStep.java:37)
	at org.gradle.internal.operations.DefaultBuildOperationRunner$CallableBuildOperationWorker.execute(DefaultBuildOperationRunner.java:200)
	at org.gradle.internal.operations.DefaultBuildOperationRunner$CallableBuildOperationWorker.execute(DefaultBuildOperationRunner.java:195)
	at org.gradle.internal.operations.DefaultBuildOperationRunner$2.execute(DefaultBuildOperationRunner.java:66)
	at org.gradle.internal.operations.DefaultBuildOperationRunner$2.execute(DefaultBuildOperationRunner.java:59)
	at org.gradle.internal.operations.DefaultBuildOperationRunner.execute(DefaultBuildOperationRunner.java:157)
	at org.gradle.internal.operations.DefaultBuildOperationRunner.execute(DefaultBuildOperationRunner.java:59)
	at org.gradle.internal.operations.DefaultBuildOperationRunner.call(DefaultBuildOperationRunner.java:53)
	at org.gradle.internal.operations.DefaultBuildOperationExecutor.call(DefaultBuildOperationExecutor.java:73)
	at org.gradle.internal.execution.steps.BuildOperationStep.operation(BuildOperationStep.java:34)
	at org.gradle.internal.execution.steps.ExecuteWorkBuildOperationFiringStep.lambda$execute$1(ExecuteWorkBuildOperationFiringStep.java:51)
	at java.base/java.util.Optional.map(Optional.java:260)
	at org.gradle.internal.execution.steps.ExecuteWorkBuildOperationFiringStep.execute(ExecuteWorkBuildOperationFiringStep.java:51)
	at org.gradle.internal.execution.steps.ExecuteWorkBuildOperationFiringStep.execute(ExecuteWorkBuildOperationFiringStep.java:39)
	at org.gradle.internal.execution.steps.IdentityCacheStep.execute(IdentityCacheStep.java:46)
	at org.gradle.internal.execution.steps.IdentityCacheStep.executeInCache(IdentityCacheStep.java:80)
	at org.gradle.internal.execution.steps.IdentityCacheStep.lambda$executeDeferred$0(IdentityCacheStep.java:60)
	at org.gradle.cache.Cache.lambda$get$0(Cache.java:31)
	at java.base/java.util.concurrent.ConcurrentHashMap.computeIfAbsent(ConcurrentHashMap.java:1708)
	at org.gradle.cache.ManualEvictionInMemoryCache.get(ManualEvictionInMemoryCache.java:30)
	at org.gradle.cache.internal.DefaultCrossBuildInMemoryCacheFactory$CrossBuildCacheRetainingDataFromPreviousBuild.get(DefaultCrossBuildInMemoryCacheFactory.java:255)
	at org.gradle.cache.Cache.get(Cache.java:31)
	at org.gradle.internal.execution.steps.IdentityCacheStep.lambda$executeDeferred$1(IdentityCacheStep.java:58)
	at org.gradle.internal.Deferrable$3.completeAndGet(Deferrable.java:117)
	... 24 more
Caused by: java.io.IOException: Cannot run program "/root/.gradle/caches/transforms-4/2bba49eee1d64d073cb89b5f3891cf2c/transformed/aapt2-8.5.2-11315950-linux/aapt2": error=2, No such file or directory
	at java.base/java.lang.ProcessBuilder.start(ProcessBuilder.java:1143)
	at java.base/java.lang.ProcessBuilder.start(ProcessBuilder.java:1073)
	at org.gradle.internal.classpath.Instrumented.start(Instrumented.java:320)
	at com.android.builder.internal.aapt.v2.Aapt2DaemonImpl.startProcess(Aapt2DaemonImpl.kt:84)
	at com.android.builder.internal.aapt.v2.Aapt2Daemon.checkStarted(Aapt2Daemon.kt:56)
	... 120 more
Caused by: java.io.IOException: error=2, No such file or directory
	at java.base/java.lang.ProcessImpl.forkAndExec(Native Method)
	at java.base/java.lang.ProcessImpl.<init>(ProcessImpl.java:314)
	at java.base/java.lang.ProcessImpl.start(ProcessImpl.java:244)
	at java.base/java.lang.ProcessBuilder.start(ProcessBuilder.java:1110)
	... 124 more
Cause 3: org.gradle.api.internal.artifacts.transform.TransformException: Failed to transform core-1.13.1.aar (androidx.core:core:1.13.1) to match attributes {artifactType=android-compiled-dependencies-resources, org.gradle.status=release}.
	at org.gradle.api.internal.artifacts.transform.TransformingAsyncArtifactListener$TransformedArtifact.lambda$visit$4(TransformingAsyncArtifactListener.java:243)
	at org.gradle.internal.Try$Failure.ifSuccessfulOrElse(Try.java:282)
	at org.gradle.api.internal.artifacts.transform.TransformingAsyncArtifactListener$TransformedArtifact.visit(TransformingAsyncArtifactListener.java:235)
	at org.gradle.api.internal.artifacts.ivyservice.resolveengine.artifact.ParallelResolveArtifactSet$VisitingSet$StartVisitAction.visitResults(ParallelResolveArtifactSet.java:100)
	at org.gradle.api.internal.artifacts.ivyservice.resolveengine.artifact.ParallelResolveArtifactSet$VisitingSet.visit(ParallelResolveArtifactSet.java:69)
	at org.gradle.api.internal.artifacts.ivyservice.resolveengine.artifact.ResolvedArtifactSetResolver$1.run(ResolvedArtifactSetResolver.java:61)
	at org.gradle.internal.operations.DefaultBuildOperationRunner$1.execute(DefaultBuildOperationRunner.java:29)
	at org.gradle.internal.operations.DefaultBuildOperationRunner$1.execute(DefaultBuildOperationRunner.java:26)
	at org.gradle.internal.operations.DefaultBuildOperationRunner$2.execute(DefaultBuildOperationRunner.java:66)
	at org.gradle.internal.operations.DefaultBuildOperationRunner$2.execute(DefaultBuildOperationRunner.java:59)
	at org.gradle.internal.operations.DefaultBuildOperationRunner.execute(DefaultBuildOperationRunner.java:157)
	at org.gradle.internal.operations.DefaultBuildOperationRunner.execute(DefaultBuildOperationRunner.java:59)
	at org.gradle.internal.operations.DefaultBuildOperationRunner.run(DefaultBuildOperationRunner.java:47)
	at org.gradle.internal.operations.DefaultBuildOperationExecutor.run(DefaultBuildOperationExecutor.java:68)
	at org.gradle.api.internal.artifacts.ivyservice.resolveengine.artifact.ResolvedArtifactSetResolver.visitArtifacts(ResolvedArtifactSetResolver.java:58)
	at org.gradle.api.internal.artifacts.ivyservice.resolveengine.artifact.ResolvedArtifactSetResolver.lambda$visitInUnmanagedWorkerThread$0(ResolvedArtifactSetResolver.java:54)
	at org.gradle.internal.work.DefaultWorkerLeaseService.runAsUnmanagedWorkerThread(DefaultWorkerLeaseService.java:140)
	at org.gradle.api.internal.artifacts.ivyservice.resolveengine.artifact.ResolvedArtifactSetResolver.visitInUnmanagedWorkerThread(ResolvedArtifactSetResolver.java:54)
	at org.gradle.api.internal.artifacts.ivyservice.resolveengine.artifact.DefaultSelectedArtifactSet.visitArtifacts(DefaultSelectedArtifactSet.java:59)
	at org.gradle.api.internal.artifacts.ivyservice.resolveengine.artifact.SelectedArtifactSet.visitFiles(SelectedArtifactSet.java:34)
	at org.gradle.api.internal.artifacts.configurations.ResolutionBackedFileCollection.visitContents(ResolutionBackedFileCollection.java:73)
	at org.gradle.api.internal.file.AbstractFileCollection.visitStructure(AbstractFileCollection.java:361)
	at org.gradle.api.internal.file.collections.DefaultConfigurableFileCollection.lambda$calculateFinalizedValue$0(DefaultConfigurableFileCollection.java:415)
	at org.gradle.api.internal.file.collections.UnpackingVisitor.add(UnpackingVisitor.java:67)
	at org.gradle.api.internal.file.collections.DefaultConfigurableFileCollection$UnresolvedItemsCollector.visitContents(DefaultConfigurableFileCollection.java:593)
	at org.gradle.api.internal.file.collections.DefaultConfigurableFileCollection.calculateFinalizedValue(DefaultConfigurableFileCollection.java:415)
	at org.gradle.api.internal.file.collections.DefaultConfigurableFileCollection.finalizeNow(DefaultConfigurableFileCollection.java:120)
	at org.gradle.api.internal.file.collections.DefaultConfigurableFileCollection.lambda$visitChildren$1(DefaultConfigurableFileCollection.java:439)
	at org.gradle.api.internal.provider.ValueState.finalizeOnReadIfNeeded(ValueState.java:123)
	at org.gradle.api.internal.file.collections.DefaultConfigurableFileCollection.visitChildren(DefaultConfigurableFileCollection.java:439)
	at org.gradle.api.internal.file.CompositeFileCollection.visitContents(CompositeFileCollection.java:113)
	at org.gradle.api.internal.file.AbstractFileCollection.visitStructure(AbstractFileCollection.java:361)
	at org.gradle.api.internal.file.CompositeFileCollection.lambda$visitContents$0(CompositeFileCollection.java:113)
	at org.gradle.api.internal.file.collections.UnpackingVisitor.add(UnpackingVisitor.java:67)
	at org.gradle.api.internal.file.collections.UnpackingVisitor.add(UnpackingVisitor.java:92)
	at org.gradle.api.internal.file.DefaultFileCollectionFactory$ResolvingFileCollection.visitChildren(DefaultFileCollectionFactory.java:285)
	at org.gradle.api.internal.file.CompositeFileCollection.visitContents(CompositeFileCollection.java:113)
	at org.gradle.api.internal.file.AbstractFileCollection.visitStructure(AbstractFileCollection.java:361)
	at org.gradle.api.internal.file.CompositeFileCollection.lambda$visitContents$0(CompositeFileCollection.java:113)
	at org.gradle.api.internal.tasks.PropertyFileCollection.visitChildren(PropertyFileCollection.java:48)
	at org.gradle.api.internal.file.CompositeFileCollection.visitContents(CompositeFileCollection.java:113)
	at org.gradle.api.internal.file.AbstractFileCollection.visitStructure(AbstractFileCollection.java:361)
	at org.gradle.internal.fingerprint.impl.DefaultFileCollectionSnapshotter.snapshot(DefaultFileCollectionSnapshotter.java:47)
	at org.gradle.internal.execution.impl.DefaultInputFingerprinter$InputCollectingVisitor.visitInputFileProperty(DefaultInputFingerprinter.java:133)
	at org.gradle.api.internal.tasks.execution.TaskExecution.visitRegularInputs(TaskExecution.java:324)
	at org.gradle.internal.execution.impl.DefaultInputFingerprinter.fingerprintInputProperties(DefaultInputFingerprinter.java:63)
	at org.gradle.internal.execution.steps.AbstractCaptureStateBeforeExecutionStep.captureExecutionStateWithOutputs(AbstractCaptureStateBeforeExecutionStep.java:109)
	at org.gradle.internal.execution.steps.AbstractCaptureStateBeforeExecutionStep.lambda$captureExecutionState$0(AbstractCaptureStateBeforeExecutionStep.java:74)
	at org.gradle.internal.execution.steps.BuildOperationStep$1.call(BuildOperationStep.java:37)
	at org.gradle.internal.operations.DefaultBuildOperationRunner$CallableBuildOperationWorker.execute(DefaultBuildOperationRunner.java:200)
	at org.gradle.internal.operations.DefaultBuildOperationRunner$CallableBuildOperationWorker.execute(DefaultBuildOperationRunner.java:195)
	at org.gradle.internal.operations.DefaultBuildOperationRunner$2.execute(DefaultBuildOperationRunner.java:66)
	at org.gradle.internal.operations.DefaultBuildOperationRunner$2.execute(DefaultBuildOperationRunner.java:59)
	at org.gradle.internal.operations.DefaultBuildOperationRunner.execute(DefaultBuildOperationRunner.java:157)
	at org.gradle.internal.operations.DefaultBuildOperationRunner.execute(DefaultBuildOperationRunner.java:59)
	at org.gradle.internal.operations.DefaultBuildOperationRunner.call(DefaultBuildOperationRunner.java:53)
	at org.gradle.internal.operations.DefaultBuildOperationExecutor.call(DefaultBuildOperationExecutor.java:73)
	at org.gradle.internal.execution.steps.BuildOperationStep.operation(BuildOperationStep.java:34)
	at org.gradle.internal.execution.steps.AbstractCaptureStateBeforeExecutionStep.captureExecutionState(AbstractCaptureStateBeforeExecutionStep.java:69)
	at org.gradle.internal.execution.steps.AbstractCaptureStateBeforeExecutionStep.execute(AbstractCaptureStateBeforeExecutionStep.java:62)
	at org.gradle.internal.execution.steps.AbstractCaptureStateBeforeExecutionStep.execute(AbstractCaptureStateBeforeExecutionStep.java:43)
	at org.gradle.internal.execution.steps.AbstractSkipEmptyWorkStep.executeWithNonEmptySources(AbstractSkipEmptyWorkStep.java:125)
	at org.gradle.internal.execution.steps.AbstractSkipEmptyWorkStep.execute(AbstractSkipEmptyWorkStep.java:56)
	at org.gradle.internal.execution.steps.AbstractSkipEmptyWorkStep.execute(AbstractSkipEmptyWorkStep.java:36)
	at org.gradle.internal.execution.steps.legacy.MarkSnapshottingInputsStartedStep.execute(MarkSnapshottingInputsStartedStep.java:38)
	at org.gradle.internal.execution.steps.LoadPreviousExecutionStateStep.execute(LoadPreviousExecutionStateStep.java:36)
	at org.gradle.internal.execution.steps.LoadPreviousExecutionStateStep.execute(LoadPreviousExecutionStateStep.java:23)
	at org.gradle.internal.execution.steps.HandleStaleOutputsStep.execute(HandleStaleOutputsStep.java:75)
	at org.gradle.internal.execution.steps.HandleStaleOutputsStep.execute(HandleStaleOutputsStep.java:41)
	at org.gradle.internal.execution.steps.AssignMutableWorkspaceStep.lambda$execute$0(AssignMutableWorkspaceStep.java:35)
	at org.gradle.api.internal.tasks.execution.TaskExecution$4.withWorkspace(TaskExecution.java:289)
	at org.gradle.internal.execution.steps.AssignMutableWorkspaceStep.execute(AssignMutableWorkspaceStep.java:31)
	at org.gradle.internal.execution.steps.AssignMutableWorkspaceStep.execute(AssignMutableWorkspaceStep.java:22)
	at org.gradle.internal.execution.steps.ChoosePipelineStep.execute(ChoosePipelineStep.java:40)
	at org.gradle.internal.execution.steps.ChoosePipelineStep.execute(ChoosePipelineStep.java:23)
	at org.gradle.internal.execution.steps.ExecuteWorkBuildOperationFiringStep.lambda$execute$2(ExecuteWorkBuildOperationFiringStep.java:67)
	at java.base/java.util.Optional.orElseGet(Optional.java:364)
	at org.gradle.internal.execution.steps.ExecuteWorkBuildOperationFiringStep.execute(ExecuteWorkBuildOperationFiringStep.java:67)
	at org.gradle.internal.execution.steps.ExecuteWorkBuildOperationFiringStep.execute(ExecuteWorkBuildOperationFiringStep.java:39)
	at org.gradle.internal.execution.steps.IdentityCacheStep.execute(IdentityCacheStep.java:46)
	at org.gradle.internal.execution.steps.IdentityCacheStep.execute(IdentityCacheStep.java:34)
	at org.gradle.internal.execution.steps.IdentifyStep.execute(IdentifyStep.java:48)
	at org.gradle.internal.execution.steps.IdentifyStep.execute(IdentifyStep.java:35)
	at org.gradle.internal.execution.impl.DefaultExecutionEngine$1.execute(DefaultExecutionEngine.java:61)
	at org.gradle.api.internal.tasks.execution.ExecuteActionsTaskExecuter.executeIfValid(ExecuteActionsTaskExecuter.java:127)
	at org.gradle.api.internal.tasks.execution.ExecuteActionsTaskExecuter.execute(ExecuteActionsTaskExecuter.java:116)
	at org.gradle.api.internal.tasks.execution.FinalizePropertiesTaskExecuter.execute(FinalizePropertiesTaskExecuter.java:46)
	at org.gradle.api.internal.tasks.execution.ResolveTaskExecutionModeExecuter.execute(ResolveTaskExecutionModeExecuter.java:51)
	at org.gradle.api.internal.tasks.execution.SkipTaskWithNoActionsExecuter.execute(SkipTaskWithNoActionsExecuter.java:57)
	at org.gradle.api.internal.tasks.execution.SkipOnlyIfTaskExecuter.execute(SkipOnlyIfTaskExecuter.java:74)
	at org.gradle.api.internal.tasks.execution.CatchExceptionTaskExecuter.execute(CatchExceptionTaskExecuter.java:36)
	at org.gradle.api.internal.tasks.execution.EventFiringTaskExecuter$1.executeTask(EventFiringTaskExecuter.java:77)
	at org.gradle.api.internal.tasks.execution.EventFiringTaskExecuter$1.call(EventFiringTaskExecuter.java:55)
	at org.gradle.api.internal.tasks.execution.EventFiringTaskExecuter$1.call(EventFiringTaskExecuter.java:52)
	at org.gradle.internal.operations.DefaultBuildOperationRunner$CallableBuildOperationWorker.execute(DefaultBuildOperationRunner.java:200)
	at org.gradle.internal.operations.DefaultBuildOperationRunner$CallableBuildOperationWorker.execute(DefaultBuildOperationRunner.java:195)
	at org.gradle.internal.operations.DefaultBuildOperationRunner$2.execute(DefaultBuildOperationRunner.java:66)
	at org.gradle.internal.operations.DefaultBuildOperationRunner$2.execute(DefaultBuildOperationRunner.java:59)
	at org.gradle.internal.operations.DefaultBuildOperationRunner.execute(DefaultBuildOperationRunner.java:157)
	at org.gradle.internal.operations.DefaultBuildOperationRunner.execute(DefaultBuildOperationRunner.java:59)
	at org.gradle.internal.operations.DefaultBuildOperationRunner.call(DefaultBuildOperationRunner.java:53)
	at org.gradle.internal.operations.DefaultBuildOperationExecutor.call(DefaultBuildOperationExecutor.java:73)
	at org.gradle.api.internal.tasks.execution.EventFiringTaskExecuter.execute(EventFiringTaskExecuter.java:52)
	at org.gradle.execution.plan.LocalTaskNodeExecutor.execute(LocalTaskNodeExecutor.java:42)
	at org.gradle.execution.taskgraph.DefaultTaskExecutionGraph$InvokeNodeExecutorsAction.execute(DefaultTaskExecutionGraph.java:331)
	at org.gradle.execution.taskgraph.DefaultTaskExecutionGraph$InvokeNodeExecutorsAction.execute(DefaultTaskExecutionGraph.java:318)
	at org.gradle.execution.taskgraph.DefaultTaskExecutionGraph$BuildOperationAwareExecutionAction.lambda$execute$0(DefaultTaskExecutionGraph.java:314)
	at org.gradle.internal.operations.CurrentBuildOperationRef.with(CurrentBuildOperationRef.java:80)
	at org.gradle.execution.taskgraph.DefaultTaskExecutionGraph$BuildOperationAwareExecutionAction.execute(DefaultTaskExecutionGraph.java:314)
	at org.gradle.execution.taskgraph.DefaultTaskExecutionGraph$BuildOperationAwareExecutionAction.execute(DefaultTaskExecutionGraph.java:303)
	at org.gradle.execution.plan.DefaultPlanExecutor$ExecutorWorker.execute(DefaultPlanExecutor.java:463)
	at org.gradle.execution.plan.DefaultPlanExecutor$ExecutorWorker.run(DefaultPlanExecutor.java:380)
	at org.gradle.execution.plan.DefaultPlanExecutor.process(DefaultPlanExecutor.java:116)
	at org.gradle.execution.taskgraph.DefaultTaskExecutionGraph.executeWithServices(DefaultTaskExecutionGraph.java:138)
	at org.gradle.execution.taskgraph.DefaultTaskExecutionGraph.execute(DefaultTaskExecutionGraph.java:123)
	at org.gradle.execution.SelectedTaskExecutionAction.execute(SelectedTaskExecutionAction.java:35)
	at org.gradle.execution.DryRunBuildExecutionAction.execute(DryRunBuildExecutionAction.java:51)
	at org.gradle.execution.BuildOperationFiringBuildWorkerExecutor$ExecuteTasks.call(BuildOperationFiringBuildWorkerExecutor.java:54)
	at org.gradle.execution.BuildOperationFiringBuildWorkerExecutor$ExecuteTasks.call(BuildOperationFiringBuildWorkerExecutor.java:43)
	at org.gradle.internal.operations.DefaultBuildOperationRunner$CallableBuildOperationWorker.execute(DefaultBuildOperationRunner.java:200)
	at org.gradle.internal.operations.DefaultBuildOperationRunner$CallableBuildOperationWorker.execute(DefaultBuildOperationRunner.java:195)
	at org.gradle.internal.operations.DefaultBuildOperationRunner$2.execute(DefaultBuildOperationRunner.java:66)
	at org.gradle.internal.operations.DefaultBuildOperationRunner$2.execute(DefaultBuildOperationRunner.java:59)
	at org.gradle.internal.operations.DefaultBuildOperationRunner.execute(DefaultBuildOperationRunner.java:157)
	at org.gradle.internal.operations.DefaultBuildOperationRunner.execute(DefaultBuildOperationRunner.java:59)
	at org.gradle.internal.operations.DefaultBuildOperationRunner.call(DefaultBuildOperationRunner.java:53)
	at org.gradle.internal.operations.DefaultBuildOperationExecutor.call(DefaultBuildOperationExecutor.java:73)
	at org.gradle.execution.BuildOperationFiringBuildWorkerExecutor.execute(BuildOperationFiringBuildWorkerExecutor.java:40)
	at org.gradle.internal.build.DefaultBuildLifecycleController.lambda$executeTasks$10(DefaultBuildLifecycleController.java:313)
	at org.gradle.internal.model.StateTransitionController.doTransition(StateTransitionController.java:266)
	at org.gradle.internal.model.StateTransitionController.lambda$tryTransition$8(StateTransitionController.java:177)
	at org.gradle.internal.work.DefaultSynchronizer.withLock(DefaultSynchronizer.java:44)
	at org.gradle.internal.model.StateTransitionController.tryTransition(StateTransitionController.java:177)
	at org.gradle.internal.build.DefaultBuildLifecycleController.executeTasks(DefaultBuildLifecycleController.java:304)
	at org.gradle.internal.build.DefaultBuildWorkGraphController$DefaultBuildWorkGraph.runWork(DefaultBuildWorkGraphController.java:220)
	at org.gradle.internal.work.DefaultWorkerLeaseService.withLocks(DefaultWorkerLeaseService.java:264)
	at org.gradle.internal.work.DefaultWorkerLeaseService.runAsWorkerThread(DefaultWorkerLeaseService.java:128)
	at org.gradle.composite.internal.DefaultBuildController.doRun(DefaultBuildController.java:181)
	at org.gradle.composite.internal.DefaultBuildController.access$000(DefaultBuildController.java:50)
	at org.gradle.composite.internal.DefaultBuildController$BuildOpRunnable.lambda$run$0(DefaultBuildController.java:198)
	at org.gradle.internal.operations.CurrentBuildOperationRef.with(CurrentBuildOperationRef.java:80)
	at org.gradle.composite.internal.DefaultBuildController$BuildOpRunnable.run(DefaultBuildController.java:198)
	at java.base/java.util.concurrent.Executors$RunnableAdapter.call(Executors.java:539)
	at java.base/java.util.concurrent.FutureTask.run(FutureTask.java:264)
	at org.gradle.internal.concurrent.ExecutorPolicy$CatchAndRecordFailures.onExecute(ExecutorPolicy.java:64)
	at org.gradle.internal.concurrent.AbstractManagedExecutor$1.run(AbstractManagedExecutor.java:47)
	at java.base/java.util.concurrent.ThreadPoolExecutor.runWorker(ThreadPoolExecutor.java:1136)
	at java.base/java.util.concurrent.ThreadPoolExecutor$Worker.run(ThreadPoolExecutor.java:635)
	at java.base/java.lang.Thread.run(Thread.java:840)
Caused by: org.gradle.api.internal.artifacts.transform.TransformException: Execution failed for AarResourcesCompilerTransform: /root/.gradle/caches/transforms-4/8e0a0bff2d388b6446750efdf4a5758f/transformed/core-1.13.1.
	at org.gradle.api.internal.artifacts.transform.DefaultTransformInvocationFactory.lambda$createInvocation$1(DefaultTransformInvocationFactory.java:151)
	at org.gradle.internal.Try$Failure.mapFailure(Try.java:273)
	at org.gradle.api.internal.artifacts.transform.DefaultTransformInvocationFactory.lambda$createInvocation$2(DefaultTransformInvocationFactory.java:151)
	at org.gradle.internal.Deferrable$1.applyAndRequireNonNull(Deferrable.java:63)
	at org.gradle.internal.Deferrable$1.completeAndGet(Deferrable.java:59)
	at org.gradle.internal.Deferrable$1.completeAndGet(Deferrable.java:59)
	at org.gradle.api.internal.artifacts.transform.TransformingAsyncArtifactListener$TransformedArtifact.finalizeValue(TransformingAsyncArtifactListener.java:209)
	at org.gradle.api.internal.artifacts.transform.TransformingAsyncArtifactListener$TransformedArtifact.run(TransformingAsyncArtifactListener.java:147)
	at org.gradle.internal.operations.DefaultBuildOperationRunner$2.execute(DefaultBuildOperationRunner.java:66)
	at org.gradle.internal.operations.DefaultBuildOperationRunner$2.execute(DefaultBuildOperationRunner.java:59)
	at org.gradle.internal.operations.DefaultBuildOperationRunner.execute(DefaultBuildOperationRunner.java:157)
	at org.gradle.internal.operations.DefaultBuildOperationRunner.execute(DefaultBuildOperationRunner.java:59)
	at org.gradle.internal.operations.DefaultBuildOperationExecutor$QueueWorker.execute(DefaultBuildOperationExecutor.java:238)
	at org.gradle.internal.operations.DefaultBuildOperationQueue$WorkerRunnable.runOperation(DefaultBuildOperationQueue.java:272)
	at org.gradle.internal.operations.DefaultBuildOperationQueue$WorkerRunnable.doRunBatch(DefaultBuildOperationQueue.java:253)
	at org.gradle.internal.operations.DefaultBuildOperationQueue$WorkerRunnable.lambda$runBatch$0(DefaultBuildOperationQueue.java:238)
	at org.gradle.internal.resources.AbstractResourceLockRegistry.whileDisallowingLockChanges(AbstractResourceLockRegistry.java:50)
	at org.gradle.internal.work.DefaultWorkerLeaseService.whileDisallowingProjectLockChanges(DefaultWorkerLeaseService.java:236)
	at org.gradle.internal.operations.DefaultBuildOperationQueue$WorkerRunnable.lambda$runBatch$1(DefaultBuildOperationQueue.java:238)
	at org.gradle.internal.work.DefaultWorkerLeaseService.withLocks(DefaultWorkerLeaseService.java:264)
	at org.gradle.internal.work.DefaultWorkerLeaseService.runAsWorkerThread(DefaultWorkerLeaseService.java:128)
	at org.gradle.internal.operations.DefaultBuildOperationQueue$WorkerRunnable.runBatch(DefaultBuildOperationQueue.java:224)
	at org.gradle.internal.operations.DefaultBuildOperationQueue$WorkerRunnable.run(DefaultBuildOperationQueue.java:192)
	... 5 more
Caused by: com.android.builder.internal.aapt.v2.Aapt2InternalException: AAPT2 aapt2-8.5.2-11315950-linux Daemon #0: Daemon startup failed
This should not happen under normal circumstances, please file an issue if it does.
	at com.android.builder.internal.aapt.v2.Aapt2Daemon.handleError(Aapt2Daemon.kt:193)
	at com.android.builder.internal.aapt.v2.Aapt2Daemon.handleError$default(Aapt2Daemon.kt:190)
	at com.android.builder.internal.aapt.v2.Aapt2Daemon.checkStarted(Aapt2Daemon.kt:77)
	at com.android.builder.internal.aapt.v2.Aapt2Daemon.compile(Aapt2Daemon.kt:100)
	at com.android.builder.internal.aapt.v2.Aapt2DaemonManager$LeasedAaptDaemon.compile(Aapt2DaemonManager.kt:170)
	at com.android.builder.internal.aapt.v2.Aapt2DaemonManager$leasingAapt2Daemon$1.compile(Aapt2DaemonManager.kt:195)
	at com.android.build.gradle.internal.services.PartialInProcessResourceProcessor.compile(PartialInProcessResourceProcessor.kt:47)
	at com.android.build.gradle.internal.res.Aapt2CompileRunnableKt.runAapt2Compile(Aapt2CompileRunnable.kt:57)
	at com.android.build.gradle.internal.dependency.AarResourcesCompilerTransform.transform(AarResourcesCompilerTransform.kt:75)
	at org.gradle.api.internal.artifacts.transform.DefaultTransform.transform(DefaultTransform.java:276)
	at org.gradle.api.internal.artifacts.transform.AbstractTransformExecution$2.call(AbstractTransformExecution.java:143)
	at org.gradle.api.internal.artifacts.transform.AbstractTransformExecution$2.call(AbstractTransformExecution.java:137)
	at org.gradle.internal.operations.DefaultBuildOperationRunner$CallableBuildOperationWorker.execute(DefaultBuildOperationRunner.java:200)
	at org.gradle.internal.operations.DefaultBuildOperationRunner$CallableBuildOperationWorker.execute(DefaultBuildOperationRunner.java:195)
	at org.gradle.internal.operations.DefaultBuildOperationRunner$2.execute(DefaultBuildOperationRunner.java:66)
	at org.gradle.internal.operations.DefaultBuildOperationRunner$2.execute(DefaultBuildOperationRunner.java:59)
	at org.gradle.internal.operations.DefaultBuildOperationRunner.execute(DefaultBuildOperationRunner.java:157)
	at org.gradle.internal.operations.DefaultBuildOperationRunner.execute(DefaultBuildOperationRunner.java:59)
	at org.gradle.internal.operations.DefaultBuildOperationRunner.call(DefaultBuildOperationRunner.java:53)
	at org.gradle.internal.operations.DefaultBuildOperationExecutor.call(DefaultBuildOperationExecutor.java:73)
	at org.gradle.api.internal.artifacts.transform.AbstractTransformExecution.executeWithinTransformerListener(AbstractTransformExecution.java:137)
	at org.gradle.api.internal.artifacts.transform.AbstractTransformExecution.execute(AbstractTransformExecution.java:130)
	at org.gradle.internal.execution.steps.ExecuteStep.executeInternal(ExecuteStep.java:105)
	at org.gradle.internal.execution.steps.ExecuteStep.access$000(ExecuteStep.java:44)
	at org.gradle.internal.execution.steps.ExecuteStep$1.call(ExecuteStep.java:59)
	at org.gradle.internal.execution.steps.ExecuteStep$1.call(ExecuteStep.java:56)
	at org.gradle.internal.operations.DefaultBuildOperationRunner$CallableBuildOperationWorker.execute(DefaultBuildOperationRunner.java:200)
	at org.gradle.internal.operations.DefaultBuildOperationRunner$CallableBuildOperationWorker.execute(DefaultBuildOperationRunner.java:195)
	at org.gradle.internal.operations.DefaultBuildOperationRunner$2.execute(DefaultBuildOperationRunner.java:66)
	at org.gradle.internal.operations.DefaultBuildOperationRunner$2.execute(DefaultBuildOperationRunner.java:59)
	at org.gradle.internal.operations.DefaultBuildOperationRunner.execute(DefaultBuildOperationRunner.java:157)
	at org.gradle.internal.operations.DefaultBuildOperationRunner.execute(DefaultBuildOperationRunner.java:59)
	at org.gradle.internal.operations.DefaultBuildOperationRunner.call(DefaultBuildOperationRunner.java:53)
	at org.gradle.internal.operations.DefaultBuildOperationExecutor.call(DefaultBuildOperationExecutor.java:73)
	at org.gradle.internal.execution.steps.ExecuteStep.execute(ExecuteStep.java:56)
	at org.gradle.internal.execution.steps.ExecuteStep.execute(ExecuteStep.java:44)
	at org.gradle.internal.execution.steps.CancelExecutionStep.execute(CancelExecutionStep.java:41)
	at org.gradle.internal.execution.steps.TimeoutStep.executeWithoutTimeout(TimeoutStep.java:74)
	at org.gradle.internal.execution.steps.TimeoutStep.execute(TimeoutStep.java:55)
	at org.gradle.internal.execution.steps.PreCreateOutputParentsStep.execute(PreCreateOutputParentsStep.java:50)
	at org.gradle.internal.execution.steps.PreCreateOutputParentsStep.execute(PreCreateOutputParentsStep.java:28)
	at org.gradle.internal.execution.steps.BroadcastChangingOutputsStep.execute(BroadcastChangingOutputsStep.java:61)
	at org.gradle.internal.execution.steps.BroadcastChangingOutputsStep.execute(BroadcastChangingOutputsStep.java:26)
	at org.gradle.internal.execution.steps.NoInputChangesStep.execute(NoInputChangesStep.java:30)
	at org.gradle.internal.execution.steps.NoInputChangesStep.execute(NoInputChangesStep.java:21)
	at org.gradle.internal.execution.steps.CaptureOutputsAfterExecutionStep.execute(CaptureOutputsAfterExecutionStep.java:67)
	at org.gradle.internal.execution.steps.CaptureOutputsAfterExecutionStep.execute(CaptureOutputsAfterExecutionStep.java:45)
	at org.gradle.internal.execution.steps.BuildCacheStep.executeWithoutCache(BuildCacheStep.java:189)
	at org.gradle.internal.execution.steps.BuildCacheStep.lambda$execute$1(BuildCacheStep.java:75)
	at org.gradle.internal.Either$Right.fold(Either.java:175)
	at org.gradle.internal.execution.caching.CachingState.fold(CachingState.java:62)
	at org.gradle.internal.execution.steps.BuildCacheStep.execute(BuildCacheStep.java:73)
	at org.gradle.internal.execution.steps.BuildCacheStep.execute(BuildCacheStep.java:48)
	at org.gradle.internal.execution.steps.NeverUpToDateStep.execute(NeverUpToDateStep.java:34)
	at org.gradle.internal.execution.steps.NeverUpToDateStep.execute(NeverUpToDateStep.java:22)
	at org.gradle.internal.execution.steps.legacy.MarkSnapshottingInputsFinishedStep.execute(MarkSnapshottingInputsFinishedStep.java:37)
	at org.gradle.internal.execution.steps.legacy.MarkSnapshottingInputsFinishedStep.execute(MarkSnapshottingInputsFinishedStep.java:27)
	at org.gradle.internal.execution.steps.ResolveNonIncrementalCachingStateStep.executeDelegate(ResolveNonIncrementalCachingStateStep.java:50)
	at org.gradle.internal.execution.steps.AbstractResolveCachingStateStep.execute(AbstractResolveCachingStateStep.java:71)
	at org.gradle.internal.execution.steps.AbstractResolveCachingStateStep.execute(AbstractResolveCachingStateStep.java:39)
	at org.gradle.internal.execution.steps.ValidateStep.execute(ValidateStep.java:106)
	at org.gradle.internal.execution.steps.ValidateStep.execute(ValidateStep.java:55)
	at org.gradle.internal.execution.steps.AbstractCaptureStateBeforeExecutionStep.execute(AbstractCaptureStateBeforeExecutionStep.java:64)
	at org.gradle.internal.execution.steps.AbstractCaptureStateBeforeExecutionStep.execute(AbstractCaptureStateBeforeExecutionStep.java:43)
	at org.gradle.internal.execution.steps.legacy.MarkSnapshottingInputsStartedStep.execute(MarkSnapshottingInputsStartedStep.java:38)
	at org.gradle.internal.execution.steps.AssignImmutableWorkspaceStep.lambda$executeInTemporaryWorkspace$3(AssignImmutableWorkspaceStep.java:209)
	at org.gradle.internal.execution.workspace.impl.CacheBasedImmutableWorkspaceProvider$1.withTemporaryWorkspace(CacheBasedImmutableWorkspaceProvider.java:119)
	at org.gradle.internal.execution.steps.AssignImmutableWorkspaceStep.executeInTemporaryWorkspace(AssignImmutableWorkspaceStep.java:199)
	at org.gradle.internal.execution.steps.AssignImmutableWorkspaceStep.lambda$execute$0(AssignImmutableWorkspaceStep.java:121)
	at java.base/java.util.Optional.orElseGet(Optional.java:364)
	at org.gradle.internal.execution.steps.AssignImmutableWorkspaceStep.execute(AssignImmutableWorkspaceStep.java:121)
	at org.gradle.internal.execution.steps.AssignImmutableWorkspaceStep.execute(AssignImmutableWorkspaceStep.java:90)
	at org.gradle.internal.execution.steps.ChoosePipelineStep.execute(ChoosePipelineStep.java:38)
	at org.gradle.internal.execution.steps.ChoosePipelineStep.execute(ChoosePipelineStep.java:23)
	at org.gradle.internal.execution.steps.ExecuteWorkBuildOperationFiringStep.lambda$execute$0(ExecuteWorkBuildOperationFiringStep.java:53)
	at org.gradle.internal.execution.steps.BuildOperationStep$1.call(BuildOperationStep.java:37)
	at org.gradle.internal.operations.DefaultBuildOperationRunner$CallableBuildOperationWorker.execute(DefaultBuildOperationRunner.java:200)
	at org.gradle.internal.operations.DefaultBuildOperationRunner$CallableBuildOperationWorker.execute(DefaultBuildOperationRunner.java:195)
	at org.gradle.internal.operations.DefaultBuildOperationRunner$2.execute(DefaultBuildOperationRunner.java:66)
	at org.gradle.internal.operations.DefaultBuildOperationRunner$2.execute(DefaultBuildOperationRunner.java:59)
	at org.gradle.internal.operations.DefaultBuildOperationRunner.execute(DefaultBuildOperationRunner.java:157)
	at org.gradle.internal.operations.DefaultBuildOperationRunner.execute(DefaultBuildOperationRunner.java:59)
	at org.gradle.internal.operations.DefaultBuildOperationRunner.call(DefaultBuildOperationRunner.java:53)
	at org.gradle.internal.operations.DefaultBuildOperationExecutor.call(DefaultBuildOperationExecutor.java:73)
	at org.gradle.internal.execution.steps.BuildOperationStep.operation(BuildOperationStep.java:34)
	at org.gradle.internal.execution.steps.ExecuteWorkBuildOperationFiringStep.lambda$execute$1(ExecuteWorkBuildOperationFiringStep.java:51)
	at java.base/java.util.Optional.map(Optional.java:260)
	at org.gradle.internal.execution.steps.ExecuteWorkBuildOperationFiringStep.execute(ExecuteWorkBuildOperationFiringStep.java:51)
	at org.gradle.internal.execution.steps.ExecuteWorkBuildOperationFiringStep.execute(ExecuteWorkBuildOperationFiringStep.java:39)
	at org.gradle.internal.execution.steps.IdentityCacheStep.execute(IdentityCacheStep.java:46)
	at org.gradle.internal.execution.steps.IdentityCacheStep.executeInCache(IdentityCacheStep.java:80)
	at org.gradle.internal.execution.steps.IdentityCacheStep.lambda$executeDeferred$0(IdentityCacheStep.java:60)
	at org.gradle.cache.Cache.lambda$get$0(Cache.java:31)
	at java.base/java.util.concurrent.ConcurrentHashMap.computeIfAbsent(ConcurrentHashMap.java:1708)
	at org.gradle.cache.ManualEvictionInMemoryCache.get(ManualEvictionInMemoryCache.java:30)
	at org.gradle.cache.internal.DefaultCrossBuildInMemoryCacheFactory$CrossBuildCacheRetainingDataFromPreviousBuild.get(DefaultCrossBuildInMemoryCacheFactory.java:255)
	at org.gradle.cache.Cache.get(Cache.java:31)
	at org.gradle.internal.execution.steps.IdentityCacheStep.lambda$executeDeferred$1(IdentityCacheStep.java:58)
	at org.gradle.internal.Deferrable$3.completeAndGet(Deferrable.java:117)
	... 24 more
Caused by: java.io.IOException: Cannot run program "/root/.gradle/caches/transforms-4/2bba49eee1d64d073cb89b5f3891cf2c/transformed/aapt2-8.5.2-11315950-linux/aapt2": error=2, No such file or directory
	at java.base/java.lang.ProcessBuilder.start(ProcessBuilder.java:1143)
	at java.base/java.lang.ProcessBuilder.start(ProcessBuilder.java:1073)
	at org.gradle.internal.classpath.Instrumented.start(Instrumented.java:320)
	at com.android.builder.internal.aapt.v2.Aapt2DaemonImpl.startProcess(Aapt2DaemonImpl.kt:84)
	at com.android.builder.internal.aapt.v2.Aapt2Daemon.checkStarted(Aapt2Daemon.kt:56)
	... 120 more
Caused by: java.io.IOException: error=2, No such file or directory
	at java.base/java.lang.ProcessImpl.forkAndExec(Native Method)
	at java.base/java.lang.ProcessImpl.<init>(ProcessImpl.java:314)
	at java.base/java.lang.ProcessImpl.start(ProcessImpl.java:244)
	at java.base/java.lang.ProcessBuilder.start(ProcessBuilder.java:1110)
	... 124 more
Cause 4: org.gradle.api.internal.artifacts.transform.TransformException: Failed to transform core-1.13.1.aar (androidx.core:core:1.13.1) to match attributes {artifactType=android-compiled-dependencies-resources, org.gradle.status=release}.
	at org.gradle.api.internal.artifacts.transform.TransformingAsyncArtifactListener$TransformedArtifact.lambda$visit$4(TransformingAsyncArtifactListener.java:243)
	at org.gradle.internal.Try$Failure.ifSuccessfulOrElse(Try.java:282)
	at org.gradle.api.internal.artifacts.transform.TransformingAsyncArtifactListener$TransformedArtifact.visit(TransformingAsyncArtifactListener.java:235)
	at org.gradle.api.internal.artifacts.ivyservice.resolveengine.artifact.ParallelResolveArtifactSet$VisitingSet$StartVisitAction.visitResults(ParallelResolveArtifactSet.java:100)
	at org.gradle.api.internal.artifacts.ivyservice.resolveengine.artifact.ParallelResolveArtifactSet$VisitingSet.visit(ParallelResolveArtifactSet.java:69)
	at org.gradle.api.internal.artifacts.ivyservice.resolveengine.artifact.ResolvedArtifactSetResolver$1.run(ResolvedArtifactSetResolver.java:61)
	at org.gradle.internal.operations.DefaultBuildOperationRunner$1.execute(DefaultBuildOperationRunner.java:29)
	at org.gradle.internal.operations.DefaultBuildOperationRunner$1.execute(DefaultBuildOperationRunner.java:26)
	at org.gradle.internal.operations.DefaultBuildOperationRunner$2.execute(DefaultBuildOperationRunner.java:66)
	at org.gradle.internal.operations.DefaultBuildOperationRunner$2.execute(DefaultBuildOperationRunner.java:59)
	at org.gradle.internal.operations.DefaultBuildOperationRunner.execute(DefaultBuildOperationRunner.java:157)
	at org.gradle.internal.operations.DefaultBuildOperationRunner.execute(DefaultBuildOperationRunner.java:59)
	at org.gradle.internal.operations.DefaultBuildOperationRunner.run(DefaultBuildOperationRunner.java:47)
	at org.gradle.internal.operations.DefaultBuildOperationExecutor.run(DefaultBuildOperationExecutor.java:68)
	at org.gradle.api.internal.artifacts.ivyservice.resolveengine.artifact.ResolvedArtifactSetResolver.visitArtifacts(ResolvedArtifactSetResolver.java:58)
	at org.gradle.api.internal.artifacts.ivyservice.resolveengine.artifact.ResolvedArtifactSetResolver.lambda$visitInUnmanagedWorkerThread$0(ResolvedArtifactSetResolver.java:54)
	at org.gradle.internal.work.DefaultWorkerLeaseService.runAsUnmanagedWorkerThread(DefaultWorkerLeaseService.java:140)
	at org.gradle.api.internal.artifacts.ivyservice.resolveengine.artifact.ResolvedArtifactSetResolver.visitInUnmanagedWorkerThread(ResolvedArtifactSetResolver.java:54)
	at org.gradle.api.internal.artifacts.ivyservice.resolveengine.artifact.DefaultSelectedArtifactSet.visitArtifacts(DefaultSelectedArtifactSet.java:59)
	at org.gradle.api.internal.artifacts.ivyservice.resolveengine.artifact.SelectedArtifactSet.visitFiles(SelectedArtifactSet.java:34)
	at org.gradle.api.internal.artifacts.configurations.ResolutionBackedFileCollection.visitContents(ResolutionBackedFileCollection.java:73)
	at org.gradle.api.internal.file.AbstractFileCollection.visitStructure(AbstractFileCollection.java:361)
	at org.gradle.api.internal.file.collections.DefaultConfigurableFileCollection.lambda$calculateFinalizedValue$0(DefaultConfigurableFileCollection.java:415)
	at org.gradle.api.internal.file.collections.UnpackingVisitor.add(UnpackingVisitor.java:67)
	at org.gradle.api.internal.file.collections.DefaultConfigurableFileCollection$UnresolvedItemsCollector.visitContents(DefaultConfigurableFileCollection.java:593)
	at org.gradle.api.internal.file.collections.DefaultConfigurableFileCollection.calculateFinalizedValue(DefaultConfigurableFileCollection.java:415)
	at org.gradle.api.internal.file.collections.DefaultConfigurableFileCollection.finalizeNow(DefaultConfigurableFileCollection.java:120)
	at org.gradle.api.internal.file.collections.DefaultConfigurableFileCollection.lambda$visitChildren$1(DefaultConfigurableFileCollection.java:439)
	at org.gradle.api.internal.provider.ValueState.finalizeOnReadIfNeeded(ValueState.java:123)
	at org.gradle.api.internal.file.collections.DefaultConfigurableFileCollection.visitChildren(DefaultConfigurableFileCollection.java:439)
	at org.gradle.api.internal.file.CompositeFileCollection.visitContents(CompositeFileCollection.java:113)
	at org.gradle.api.internal.file.AbstractFileCollection.visitStructure(AbstractFileCollection.java:361)
	at org.gradle.api.internal.file.CompositeFileCollection.lambda$visitContents$0(CompositeFileCollection.java:113)
	at org.gradle.api.internal.file.collections.UnpackingVisitor.add(UnpackingVisitor.java:67)
	at org.gradle.api.internal.file.collections.UnpackingVisitor.add(UnpackingVisitor.java:92)
	at org.gradle.api.internal.file.DefaultFileCollectionFactory$ResolvingFileCollection.visitChildren(DefaultFileCollectionFactory.java:285)
	at org.gradle.api.internal.file.CompositeFileCollection.visitContents(CompositeFileCollection.java:113)
	at org.gradle.api.internal.file.AbstractFileCollection.visitStructure(AbstractFileCollection.java:361)
	at org.gradle.api.internal.file.CompositeFileCollection.lambda$visitContents$0(CompositeFileCollection.java:113)
	at org.gradle.api.internal.tasks.PropertyFileCollection.visitChildren(PropertyFileCollection.java:48)
	at org.gradle.api.internal.file.CompositeFileCollection.visitContents(CompositeFileCollection.java:113)
	at org.gradle.api.internal.file.AbstractFileCollection.visitStructure(AbstractFileCollection.java:361)
	at org.gradle.internal.fingerprint.impl.DefaultFileCollectionSnapshotter.snapshot(DefaultFileCollectionSnapshotter.java:47)
	at org.gradle.internal.execution.impl.DefaultInputFingerprinter$InputCollectingVisitor.visitInputFileProperty(DefaultInputFingerprinter.java:133)
	at org.gradle.api.internal.tasks.execution.TaskExecution.visitRegularInputs(TaskExecution.java:324)
	at org.gradle.internal.execution.impl.DefaultInputFingerprinter.fingerprintInputProperties(DefaultInputFingerprinter.java:63)
	at org.gradle.internal.execution.steps.AbstractCaptureStateBeforeExecutionStep.captureExecutionStateWithOutputs(AbstractCaptureStateBeforeExecutionStep.java:109)
	at org.gradle.internal.execution.steps.AbstractCaptureStateBeforeExecutionStep.lambda$captureExecutionState$0(AbstractCaptureStateBeforeExecutionStep.java:74)
	at org.gradle.internal.execution.steps.BuildOperationStep$1.call(BuildOperationStep.java:37)
	at org.gradle.internal.operations.DefaultBuildOperationRunner$CallableBuildOperationWorker.execute(DefaultBuildOperationRunner.java:200)
	at org.gradle.internal.operations.DefaultBuildOperationRunner$CallableBuildOperationWorker.execute(DefaultBuildOperationRunner.java:195)
	at org.gradle.internal.operations.DefaultBuildOperationRunner$2.execute(DefaultBuildOperationRunner.java:66)
	at org.gradle.internal.operations.DefaultBuildOperationRunner$2.execute(DefaultBuildOperationRunner.java:59)
	at org.gradle.internal.operations.DefaultBuildOperationRunner.execute(DefaultBuildOperationRunner.java:157)
	at org.gradle.internal.operations.DefaultBuildOperationRunner.execute(DefaultBuildOperationRunner.java:59)
	at org.gradle.internal.operations.DefaultBuildOperationRunner.call(DefaultBuildOperationRunner.java:53)
	at org.gradle.internal.operations.DefaultBuildOperationExecutor.call(DefaultBuildOperationExecutor.java:73)
	at org.gradle.internal.execution.steps.BuildOperationStep.operation(BuildOperationStep.java:34)
	at org.gradle.internal.execution.steps.AbstractCaptureStateBeforeExecutionStep.captureExecutionState(AbstractCaptureStateBeforeExecutionStep.java:69)
	at org.gradle.internal.execution.steps.AbstractCaptureStateBeforeExecutionStep.execute(AbstractCaptureStateBeforeExecutionStep.java:62)
	at org.gradle.internal.execution.steps.AbstractCaptureStateBeforeExecutionStep.execute(AbstractCaptureStateBeforeExecutionStep.java:43)
	at org.gradle.internal.execution.steps.AbstractSkipEmptyWorkStep.executeWithNonEmptySources(AbstractSkipEmptyWorkStep.java:125)
	at org.gradle.internal.execution.steps.AbstractSkipEmptyWorkStep.execute(AbstractSkipEmptyWorkStep.java:56)
	at org.gradle.internal.execution.steps.AbstractSkipEmptyWorkStep.execute(AbstractSkipEmptyWorkStep.java:36)
	at org.gradle.internal.execution.steps.legacy.MarkSnapshottingInputsStartedStep.execute(MarkSnapshottingInputsStartedStep.java:38)
	at org.gradle.internal.execution.steps.LoadPreviousExecutionStateStep.execute(LoadPreviousExecutionStateStep.java:36)
	at org.gradle.internal.execution.steps.LoadPreviousExecutionStateStep.execute(LoadPreviousExecutionStateStep.java:23)
	at org.gradle.internal.execution.steps.HandleStaleOutputsStep.execute(HandleStaleOutputsStep.java:75)
	at org.gradle.internal.execution.steps.HandleStaleOutputsStep.execute(HandleStaleOutputsStep.java:41)
	at org.gradle.internal.execution.steps.AssignMutableWorkspaceStep.lambda$execute$0(AssignMutableWorkspaceStep.java:35)
	at org.gradle.api.internal.tasks.execution.TaskExecution$4.withWorkspace(TaskExecution.java:289)
	at org.gradle.internal.execution.steps.AssignMutableWorkspaceStep.execute(AssignMutableWorkspaceStep.java:31)
	at org.gradle.internal.execution.steps.AssignMutableWorkspaceStep.execute(AssignMutableWorkspaceStep.java:22)
	at org.gradle.internal.execution.steps.ChoosePipelineStep.execute(ChoosePipelineStep.java:40)
	at org.gradle.internal.execution.steps.ChoosePipelineStep.execute(ChoosePipelineStep.java:23)
	at org.gradle.internal.execution.steps.ExecuteWorkBuildOperationFiringStep.lambda$execute$2(ExecuteWorkBuildOperationFiringStep.java:67)
	at java.base/java.util.Optional.orElseGet(Optional.java:364)
	at org.gradle.internal.execution.steps.ExecuteWorkBuildOperationFiringStep.execute(ExecuteWorkBuildOperationFiringStep.java:67)
	at org.gradle.internal.execution.steps.ExecuteWorkBuildOperationFiringStep.execute(ExecuteWorkBuildOperationFiringStep.java:39)
	at org.gradle.internal.execution.steps.IdentityCacheStep.execute(IdentityCacheStep.java:46)
	at org.gradle.internal.execution.steps.IdentityCacheStep.execute(IdentityCacheStep.java:34)
	at org.gradle.internal.execution.steps.IdentifyStep.execute(IdentifyStep.java:48)
	at org.gradle.internal.execution.steps.IdentifyStep.execute(IdentifyStep.java:35)
	at org.gradle.internal.execution.impl.DefaultExecutionEngine$1.execute(DefaultExecutionEngine.java:61)
	at org.gradle.api.internal.tasks.execution.ExecuteActionsTaskExecuter.executeIfValid(ExecuteActionsTaskExecuter.java:127)
	at org.gradle.api.internal.tasks.execution.ExecuteActionsTaskExecuter.execute(ExecuteActionsTaskExecuter.java:116)
	at org.gradle.api.internal.tasks.execution.FinalizePropertiesTaskExecuter.execute(FinalizePropertiesTaskExecuter.java:46)
	at org.gradle.api.internal.tasks.execution.ResolveTaskExecutionModeExecuter.execute(ResolveTaskExecutionModeExecuter.java:51)
	at org.gradle.api.internal.tasks.execution.SkipTaskWithNoActionsExecuter.execute(SkipTaskWithNoActionsExecuter.java:57)
	at org.gradle.api.internal.tasks.execution.SkipOnlyIfTaskExecuter.execute(SkipOnlyIfTaskExecuter.java:74)
	at org.gradle.api.internal.tasks.execution.CatchExceptionTaskExecuter.execute(CatchExceptionTaskExecuter.java:36)
	at org.gradle.api.internal.tasks.execution.EventFiringTaskExecuter$1.executeTask(EventFiringTaskExecuter.java:77)
	at org.gradle.api.internal.tasks.execution.EventFiringTaskExecuter$1.call(EventFiringTaskExecuter.java:55)
	at org.gradle.api.internal.tasks.execution.EventFiringTaskExecuter$1.call(EventFiringTaskExecuter.java:52)
	at org.gradle.internal.operations.DefaultBuildOperationRunner$CallableBuildOperationWorker.execute(DefaultBuildOperationRunner.java:200)
	at org.gradle.internal.operations.DefaultBuildOperationRunner$CallableBuildOperationWorker.execute(DefaultBuildOperationRunner.java:195)
	at org.gradle.internal.operations.DefaultBuildOperationRunner$2.execute(DefaultBuildOperationRunner.java:66)
	at org.gradle.internal.operations.DefaultBuildOperationRunner$2.execute(DefaultBuildOperationRunner.java:59)
	at org.gradle.internal.operations.DefaultBuildOperationRunner.execute(DefaultBuildOperationRunner.java:157)
	at org.gradle.internal.operations.DefaultBuildOperationRunner.execute(DefaultBuildOperationRunner.java:59)
	at org.gradle.internal.operations.DefaultBuildOperationRunner.call(DefaultBuildOperationRunner.java:53)
	at org.gradle.internal.operations.DefaultBuildOperationExecutor.call(DefaultBuildOperationExecutor.java:73)
	at org.gradle.api.internal.tasks.execution.EventFiringTaskExecuter.execute(EventFiringTaskExecuter.java:52)
	at org.gradle.execution.plan.LocalTaskNodeExecutor.execute(LocalTaskNodeExecutor.java:42)
	at org.gradle.execution.taskgraph.DefaultTaskExecutionGraph$InvokeNodeExecutorsAction.execute(DefaultTaskExecutionGraph.java:331)
	at org.gradle.execution.taskgraph.DefaultTaskExecutionGraph$InvokeNodeExecutorsAction.execute(DefaultTaskExecutionGraph.java:318)
	at org.gradle.execution.taskgraph.DefaultTaskExecutionGraph$BuildOperationAwareExecutionAction.lambda$execute$0(DefaultTaskExecutionGraph.java:314)
	at org.gradle.internal.operations.CurrentBuildOperationRef.with(CurrentBuildOperationRef.java:80)
	at org.gradle.execution.taskgraph.DefaultTaskExecutionGraph$BuildOperationAwareExecutionAction.execute(DefaultTaskExecutionGraph.java:314)
	at org.gradle.execution.taskgraph.DefaultTaskExecutionGraph$BuildOperationAwareExecutionAction.execute(DefaultTaskExecutionGraph.java:303)
	at org.gradle.execution.plan.DefaultPlanExecutor$ExecutorWorker.execute(DefaultPlanExecutor.java:463)
	at org.gradle.execution.plan.DefaultPlanExecutor$ExecutorWorker.run(DefaultPlanExecutor.java:380)
	at org.gradle.execution.plan.DefaultPlanExecutor.process(DefaultPlanExecutor.java:116)
	at org.gradle.execution.taskgraph.DefaultTaskExecutionGraph.executeWithServices(DefaultTaskExecutionGraph.java:138)
	at org.gradle.execution.taskgraph.DefaultTaskExecutionGraph.execute(DefaultTaskExecutionGraph.java:123)
	at org.gradle.execution.SelectedTaskExecutionAction.execute(SelectedTaskExecutionAction.java:35)
	at org.gradle.execution.DryRunBuildExecutionAction.execute(DryRunBuildExecutionAction.java:51)
	at org.gradle.execution.BuildOperationFiringBuildWorkerExecutor$ExecuteTasks.call(BuildOperationFiringBuildWorkerExecutor.java:54)
	at org.gradle.execution.BuildOperationFiringBuildWorkerExecutor$ExecuteTasks.call(BuildOperationFiringBuildWorkerExecutor.java:43)
	at org.gradle.internal.operations.DefaultBuildOperationRunner$CallableBuildOperationWorker.execute(DefaultBuildOperationRunner.java:200)
	at org.gradle.internal.operations.DefaultBuildOperationRunner$CallableBuildOperationWorker.execute(DefaultBuildOperationRunner.java:195)
	at org.gradle.internal.operations.DefaultBuildOperationRunner$2.execute(DefaultBuildOperationRunner.java:66)
	at org.gradle.internal.operations.DefaultBuildOperationRunner$2.execute(DefaultBuildOperationRunner.java:59)
	at org.gradle.internal.operations.DefaultBuildOperationRunner.execute(DefaultBuildOperationRunner.java:157)
	at org.gradle.internal.operations.DefaultBuildOperationRunner.execute(DefaultBuildOperationRunner.java:59)
	at org.gradle.internal.operations.DefaultBuildOperationRunner.call(DefaultBuildOperationRunner.java:53)
	at org.gradle.internal.operations.DefaultBuildOperationExecutor.call(DefaultBuildOperationExecutor.java:73)
	at org.gradle.execution.BuildOperationFiringBuildWorkerExecutor.execute(BuildOperationFiringBuildWorkerExecutor.java:40)
	at org.gradle.internal.build.DefaultBuildLifecycleController.lambda$executeTasks$10(DefaultBuildLifecycleController.java:313)
	at org.gradle.internal.model.StateTransitionController.doTransition(StateTransitionController.java:266)
	at org.gradle.internal.model.StateTransitionController.lambda$tryTransition$8(StateTransitionController.java:177)
	at org.gradle.internal.work.DefaultSynchronizer.withLock(DefaultSynchronizer.java:44)
	at org.gradle.internal.model.StateTransitionController.tryTransition(StateTransitionController.java:177)
	at org.gradle.internal.build.DefaultBuildLifecycleController.executeTasks(DefaultBuildLifecycleController.java:304)
	at org.gradle.internal.build.DefaultBuildWorkGraphController$DefaultBuildWorkGraph.runWork(DefaultBuildWorkGraphController.java:220)
	at org.gradle.internal.work.DefaultWorkerLeaseService.withLocks(DefaultWorkerLeaseService.java:264)
	at org.gradle.internal.work.DefaultWorkerLeaseService.runAsWorkerThread(DefaultWorkerLeaseService.java:128)
	at org.gradle.composite.internal.DefaultBuildController.doRun(DefaultBuildController.java:181)
	at org.gradle.composite.internal.DefaultBuildController.access$000(DefaultBuildController.java:50)
	at org.gradle.composite.internal.DefaultBuildController$BuildOpRunnable.lambda$run$0(DefaultBuildController.java:198)
	at org.gradle.internal.operations.CurrentBuildOperationRef.with(CurrentBuildOperationRef.java:80)
	at org.gradle.composite.internal.DefaultBuildController$BuildOpRunnable.run(DefaultBuildController.java:198)
	at java.base/java.util.concurrent.Executors$RunnableAdapter.call(Executors.java:539)
	at java.base/java.util.concurrent.FutureTask.run(FutureTask.java:264)
	at org.gradle.internal.concurrent.ExecutorPolicy$CatchAndRecordFailures.onExecute(ExecutorPolicy.java:64)
	at org.gradle.internal.concurrent.AbstractManagedExecutor$1.run(AbstractManagedExecutor.java:47)
	at java.base/java.util.concurrent.ThreadPoolExecutor.runWorker(ThreadPoolExecutor.java:1136)
	at java.base/java.util.concurrent.ThreadPoolExecutor$Worker.run(ThreadPoolExecutor.java:635)
	at java.base/java.lang.Thread.run(Thread.java:840)
Caused by: org.gradle.api.internal.artifacts.transform.TransformException: Execution failed for AarResourcesCompilerTransform: /root/.gradle/caches/transforms-4/8e0a0bff2d388b6446750efdf4a5758f/transformed/core-1.13.1.
	at org.gradle.api.internal.artifacts.transform.DefaultTransformInvocationFactory.lambda$createInvocation$1(DefaultTransformInvocationFactory.java:151)
	at org.gradle.internal.Try$Failure.mapFailure(Try.java:273)
	at org.gradle.api.internal.artifacts.transform.DefaultTransformInvocationFactory.lambda$createInvocation$2(DefaultTransformInvocationFactory.java:151)
	at org.gradle.internal.Deferrable$1.applyAndRequireNonNull(Deferrable.java:63)
	at org.gradle.internal.Deferrable$1.completeAndGet(Deferrable.java:59)
	at org.gradle.internal.Deferrable$1.completeAndGet(Deferrable.java:59)
	at org.gradle.api.internal.artifacts.transform.TransformingAsyncArtifactListener$TransformedArtifact.finalizeValue(TransformingAsyncArtifactListener.java:209)
	at org.gradle.api.internal.artifacts.transform.TransformingAsyncArtifactListener$TransformedArtifact.run(TransformingAsyncArtifactListener.java:147)
	at org.gradle.internal.operations.DefaultBuildOperationRunner$2.execute(DefaultBuildOperationRunner.java:66)
	at org.gradle.internal.operations.DefaultBuildOperationRunner$2.execute(DefaultBuildOperationRunner.java:59)
	at org.gradle.internal.operations.DefaultBuildOperationRunner.execute(DefaultBuildOperationRunner.java:157)
	at org.gradle.internal.operations.DefaultBuildOperationRunner.execute(DefaultBuildOperationRunner.java:59)
	at org.gradle.internal.operations.DefaultBuildOperationExecutor$QueueWorker.execute(DefaultBuildOperationExecutor.java:238)
	at org.gradle.internal.operations.DefaultBuildOperationQueue$WorkerRunnable.runOperation(DefaultBuildOperationQueue.java:272)
	at org.gradle.internal.operations.DefaultBuildOperationQueue$WorkerRunnable.doRunBatch(DefaultBuildOperationQueue.java:253)
	at org.gradle.internal.operations.DefaultBuildOperationQueue$WorkerRunnable.lambda$runBatch$0(DefaultBuildOperationQueue.java:238)
	at org.gradle.internal.resources.AbstractResourceLockRegistry.whileDisallowingLockChanges(AbstractResourceLockRegistry.java:50)
	at org.gradle.internal.work.DefaultWorkerLeaseService.whileDisallowingProjectLockChanges(DefaultWorkerLeaseService.java:236)
	at org.gradle.internal.operations.DefaultBuildOperationQueue$WorkerRunnable.lambda$runBatch$1(DefaultBuildOperationQueue.java:238)
	at org.gradle.internal.work.DefaultWorkerLeaseService.withLocks(DefaultWorkerLeaseService.java:264)
	at org.gradle.internal.work.DefaultWorkerLeaseService.runAsWorkerThread(DefaultWorkerLeaseService.java:128)
	at org.gradle.internal.operations.DefaultBuildOperationQueue$WorkerRunnable.runBatch(DefaultBuildOperationQueue.java:224)
	at org.gradle.internal.operations.DefaultBuildOperationQueue$WorkerRunnable.run(DefaultBuildOperationQueue.java:192)
	... 5 more
Caused by: com.android.builder.internal.aapt.v2.Aapt2InternalException: AAPT2 aapt2-8.5.2-11315950-linux Daemon #0: Daemon startup failed
This should not happen under normal circumstances, please file an issue if it does.
	at com.android.builder.internal.aapt.v2.Aapt2Daemon.handleError(Aapt2Daemon.kt:193)
	at com.android.builder.internal.aapt.v2.Aapt2Daemon.handleError$default(Aapt2Daemon.kt:190)
	at com.android.builder.internal.aapt.v2.Aapt2Daemon.checkStarted(Aapt2Daemon.kt:77)
	at com.android.builder.internal.aapt.v2.Aapt2Daemon.compile(Aapt2Daemon.kt:100)
	at com.android.builder.internal.aapt.v2.Aapt2DaemonManager$LeasedAaptDaemon.compile(Aapt2DaemonManager.kt:170)
	at com.android.builder.internal.aapt.v2.Aapt2DaemonManager$leasingAapt2Daemon$1.compile(Aapt2DaemonManager.kt:195)
	at com.android.build.gradle.internal.services.PartialInProcessResourceProcessor.compile(PartialInProcessResourceProcessor.kt:47)
	at com.android.build.gradle.internal.res.Aapt2CompileRunnableKt.runAapt2Compile(Aapt2CompileRunnable.kt:57)
	at com.android.build.gradle.internal.dependency.AarResourcesCompilerTransform.transform(AarResourcesCompilerTransform.kt:75)
	at org.gradle.api.internal.artifacts.transform.DefaultTransform.transform(DefaultTransform.java:276)
	at org.gradle.api.internal.artifacts.transform.AbstractTransformExecution$2.call(AbstractTransformExecution.java:143)
	at org.gradle.api.internal.artifacts.transform.AbstractTransformExecution$2.call(AbstractTransformExecution.java:137)
	at org.gradle.internal.operations.DefaultBuildOperationRunner$CallableBuildOperationWorker.execute(DefaultBuildOperationRunner.java:200)
	at org.gradle.internal.operations.DefaultBuildOperationRunner$CallableBuildOperationWorker.execute(DefaultBuildOperationRunner.java:195)
	at org.gradle.internal.operations.DefaultBuildOperationRunner$2.execute(DefaultBuildOperationRunner.java:66)
	at org.gradle.internal.operations.DefaultBuildOperationRunner$2.execute(DefaultBuildOperationRunner.java:59)
	at org.gradle.internal.operations.DefaultBuildOperationRunner.execute(DefaultBuildOperationRunner.java:157)
	at org.gradle.internal.operations.DefaultBuildOperationRunner.execute(DefaultBuildOperationRunner.java:59)
	at org.gradle.internal.operations.DefaultBuildOperationRunner.call(DefaultBuildOperationRunner.java:53)
	at org.gradle.internal.operations.DefaultBuildOperationExecutor.call(DefaultBuildOperationExecutor.java:73)
	at org.gradle.api.internal.artifacts.transform.AbstractTransformExecution.executeWithinTransformerListener(AbstractTransformExecution.java:137)
	at org.gradle.api.internal.artifacts.transform.AbstractTransformExecution.execute(AbstractTransformExecution.java:130)
	at org.gradle.internal.execution.steps.ExecuteStep.executeInternal(ExecuteStep.java:105)
	at org.gradle.internal.execution.steps.ExecuteStep.access$000(ExecuteStep.java:44)
	at org.gradle.internal.execution.steps.ExecuteStep$1.call(ExecuteStep.java:59)
	at org.gradle.internal.execution.steps.ExecuteStep$1.call(ExecuteStep.java:56)
	at org.gradle.internal.operations.DefaultBuildOperationRunner$CallableBuildOperationWorker.execute(DefaultBuildOperationRunner.java:200)
	at org.gradle.internal.operations.DefaultBuildOperationRunner$CallableBuildOperationWorker.execute(DefaultBuildOperationRunner.java:195)
	at org.gradle.internal.operations.DefaultBuildOperationRunner$2.execute(DefaultBuildOperationRunner.java:66)
	at org.gradle.internal.operations.DefaultBuildOperationRunner$2.execute(DefaultBuildOperationRunner.java:59)
	at org.gradle.internal.operations.DefaultBuildOperationRunner.execute(DefaultBuildOperationRunner.java:157)
	at org.gradle.internal.operations.DefaultBuildOperationRunner.execute(DefaultBuildOperationRunner.java:59)
	at org.gradle.internal.operations.DefaultBuildOperationRunner.call(DefaultBuildOperationRunner.java:53)
	at org.gradle.internal.operations.DefaultBuildOperationExecutor.call(DefaultBuildOperationExecutor.java:73)
	at org.gradle.internal.execution.steps.ExecuteStep.execute(ExecuteStep.java:56)
	at org.gradle.internal.execution.steps.ExecuteStep.execute(ExecuteStep.java:44)
	at org.gradle.internal.execution.steps.CancelExecutionStep.execute(CancelExecutionStep.java:41)
	at org.gradle.internal.execution.steps.TimeoutStep.executeWithoutTimeout(TimeoutStep.java:74)
	at org.gradle.internal.execution.steps.TimeoutStep.execute(TimeoutStep.java:55)
	at org.gradle.internal.execution.steps.PreCreateOutputParentsStep.execute(PreCreateOutputParentsStep.java:50)
	at org.gradle.internal.execution.steps.PreCreateOutputParentsStep.execute(PreCreateOutputParentsStep.java:28)
	at org.gradle.internal.execution.steps.BroadcastChangingOutputsStep.execute(BroadcastChangingOutputsStep.java:61)
	at org.gradle.internal.execution.steps.BroadcastChangingOutputsStep.execute(BroadcastChangingOutputsStep.java:26)
	at org.gradle.internal.execution.steps.NoInputChangesStep.execute(NoInputChangesStep.java:30)
	at org.gradle.internal.execution.steps.NoInputChangesStep.execute(NoInputChangesStep.java:21)
	at org.gradle.internal.execution.steps.CaptureOutputsAfterExecutionStep.execute(CaptureOutputsAfterExecutionStep.java:67)
	at org.gradle.internal.execution.steps.CaptureOutputsAfterExecutionStep.execute(CaptureOutputsAfterExecutionStep.java:45)
	at org.gradle.internal.execution.steps.BuildCacheStep.executeWithoutCache(BuildCacheStep.java:189)
	at org.gradle.internal.execution.steps.BuildCacheStep.lambda$execute$1(BuildCacheStep.java:75)
	at org.gradle.internal.Either$Right.fold(Either.java:175)
	at org.gradle.internal.execution.caching.CachingState.fold(CachingState.java:62)
	at org.gradle.internal.execution.steps.BuildCacheStep.execute(BuildCacheStep.java:73)
	at org.gradle.internal.execution.steps.BuildCacheStep.execute(BuildCacheStep.java:48)
	at org.gradle.internal.execution.steps.NeverUpToDateStep.execute(NeverUpToDateStep.java:34)
	at org.gradle.internal.execution.steps.NeverUpToDateStep.execute(NeverUpToDateStep.java:22)
	at org.gradle.internal.execution.steps.legacy.MarkSnapshottingInputsFinishedStep.execute(MarkSnapshottingInputsFinishedStep.java:37)
	at org.gradle.internal.execution.steps.legacy.MarkSnapshottingInputsFinishedStep.execute(MarkSnapshottingInputsFinishedStep.java:27)
	at org.gradle.internal.execution.steps.ResolveNonIncrementalCachingStateStep.executeDelegate(ResolveNonIncrementalCachingStateStep.java:50)
	at org.gradle.internal.execution.steps.AbstractResolveCachingStateStep.execute(AbstractResolveCachingStateStep.java:71)
	at org.gradle.internal.execution.steps.AbstractResolveCachingStateStep.execute(AbstractResolveCachingStateStep.java:39)
	at org.gradle.internal.execution.steps.ValidateStep.execute(ValidateStep.java:106)
	at org.gradle.internal.execution.steps.ValidateStep.execute(ValidateStep.java:55)
	at org.gradle.internal.execution.steps.AbstractCaptureStateBeforeExecutionStep.execute(AbstractCaptureStateBeforeExecutionStep.java:64)
	at org.gradle.internal.execution.steps.AbstractCaptureStateBeforeExecutionStep.execute(AbstractCaptureStateBeforeExecutionStep.java:43)
	at org.gradle.internal.execution.steps.legacy.MarkSnapshottingInputsStartedStep.execute(MarkSnapshottingInputsStartedStep.java:38)
	at org.gradle.internal.execution.steps.AssignImmutableWorkspaceStep.lambda$executeInTemporaryWorkspace$3(AssignImmutableWorkspaceStep.java:209)
	at org.gradle.internal.execution.workspace.impl.CacheBasedImmutableWorkspaceProvider$1.withTemporaryWorkspace(CacheBasedImmutableWorkspaceProvider.java:119)
	at org.gradle.internal.execution.steps.AssignImmutableWorkspaceStep.executeInTemporaryWorkspace(AssignImmutableWorkspaceStep.java:199)
	at org.gradle.internal.execution.steps.AssignImmutableWorkspaceStep.lambda$execute$0(AssignImmutableWorkspaceStep.java:121)
	at java.base/java.util.Optional.orElseGet(Optional.java:364)
	at org.gradle.internal.execution.steps.AssignImmutableWorkspaceStep.execute(AssignImmutableWorkspaceStep.java:121)
	at org.gradle.internal.execution.steps.AssignImmutableWorkspaceStep.execute(AssignImmutableWorkspaceStep.java:90)
	at org.gradle.internal.execution.steps.ChoosePipelineStep.execute(ChoosePipelineStep.java:38)
	at org.gradle.internal.execution.steps.ChoosePipelineStep.execute(ChoosePipelineStep.java:23)
	at org.gradle.internal.execution.steps.ExecuteWorkBuildOperationFiringStep.lambda$execute$0(ExecuteWorkBuildOperationFiringStep.java:53)
	at org.gradle.internal.execution.steps.BuildOperationStep$1.call(BuildOperationStep.java:37)
	at org.gradle.internal.operations.DefaultBuildOperationRunner$CallableBuildOperationWorker.execute(DefaultBuildOperationRunner.java:200)
	at org.gradle.internal.operations.DefaultBuildOperationRunner$CallableBuildOperationWorker.execute(DefaultBuildOperationRunner.java:195)
	at org.gradle.internal.operations.DefaultBuildOperationRunner$2.execute(DefaultBuildOperationRunner.java:66)
	at org.gradle.internal.operations.DefaultBuildOperationRunner$2.execute(DefaultBuildOperationRunner.java:59)
	at org.gradle.internal.operations.DefaultBuildOperationRunner.execute(DefaultBuildOperationRunner.java:157)
	at org.gradle.internal.operations.DefaultBuildOperationRunner.execute(DefaultBuildOperationRunner.java:59)
	at org.gradle.internal.operations.DefaultBuildOperationRunner.call(DefaultBuildOperationRunner.java:53)
	at org.gradle.internal.operations.DefaultBuildOperationExecutor.call(DefaultBuildOperationExecutor.java:73)
	at org.gradle.internal.execution.steps.BuildOperationStep.operation(BuildOperationStep.java:34)
	at org.gradle.internal.execution.steps.ExecuteWorkBuildOperationFiringStep.lambda$execute$1(ExecuteWorkBuildOperationFiringStep.java:51)
	at java.base/java.util.Optional.map(Optional.java:260)
	at org.gradle.internal.execution.steps.ExecuteWorkBuildOperationFiringStep.execute(ExecuteWorkBuildOperationFiringStep.java:51)
	at org.gradle.internal.execution.steps.ExecuteWorkBuildOperationFiringStep.execute(ExecuteWorkBuildOperationFiringStep.java:39)
	at org.gradle.internal.execution.steps.IdentityCacheStep.execute(IdentityCacheStep.java:46)
	at org.gradle.internal.execution.steps.IdentityCacheStep.executeInCache(IdentityCacheStep.java:80)
	at org.gradle.internal.execution.steps.IdentityCacheStep.lambda$executeDeferred$0(IdentityCacheStep.java:60)
	at org.gradle.cache.Cache.lambda$get$0(Cache.java:31)
	at java.base/java.util.concurrent.ConcurrentHashMap.computeIfAbsent(ConcurrentHashMap.java:1708)
	at org.gradle.cache.ManualEvictionInMemoryCache.get(ManualEvictionInMemoryCache.java:30)
	at org.gradle.cache.internal.DefaultCrossBuildInMemoryCacheFactory$CrossBuildCacheRetainingDataFromPreviousBuild.get(DefaultCrossBuildInMemoryCacheFactory.java:255)
	at org.gradle.cache.Cache.get(Cache.java:31)
	at org.gradle.internal.execution.steps.IdentityCacheStep.lambda$executeDeferred$1(IdentityCacheStep.java:58)
	at org.gradle.internal.Deferrable$3.completeAndGet(Deferrable.java:117)
	... 24 more
Caused by: java.io.IOException: Cannot run program "/root/.gradle/caches/transforms-4/2bba49eee1d64d073cb89b5f3891cf2c/transformed/aapt2-8.5.2-11315950-linux/aapt2": error=2, No such file or directory
	at java.base/java.lang.ProcessBuilder.start(ProcessBuilder.java:1143)
	at java.base/java.lang.ProcessBuilder.start(ProcessBuilder.java:1073)
	at org.gradle.internal.classpath.Instrumented.start(Instrumented.java:320)
	at com.android.builder.internal.aapt.v2.Aapt2DaemonImpl.startProcess(Aapt2DaemonImpl.kt:84)
	at com.android.builder.internal.aapt.v2.Aapt2Daemon.checkStarted(Aapt2Daemon.kt:56)
	... 120 more
Caused by: java.io.IOException: error=2, No such file or directory
	at java.base/java.lang.ProcessImpl.forkAndExec(Native Method)
	at java.base/java.lang.ProcessImpl.<init>(ProcessImpl.java:314)
	at java.base/java.lang.ProcessImpl.start(ProcessImpl.java:244)
	at java.base/java.lang.ProcessBuilder.start(ProcessBuilder.java:1110)
	... 124 more
Cause 5: org.gradle.api.internal.artifacts.transform.TransformException: Failed to transform core-1.13.1.aar (androidx.core:core:1.13.1) to match attributes {artifactType=android-compiled-dependencies-resources, org.gradle.status=release}.
	at org.gradle.api.internal.artifacts.transform.TransformingAsyncArtifactListener$TransformedArtifact.lambda$visit$4(TransformingAsyncArtifactListener.java:243)
	at org.gradle.internal.Try$Failure.ifSuccessfulOrElse(Try.java:282)
	at org.gradle.api.internal.artifacts.transform.TransformingAsyncArtifactListener$TransformedArtifact.visit(TransformingAsyncArtifactListener.java:235)
	at org.gradle.api.internal.artifacts.ivyservice.resolveengine.artifact.ParallelResolveArtifactSet$VisitingSet$StartVisitAction.visitResults(ParallelResolveArtifactSet.java:100)
	at org.gradle.api.internal.artifacts.ivyservice.resolveengine.artifact.ParallelResolveArtifactSet$VisitingSet.visit(ParallelResolveArtifactSet.java:69)
	at org.gradle.api.internal.artifacts.ivyservice.resolveengine.artifact.ResolvedArtifactSetResolver$1.run(ResolvedArtifactSetResolver.java:61)
	at org.gradle.internal.operations.DefaultBuildOperationRunner$1.execute(DefaultBuildOperationRunner.java:29)
	at org.gradle.internal.operations.DefaultBuildOperationRunner$1.execute(DefaultBuildOperationRunner.java:26)
	at org.gradle.internal.operations.DefaultBuildOperationRunner$2.execute(DefaultBuildOperationRunner.java:66)
	at org.gradle.internal.operations.DefaultBuildOperationRunner$2.execute(DefaultBuildOperationRunner.java:59)
	at org.gradle.internal.operations.DefaultBuildOperationRunner.execute(DefaultBuildOperationRunner.java:157)
	at org.gradle.internal.operations.DefaultBuildOperationRunner.execute(DefaultBuildOperationRunner.java:59)
	at org.gradle.internal.operations.DefaultBuildOperationRunner.run(DefaultBuildOperationRunner.java:47)
	at org.gradle.internal.operations.DefaultBuildOperationExecutor.run(DefaultBuildOperationExecutor.java:68)
	at org.gradle.api.internal.artifacts.ivyservice.resolveengine.artifact.ResolvedArtifactSetResolver.visitArtifacts(ResolvedArtifactSetResolver.java:58)
	at org.gradle.api.internal.artifacts.ivyservice.resolveengine.artifact.ResolvedArtifactSetResolver.lambda$visitInUnmanagedWorkerThread$0(ResolvedArtifactSetResolver.java:54)
	at org.gradle.internal.work.DefaultWorkerLeaseService.runAsUnmanagedWorkerThread(DefaultWorkerLeaseService.java:140)
	at org.gradle.api.internal.artifacts.ivyservice.resolveengine.artifact.ResolvedArtifactSetResolver.visitInUnmanagedWorkerThread(ResolvedArtifactSetResolver.java:54)
	at org.gradle.api.internal.artifacts.ivyservice.resolveengine.artifact.DefaultSelectedArtifactSet.visitArtifacts(DefaultSelectedArtifactSet.java:59)
	at org.gradle.api.internal.artifacts.ivyservice.resolveengine.artifact.SelectedArtifactSet.visitFiles(SelectedArtifactSet.java:34)
	at org.gradle.api.internal.artifacts.configurations.ResolutionBackedFileCollection.visitContents(ResolutionBackedFileCollection.java:73)
	at org.gradle.api.internal.file.AbstractFileCollection.visitStructure(AbstractFileCollection.java:361)
	at org.gradle.api.internal.file.collections.DefaultConfigurableFileCollection.lambda$calculateFinalizedValue$0(DefaultConfigurableFileCollection.java:415)
	at org.gradle.api.internal.file.collections.UnpackingVisitor.add(UnpackingVisitor.java:67)
	at org.gradle.api.internal.file.collections.DefaultConfigurableFileCollection$UnresolvedItemsCollector.visitContents(DefaultConfigurableFileCollection.java:593)
	at org.gradle.api.internal.file.collections.DefaultConfigurableFileCollection.calculateFinalizedValue(DefaultConfigurableFileCollection.java:415)
	at org.gradle.api.internal.file.collections.DefaultConfigurableFileCollection.finalizeNow(DefaultConfigurableFileCollection.java:120)
	at org.gradle.api.internal.file.collections.DefaultConfigurableFileCollection.lambda$visitChildren$1(DefaultConfigurableFileCollection.java:439)
	at org.gradle.api.internal.provider.ValueState.finalizeOnReadIfNeeded(ValueState.java:123)
	at org.gradle.api.internal.file.collections.DefaultConfigurableFileCollection.visitChildren(DefaultConfigurableFileCollection.java:439)
	at org.gradle.api.internal.file.CompositeFileCollection.visitContents(CompositeFileCollection.java:113)
	at org.gradle.api.internal.file.AbstractFileCollection.visitStructure(AbstractFileCollection.java:361)
	at org.gradle.api.internal.file.CompositeFileCollection.lambda$visitContents$0(CompositeFileCollection.java:113)
	at org.gradle.api.internal.file.collections.UnpackingVisitor.add(UnpackingVisitor.java:67)
	at org.gradle.api.internal.file.collections.UnpackingVisitor.add(UnpackingVisitor.java:92)
	at org.gradle.api.internal.file.DefaultFileCollectionFactory$ResolvingFileCollection.visitChildren(DefaultFileCollectionFactory.java:285)
	at org.gradle.api.internal.file.CompositeFileCollection.visitContents(CompositeFileCollection.java:113)
	at org.gradle.api.internal.file.AbstractFileCollection.visitStructure(AbstractFileCollection.java:361)
	at org.gradle.api.internal.file.CompositeFileCollection.lambda$visitContents$0(CompositeFileCollection.java:113)
	at org.gradle.api.internal.tasks.PropertyFileCollection.visitChildren(PropertyFileCollection.java:48)
	at org.gradle.api.internal.file.CompositeFileCollection.visitContents(CompositeFileCollection.java:113)
	at org.gradle.api.internal.file.AbstractFileCollection.visitStructure(AbstractFileCollection.java:361)
	at org.gradle.internal.fingerprint.impl.DefaultFileCollectionSnapshotter.snapshot(DefaultFileCollectionSnapshotter.java:47)
	at org.gradle.internal.execution.impl.DefaultInputFingerprinter$InputCollectingVisitor.visitInputFileProperty(DefaultInputFingerprinter.java:133)
	at org.gradle.api.internal.tasks.execution.TaskExecution.visitRegularInputs(TaskExecution.java:324)
	at org.gradle.internal.execution.impl.DefaultInputFingerprinter.fingerprintInputProperties(DefaultInputFingerprinter.java:63)
	at org.gradle.internal.execution.steps.AbstractCaptureStateBeforeExecutionStep.captureExecutionStateWithOutputs(AbstractCaptureStateBeforeExecutionStep.java:109)
	at org.gradle.internal.execution.steps.AbstractCaptureStateBeforeExecutionStep.lambda$captureExecutionState$0(AbstractCaptureStateBeforeExecutionStep.java:74)
	at org.gradle.internal.execution.steps.BuildOperationStep$1.call(BuildOperationStep.java:37)
	at org.gradle.internal.operations.DefaultBuildOperationRunner$CallableBuildOperationWorker.execute(DefaultBuildOperationRunner.java:200)
	at org.gradle.internal.operations.DefaultBuildOperationRunner$CallableBuildOperationWorker.execute(DefaultBuildOperationRunner.java:195)
	at org.gradle.internal.operations.DefaultBuildOperationRunner$2.execute(DefaultBuildOperationRunner.java:66)
	at org.gradle.internal.operations.DefaultBuildOperationRunner$2.execute(DefaultBuildOperationRunner.java:59)
	at org.gradle.internal.operations.DefaultBuildOperationRunner.execute(DefaultBuildOperationRunner.java:157)
	at org.gradle.internal.operations.DefaultBuildOperationRunner.execute(DefaultBuildOperationRunner.java:59)
	at org.gradle.internal.operations.DefaultBuildOperationRunner.call(DefaultBuildOperationRunner.java:53)
	at org.gradle.internal.operations.DefaultBuildOperationExecutor.call(DefaultBuildOperationExecutor.java:73)
	at org.gradle.internal.execution.steps.BuildOperationStep.operation(BuildOperationStep.java:34)
	at org.gradle.internal.execution.steps.AbstractCaptureStateBeforeExecutionStep.captureExecutionState(AbstractCaptureStateBeforeExecutionStep.java:69)
	at org.gradle.internal.execution.steps.AbstractCaptureStateBeforeExecutionStep.execute(AbstractCaptureStateBeforeExecutionStep.java:62)
	at org.gradle.internal.execution.steps.AbstractCaptureStateBeforeExecutionStep.execute(AbstractCaptureStateBeforeExecutionStep.java:43)
	at org.gradle.internal.execution.steps.AbstractSkipEmptyWorkStep.executeWithNonEmptySources(AbstractSkipEmptyWorkStep.java:125)
	at org.gradle.internal.execution.steps.AbstractSkipEmptyWorkStep.execute(AbstractSkipEmptyWorkStep.java:56)
	at org.gradle.internal.execution.steps.AbstractSkipEmptyWorkStep.execute(AbstractSkipEmptyWorkStep.java:36)
	at org.gradle.internal.execution.steps.legacy.MarkSnapshottingInputsStartedStep.execute(MarkSnapshottingInputsStartedStep.java:38)
	at org.gradle.internal.execution.steps.LoadPreviousExecutionStateStep.execute(LoadPreviousExecutionStateStep.java:36)
	at org.gradle.internal.execution.steps.LoadPreviousExecutionStateStep.execute(LoadPreviousExecutionStateStep.java:23)
	at org.gradle.internal.execution.steps.HandleStaleOutputsStep.execute(HandleStaleOutputsStep.java:75)
	at org.gradle.internal.execution.steps.HandleStaleOutputsStep.execute(HandleStaleOutputsStep.java:41)
	at org.gradle.internal.execution.steps.AssignMutableWorkspaceStep.lambda$execute$0(AssignMutableWorkspaceStep.java:35)
	at org.gradle.api.internal.tasks.execution.TaskExecution$4.withWorkspace(TaskExecution.java:289)
	at org.gradle.internal.execution.steps.AssignMutableWorkspaceStep.execute(AssignMutableWorkspaceStep.java:31)
	at org.gradle.internal.execution.steps.AssignMutableWorkspaceStep.execute(AssignMutableWorkspaceStep.java:22)
	at org.gradle.internal.execution.steps.ChoosePipelineStep.execute(ChoosePipelineStep.java:40)
	at org.gradle.internal.execution.steps.ChoosePipelineStep.execute(ChoosePipelineStep.java:23)
	at org.gradle.internal.execution.steps.ExecuteWorkBuildOperationFiringStep.lambda$execute$2(ExecuteWorkBuildOperationFiringStep.java:67)
	at java.base/java.util.Optional.orElseGet(Optional.java:364)
	at org.gradle.internal.execution.steps.ExecuteWorkBuildOperationFiringStep.execute(ExecuteWorkBuildOperationFiringStep.java:67)
	at org.gradle.internal.execution.steps.ExecuteWorkBuildOperationFiringStep.execute(ExecuteWorkBuildOperationFiringStep.java:39)
	at org.gradle.internal.execution.steps.IdentityCacheStep.execute(IdentityCacheStep.java:46)
	at org.gradle.internal.execution.steps.IdentityCacheStep.execute(IdentityCacheStep.java:34)
	at org.gradle.internal.execution.steps.IdentifyStep.execute(IdentifyStep.java:48)
	at org.gradle.internal.execution.steps.IdentifyStep.execute(IdentifyStep.java:35)
	at org.gradle.internal.execution.impl.DefaultExecutionEngine$1.execute(DefaultExecutionEngine.java:61)
	at org.gradle.api.internal.tasks.execution.ExecuteActionsTaskExecuter.executeIfValid(ExecuteActionsTaskExecuter.java:127)
	at org.gradle.api.internal.tasks.execution.ExecuteActionsTaskExecuter.execute(ExecuteActionsTaskExecuter.java:116)
	at org.gradle.api.internal.tasks.execution.FinalizePropertiesTaskExecuter.execute(FinalizePropertiesTaskExecuter.java:46)
	at org.gradle.api.internal.tasks.execution.ResolveTaskExecutionModeExecuter.execute(ResolveTaskExecutionModeExecuter.java:51)
	at org.gradle.api.internal.tasks.execution.SkipTaskWithNoActionsExecuter.execute(SkipTaskWithNoActionsExecuter.java:57)
	at org.gradle.api.internal.tasks.execution.SkipOnlyIfTaskExecuter.execute(SkipOnlyIfTaskExecuter.java:74)
	at org.gradle.api.internal.tasks.execution.CatchExceptionTaskExecuter.execute(CatchExceptionTaskExecuter.java:36)
	at org.gradle.api.internal.tasks.execution.EventFiringTaskExecuter$1.executeTask(EventFiringTaskExecuter.java:77)
	at org.gradle.api.internal.tasks.execution.EventFiringTaskExecuter$1.call(EventFiringTaskExecuter.java:55)
	at org.gradle.api.internal.tasks.execution.EventFiringTaskExecuter$1.call(EventFiringTaskExecuter.java:52)
	at org.gradle.internal.operations.DefaultBuildOperationRunner$CallableBuildOperationWorker.execute(DefaultBuildOperationRunner.java:200)
	at org.gradle.internal.operations.DefaultBuildOperationRunner$CallableBuildOperationWorker.execute(DefaultBuildOperationRunner.java:195)
	at org.gradle.internal.operations.DefaultBuildOperationRunner$2.execute(DefaultBuildOperationRunner.java:66)
	at org.gradle.internal.operations.DefaultBuildOperationRunner$2.execute(DefaultBuildOperationRunner.java:59)
	at org.gradle.internal.operations.DefaultBuildOperationRunner.execute(DefaultBuildOperationRunner.java:157)
	at org.gradle.internal.operations.DefaultBuildOperationRunner.execute(DefaultBuildOperationRunner.java:59)
	at org.gradle.internal.operations.DefaultBuildOperationRunner.call(DefaultBuildOperationRunner.java:53)
	at org.gradle.internal.operations.DefaultBuildOperationExecutor.call(DefaultBuildOperationExecutor.java:73)
	at org.gradle.api.internal.tasks.execution.EventFiringTaskExecuter.execute(EventFiringTaskExecuter.java:52)
	at org.gradle.execution.plan.LocalTaskNodeExecutor.execute(LocalTaskNodeExecutor.java:42)
	at org.gradle.execution.taskgraph.DefaultTaskExecutionGraph$InvokeNodeExecutorsAction.execute(DefaultTaskExecutionGraph.java:331)
	at org.gradle.execution.taskgraph.DefaultTaskExecutionGraph$InvokeNodeExecutorsAction.execute(DefaultTaskExecutionGraph.java:318)
	at org.gradle.execution.taskgraph.DefaultTaskExecutionGraph$BuildOperationAwareExecutionAction.lambda$execute$0(DefaultTaskExecutionGraph.java:314)
	at org.gradle.internal.operations.CurrentBuildOperationRef.with(CurrentBuildOperationRef.java:80)
	at org.gradle.execution.taskgraph.DefaultTaskExecutionGraph$BuildOperationAwareExecutionAction.execute(DefaultTaskExecutionGraph.java:314)
	at org.gradle.execution.taskgraph.DefaultTaskExecutionGraph$BuildOperationAwareExecutionAction.execute(DefaultTaskExecutionGraph.java:303)
	at org.gradle.execution.plan.DefaultPlanExecutor$ExecutorWorker.execute(DefaultPlanExecutor.java:463)
	at org.gradle.execution.plan.DefaultPlanExecutor$ExecutorWorker.run(DefaultPlanExecutor.java:380)
	at org.gradle.execution.plan.DefaultPlanExecutor.process(DefaultPlanExecutor.java:116)
	at org.gradle.execution.taskgraph.DefaultTaskExecutionGraph.executeWithServices(DefaultTaskExecutionGraph.java:138)
	at org.gradle.execution.taskgraph.DefaultTaskExecutionGraph.execute(DefaultTaskExecutionGraph.java:123)
	at org.gradle.execution.SelectedTaskExecutionAction.execute(SelectedTaskExecutionAction.java:35)
	at org.gradle.execution.DryRunBuildExecutionAction.execute(DryRunBuildExecutionAction.java:51)
	at org.gradle.execution.BuildOperationFiringBuildWorkerExecutor$ExecuteTasks.call(BuildOperationFiringBuildWorkerExecutor.java:54)
	at org.gradle.execution.BuildOperationFiringBuildWorkerExecutor$ExecuteTasks.call(BuildOperationFiringBuildWorkerExecutor.java:43)
	at org.gradle.internal.operations.DefaultBuildOperationRunner$CallableBuildOperationWorker.execute(DefaultBuildOperationRunner.java:200)
	at org.gradle.internal.operations.DefaultBuildOperationRunner$CallableBuildOperationWorker.execute(DefaultBuildOperationRunner.java:195)
	at org.gradle.internal.operations.DefaultBuildOperationRunner$2.execute(DefaultBuildOperationRunner.java:66)
	at org.gradle.internal.operations.DefaultBuildOperationRunner$2.execute(DefaultBuildOperationRunner.java:59)
	at org.gradle.internal.operations.DefaultBuildOperationRunner.execute(DefaultBuildOperationRunner.java:157)
	at org.gradle.internal.operations.DefaultBuildOperationRunner.execute(DefaultBuildOperationRunner.java:59)
	at org.gradle.internal.operations.DefaultBuildOperationRunner.call(DefaultBuildOperationRunner.java:53)
	at org.gradle.internal.operations.DefaultBuildOperationExecutor.call(DefaultBuildOperationExecutor.java:73)
	at org.gradle.execution.BuildOperationFiringBuildWorkerExecutor.execute(BuildOperationFiringBuildWorkerExecutor.java:40)
	at org.gradle.internal.build.DefaultBuildLifecycleController.lambda$executeTasks$10(DefaultBuildLifecycleController.java:313)
	at org.gradle.internal.model.StateTransitionController.doTransition(StateTransitionController.java:266)
	at org.gradle.internal.model.StateTransitionController.lambda$tryTransition$8(StateTransitionController.java:177)
	at org.gradle.internal.work.DefaultSynchronizer.withLock(DefaultSynchronizer.java:44)
	at org.gradle.internal.model.StateTransitionController.tryTransition(StateTransitionController.java:177)
	at org.gradle.internal.build.DefaultBuildLifecycleController.executeTasks(DefaultBuildLifecycleController.java:304)
	at org.gradle.internal.build.DefaultBuildWorkGraphController$DefaultBuildWorkGraph.runWork(DefaultBuildWorkGraphController.java:220)
	at org.gradle.internal.work.DefaultWorkerLeaseService.withLocks(DefaultWorkerLeaseService.java:264)
	at org.gradle.internal.work.DefaultWorkerLeaseService.runAsWorkerThread(DefaultWorkerLeaseService.java:128)
	at org.gradle.composite.internal.DefaultBuildController.doRun(DefaultBuildController.java:181)
	at org.gradle.composite.internal.DefaultBuildController.access$000(DefaultBuildController.java:50)
	at org.gradle.composite.internal.DefaultBuildController$BuildOpRunnable.lambda$run$0(DefaultBuildController.java:198)
	at org.gradle.internal.operations.CurrentBuildOperationRef.with(CurrentBuildOperationRef.java:80)
	at org.gradle.composite.internal.DefaultBuildController$BuildOpRunnable.run(DefaultBuildController.java:198)
	at java.base/java.util.concurrent.Executors$RunnableAdapter.call(Executors.java:539)
	at java.base/java.util.concurrent.FutureTask.run(FutureTask.java:264)
	at org.gradle.internal.concurrent.ExecutorPolicy$CatchAndRecordFailures.onExecute(ExecutorPolicy.java:64)
	at org.gradle.internal.concurrent.AbstractManagedExecutor$1.run(AbstractManagedExecutor.java:47)
	at java.base/java.util.concurrent.ThreadPoolExecutor.runWorker(ThreadPoolExecutor.java:1136)
	at java.base/java.util.concurrent.ThreadPoolExecutor$Worker.run(ThreadPoolExecutor.java:635)
	at java.base/java.lang.Thread.run(Thread.java:840)
Caused by: org.gradle.api.internal.artifacts.transform.TransformException: Execution failed for AarResourcesCompilerTransform: /root/.gradle/caches/transforms-4/8e0a0bff2d388b6446750efdf4a5758f/transformed/core-1.13.1.
	at org.gradle.api.internal.artifacts.transform.DefaultTransformInvocationFactory.lambda$createInvocation$1(DefaultTransformInvocationFactory.java:151)
	at org.gradle.internal.Try$Failure.mapFailure(Try.java:273)
	at org.gradle.api.internal.artifacts.transform.DefaultTransformInvocationFactory.lambda$createInvocation$2(DefaultTransformInvocationFactory.java:151)
	at org.gradle.internal.Deferrable$1.applyAndRequireNonNull(Deferrable.java:63)
	at org.gradle.internal.Deferrable$1.completeAndGet(Deferrable.java:59)
	at org.gradle.internal.Deferrable$1.completeAndGet(Deferrable.java:59)
	at org.gradle.api.internal.artifacts.transform.TransformingAsyncArtifactListener$TransformedArtifact.finalizeValue(TransformingAsyncArtifactListener.java:209)
	at org.gradle.api.internal.artifacts.transform.TransformingAsyncArtifactListener$TransformedArtifact.run(TransformingAsyncArtifactListener.java:147)
	at org.gradle.internal.operations.DefaultBuildOperationRunner$2.execute(DefaultBuildOperationRunner.java:66)
	at org.gradle.internal.operations.DefaultBuildOperationRunner$2.execute(DefaultBuildOperationRunner.java:59)
	at org.gradle.internal.operations.DefaultBuildOperationRunner.execute(DefaultBuildOperationRunner.java:157)
	at org.gradle.internal.operations.DefaultBuildOperationRunner.execute(DefaultBuildOperationRunner.java:59)
	at org.gradle.internal.operations.DefaultBuildOperationExecutor$QueueWorker.execute(DefaultBuildOperationExecutor.java:238)
	at org.gradle.internal.operations.DefaultBuildOperationQueue$WorkerRunnable.runOperation(DefaultBuildOperationQueue.java:272)
	at org.gradle.internal.operations.DefaultBuildOperationQueue$WorkerRunnable.doRunBatch(DefaultBuildOperationQueue.java:253)
	at org.gradle.internal.operations.DefaultBuildOperationQueue$WorkerRunnable.lambda$runBatch$0(DefaultBuildOperationQueue.java:238)
	at org.gradle.internal.resources.AbstractResourceLockRegistry.whileDisallowingLockChanges(AbstractResourceLockRegistry.java:50)
	at org.gradle.internal.work.DefaultWorkerLeaseService.whileDisallowingProjectLockChanges(DefaultWorkerLeaseService.java:236)
	at org.gradle.internal.operations.DefaultBuildOperationQueue$WorkerRunnable.lambda$runBatch$1(DefaultBuildOperationQueue.java:238)
	at org.gradle.internal.work.DefaultWorkerLeaseService.withLocks(DefaultWorkerLeaseService.java:264)
	at org.gradle.internal.work.DefaultWorkerLeaseService.runAsWorkerThread(DefaultWorkerLeaseService.java:128)
	at org.gradle.internal.operations.DefaultBuildOperationQueue$WorkerRunnable.runBatch(DefaultBuildOperationQueue.java:224)
	at org.gradle.internal.operations.DefaultBuildOperationQueue$WorkerRunnable.run(DefaultBuildOperationQueue.java:192)
	... 5 more
Caused by: com.android.builder.internal.aapt.v2.Aapt2InternalException: AAPT2 aapt2-8.5.2-11315950-linux Daemon #0: Daemon startup failed
This should not happen under normal circumstances, please file an issue if it does.
	at com.android.builder.internal.aapt.v2.Aapt2Daemon.handleError(Aapt2Daemon.kt:193)
	at com.android.builder.internal.aapt.v2.Aapt2Daemon.handleError$default(Aapt2Daemon.kt:190)
	at com.android.builder.internal.aapt.v2.Aapt2Daemon.checkStarted(Aapt2Daemon.kt:77)
	at com.android.builder.internal.aapt.v2.Aapt2Daemon.compile(Aapt2Daemon.kt:100)
	at com.android.builder.internal.aapt.v2.Aapt2DaemonManager$LeasedAaptDaemon.compile(Aapt2DaemonManager.kt:170)
	at com.android.builder.internal.aapt.v2.Aapt2DaemonManager$leasingAapt2Daemon$1.compile(Aapt2DaemonManager.kt:195)
	at com.android.build.gradle.internal.services.PartialInProcessResourceProcessor.compile(PartialInProcessResourceProcessor.kt:47)
	at com.android.build.gradle.internal.res.Aapt2CompileRunnableKt.runAapt2Compile(Aapt2CompileRunnable.kt:57)
	at com.android.build.gradle.internal.dependency.AarResourcesCompilerTransform.transform(AarResourcesCompilerTransform.kt:75)
	at org.gradle.api.internal.artifacts.transform.DefaultTransform.transform(DefaultTransform.java:276)
	at org.gradle.api.internal.artifacts.transform.AbstractTransformExecution$2.call(AbstractTransformExecution.java:143)
	at org.gradle.api.internal.artifacts.transform.AbstractTransformExecution$2.call(AbstractTransformExecution.java:137)
	at org.gradle.internal.operations.DefaultBuildOperationRunner$CallableBuildOperationWorker.execute(DefaultBuildOperationRunner.java:200)
	at org.gradle.internal.operations.DefaultBuildOperationRunner$CallableBuildOperationWorker.execute(DefaultBuildOperationRunner.java:195)
	at org.gradle.internal.operations.DefaultBuildOperationRunner$2.execute(DefaultBuildOperationRunner.java:66)
	at org.gradle.internal.operations.DefaultBuildOperationRunner$2.execute(DefaultBuildOperationRunner.java:59)
	at org.gradle.internal.operations.DefaultBuildOperationRunner.execute(DefaultBuildOperationRunner.java:157)
	at org.gradle.internal.operations.DefaultBuildOperationRunner.execute(DefaultBuildOperationRunner.java:59)
	at org.gradle.internal.operations.DefaultBuildOperationRunner.call(DefaultBuildOperationRunner.java:53)
	at org.gradle.internal.operations.DefaultBuildOperationExecutor.call(DefaultBuildOperationExecutor.java:73)
	at org.gradle.api.internal.artifacts.transform.AbstractTransformExecution.executeWithinTransformerListener(AbstractTransformExecution.java:137)
	at org.gradle.api.internal.artifacts.transform.AbstractTransformExecution.execute(AbstractTransformExecution.java:130)
	at org.gradle.internal.execution.steps.ExecuteStep.executeInternal(ExecuteStep.java:105)
	at org.gradle.internal.execution.steps.ExecuteStep.access$000(ExecuteStep.java:44)
	at org.gradle.internal.execution.steps.ExecuteStep$1.call(ExecuteStep.java:59)
	at org.gradle.internal.execution.steps.ExecuteStep$1.call(ExecuteStep.java:56)
	at org.gradle.internal.operations.DefaultBuildOperationRunner$CallableBuildOperationWorker.execute(DefaultBuildOperationRunner.java:200)
	at org.gradle.internal.operations.DefaultBuildOperationRunner$CallableBuildOperationWorker.execute(DefaultBuildOperationRunner.java:195)
	at org.gradle.internal.operations.DefaultBuildOperationRunner$2.execute(DefaultBuildOperationRunner.java:66)
	at org.gradle.internal.operations.DefaultBuildOperationRunner$2.execute(DefaultBuildOperationRunner.java:59)
	at org.gradle.internal.operations.DefaultBuildOperationRunner.execute(DefaultBuildOperationRunner.java:157)
	at org.gradle.internal.operations.DefaultBuildOperationRunner.execute(DefaultBuildOperationRunner.java:59)
	at org.gradle.internal.operations.DefaultBuildOperationRunner.call(DefaultBuildOperationRunner.java:53)
	at org.gradle.internal.operations.DefaultBuildOperationExecutor.call(DefaultBuildOperationExecutor.java:73)
	at org.gradle.internal.execution.steps.ExecuteStep.execute(ExecuteStep.java:56)
	at org.gradle.internal.execution.steps.ExecuteStep.execute(ExecuteStep.java:44)
	at org.gradle.internal.execution.steps.CancelExecutionStep.execute(CancelExecutionStep.java:41)
	at org.gradle.internal.execution.steps.TimeoutStep.executeWithoutTimeout(TimeoutStep.java:74)
	at org.gradle.internal.execution.steps.TimeoutStep.execute(TimeoutStep.java:55)
	at org.gradle.internal.execution.steps.PreCreateOutputParentsStep.execute(PreCreateOutputParentsStep.java:50)
	at org.gradle.internal.execution.steps.PreCreateOutputParentsStep.execute(PreCreateOutputParentsStep.java:28)
	at org.gradle.internal.execution.steps.BroadcastChangingOutputsStep.execute(BroadcastChangingOutputsStep.java:61)
	at org.gradle.internal.execution.steps.BroadcastChangingOutputsStep.execute(BroadcastChangingOutputsStep.java:26)
	at org.gradle.internal.execution.steps.NoInputChangesStep.execute(NoInputChangesStep.java:30)
	at org.gradle.internal.execution.steps.NoInputChangesStep.execute(NoInputChangesStep.java:21)
	at org.gradle.internal.execution.steps.CaptureOutputsAfterExecutionStep.execute(CaptureOutputsAfterExecutionStep.java:67)
	at org.gradle.internal.execution.steps.CaptureOutputsAfterExecutionStep.execute(CaptureOutputsAfterExecutionStep.java:45)
	at org.gradle.internal.execution.steps.BuildCacheStep.executeWithoutCache(BuildCacheStep.java:189)
	at org.gradle.internal.execution.steps.BuildCacheStep.lambda$execute$1(BuildCacheStep.java:75)
	at org.gradle.internal.Either$Right.fold(Either.java:175)
	at org.gradle.internal.execution.caching.CachingState.fold(CachingState.java:62)
	at org.gradle.internal.execution.steps.BuildCacheStep.execute(BuildCacheStep.java:73)
	at org.gradle.internal.execution.steps.BuildCacheStep.execute(BuildCacheStep.java:48)
	at org.gradle.internal.execution.steps.NeverUpToDateStep.execute(NeverUpToDateStep.java:34)
	at org.gradle.internal.execution.steps.NeverUpToDateStep.execute(NeverUpToDateStep.java:22)
	at org.gradle.internal.execution.steps.legacy.MarkSnapshottingInputsFinishedStep.execute(MarkSnapshottingInputsFinishedStep.java:37)
	at org.gradle.internal.execution.steps.legacy.MarkSnapshottingInputsFinishedStep.execute(MarkSnapshottingInputsFinishedStep.java:27)
	at org.gradle.internal.execution.steps.ResolveNonIncrementalCachingStateStep.executeDelegate(ResolveNonIncrementalCachingStateStep.java:50)
	at org.gradle.internal.execution.steps.AbstractResolveCachingStateStep.execute(AbstractResolveCachingStateStep.java:71)
	at org.gradle.internal.execution.steps.AbstractResolveCachingStateStep.execute(AbstractResolveCachingStateStep.java:39)
	at org.gradle.internal.execution.steps.ValidateStep.execute(ValidateStep.java:106)
	at org.gradle.internal.execution.steps.ValidateStep.execute(ValidateStep.java:55)
	at org.gradle.internal.execution.steps.AbstractCaptureStateBeforeExecutionStep.execute(AbstractCaptureStateBeforeExecutionStep.java:64)
	at org.gradle.internal.execution.steps.AbstractCaptureStateBeforeExecutionStep.execute(AbstractCaptureStateBeforeExecutionStep.java:43)
	at org.gradle.internal.execution.steps.legacy.MarkSnapshottingInputsStartedStep.execute(MarkSnapshottingInputsStartedStep.java:38)
	at org.gradle.internal.execution.steps.AssignImmutableWorkspaceStep.lambda$executeInTemporaryWorkspace$3(AssignImmutableWorkspaceStep.java:209)
	at org.gradle.internal.execution.workspace.impl.CacheBasedImmutableWorkspaceProvider$1.withTemporaryWorkspace(CacheBasedImmutableWorkspaceProvider.java:119)
	at org.gradle.internal.execution.steps.AssignImmutableWorkspaceStep.executeInTemporaryWorkspace(AssignImmutableWorkspaceStep.java:199)
	at org.gradle.internal.execution.steps.AssignImmutableWorkspaceStep.lambda$execute$0(AssignImmutableWorkspaceStep.java:121)
	at java.base/java.util.Optional.orElseGet(Optional.java:364)
	at org.gradle.internal.execution.steps.AssignImmutableWorkspaceStep.execute(AssignImmutableWorkspaceStep.java:121)
	at org.gradle.internal.execution.steps.AssignImmutableWorkspaceStep.execute(AssignImmutableWorkspaceStep.java:90)
	at org.gradle.internal.execution.steps.ChoosePipelineStep.execute(ChoosePipelineStep.java:38)
	at org.gradle.internal.execution.steps.ChoosePipelineStep.execute(ChoosePipelineStep.java:23)
	at org.gradle.internal.execution.steps.ExecuteWorkBuildOperationFiringStep.lambda$execute$0(ExecuteWorkBuildOperationFiringStep.java:53)
	at org.gradle.internal.execution.steps.BuildOperationStep$1.call(BuildOperationStep.java:37)
	at org.gradle.internal.operations.DefaultBuildOperationRunner$CallableBuildOperationWorker.execute(DefaultBuildOperationRunner.java:200)
	at org.gradle.internal.operations.DefaultBuildOperationRunner$CallableBuildOperationWorker.execute(DefaultBuildOperationRunner.java:195)
	at org.gradle.internal.operations.DefaultBuildOperationRunner$2.execute(DefaultBuildOperationRunner.java:66)
	at org.gradle.internal.operations.DefaultBuildOperationRunner$2.execute(DefaultBuildOperationRunner.java:59)
	at org.gradle.internal.operations.DefaultBuildOperationRunner.execute(DefaultBuildOperationRunner.java:157)
	at org.gradle.internal.operations.DefaultBuildOperationRunner.execute(DefaultBuildOperationRunner.java:59)
	at org.gradle.internal.operations.DefaultBuildOperationRunner.call(DefaultBuildOperationRunner.java:53)
	at org.gradle.internal.operations.DefaultBuildOperationExecutor.call(DefaultBuildOperationExecutor.java:73)
	at org.gradle.internal.execution.steps.BuildOperationStep.operation(BuildOperationStep.java:34)
	at org.gradle.internal.execution.steps.ExecuteWorkBuildOperationFiringStep.lambda$execute$1(ExecuteWorkBuildOperationFiringStep.java:51)
	at java.base/java.util.Optional.map(Optional.java:260)
	at org.gradle.internal.execution.steps.ExecuteWorkBuildOperationFiringStep.execute(ExecuteWorkBuildOperationFiringStep.java:51)
	at org.gradle.internal.execution.steps.ExecuteWorkBuildOperationFiringStep.execute(ExecuteWorkBuildOperationFiringStep.java:39)
	at org.gradle.internal.execution.steps.IdentityCacheStep.execute(IdentityCacheStep.java:46)
	at org.gradle.internal.execution.steps.IdentityCacheStep.executeInCache(IdentityCacheStep.java:80)
	at org.gradle.internal.execution.steps.IdentityCacheStep.lambda$executeDeferred$0(IdentityCacheStep.java:60)
	at org.gradle.cache.Cache.lambda$get$0(Cache.java:31)
	at java.base/java.util.concurrent.ConcurrentHashMap.computeIfAbsent(ConcurrentHashMap.java:1708)
	at org.gradle.cache.ManualEvictionInMemoryCache.get(ManualEvictionInMemoryCache.java:30)
	at org.gradle.cache.internal.DefaultCrossBuildInMemoryCacheFactory$CrossBuildCacheRetainingDataFromPreviousBuild.get(DefaultCrossBuildInMemoryCacheFactory.java:255)
	at org.gradle.cache.Cache.get(Cache.java:31)
	at org.gradle.internal.execution.steps.IdentityCacheStep.lambda$executeDeferred$1(IdentityCacheStep.java:58)
	at org.gradle.internal.Deferrable$3.completeAndGet(Deferrable.java:117)
	... 24 more
Caused by: java.io.IOException: Cannot run program "/root/.gradle/caches/transforms-4/2bba49eee1d64d073cb89b5f3891cf2c/transformed/aapt2-8.5.2-11315950-linux/aapt2": error=2, No such file or directory
	at java.base/java.lang.ProcessBuilder.start(ProcessBuilder.java:1143)
	at java.base/java.lang.ProcessBuilder.start(ProcessBuilder.java:1073)
	at org.gradle.internal.classpath.Instrumented.start(Instrumented.java:320)
	at com.android.builder.internal.aapt.v2.Aapt2DaemonImpl.startProcess(Aapt2DaemonImpl.kt:84)
	at com.android.builder.internal.aapt.v2.Aapt2Daemon.checkStarted(Aapt2Daemon.kt:56)
	... 120 more
Caused by: java.io.IOException: error=2, No such file or directory
	at java.base/java.lang.ProcessImpl.forkAndExec(Native Method)
	at java.base/java.lang.ProcessImpl.<init>(ProcessImpl.java:314)
	at java.base/java.lang.ProcessImpl.start(ProcessImpl.java:244)
	at java.base/java.lang.ProcessBuilder.start(ProcessBuilder.java:1110)
	... 124 more
Cause 6: org.gradle.api.internal.artifacts.transform.TransformException: Failed to transform core-1.13.1.aar (androidx.core:core:1.13.1) to match attributes {artifactType=android-compiled-dependencies-resources, org.gradle.status=release}.
	at org.gradle.api.internal.artifacts.transform.TransformingAsyncArtifactListener$TransformedArtifact.lambda$visit$4(TransformingAsyncArtifactListener.java:243)
	at org.gradle.internal.Try$Failure.ifSuccessfulOrElse(Try.java:282)
	at org.gradle.api.internal.artifacts.transform.TransformingAsyncArtifactListener$TransformedArtifact.visit(TransformingAsyncArtifactListener.java:235)
	at org.gradle.api.internal.artifacts.ivyservice.resolveengine.artifact.ParallelResolveArtifactSet$VisitingSet$StartVisitAction.visitResults(ParallelResolveArtifactSet.java:100)
	at org.gradle.api.internal.artifacts.ivyservice.resolveengine.artifact.ParallelResolveArtifactSet$VisitingSet.visit(ParallelResolveArtifactSet.java:69)
	at org.gradle.api.internal.artifacts.ivyservice.resolveengine.artifact.ResolvedArtifactSetResolver$1.run(ResolvedArtifactSetResolver.java:61)
	at org.gradle.internal.operations.DefaultBuildOperationRunner$1.execute(DefaultBuildOperationRunner.java:29)
	at org.gradle.internal.operations.DefaultBuildOperationRunner$1.execute(DefaultBuildOperationRunner.java:26)
	at org.gradle.internal.operations.DefaultBuildOperationRunner$2.execute(DefaultBuildOperationRunner.java:66)
	at org.gradle.internal.operations.DefaultBuildOperationRunner$2.execute(DefaultBuildOperationRunner.java:59)
	at org.gradle.internal.operations.DefaultBuildOperationRunner.execute(DefaultBuildOperationRunner.java:157)
	at org.gradle.internal.operations.DefaultBuildOperationRunner.execute(DefaultBuildOperationRunner.java:59)
	at org.gradle.internal.operations.DefaultBuildOperationRunner.run(DefaultBuildOperationRunner.java:47)
	at org.gradle.internal.operations.DefaultBuildOperationExecutor.run(DefaultBuildOperationExecutor.java:68)
	at org.gradle.api.internal.artifacts.ivyservice.resolveengine.artifact.ResolvedArtifactSetResolver.visitArtifacts(ResolvedArtifactSetResolver.java:58)
	at org.gradle.api.internal.artifacts.ivyservice.resolveengine.artifact.ResolvedArtifactSetResolver.lambda$visitInUnmanagedWorkerThread$0(ResolvedArtifactSetResolver.java:54)
	at org.gradle.internal.work.DefaultWorkerLeaseService.runAsUnmanagedWorkerThread(DefaultWorkerLeaseService.java:140)
	at org.gradle.api.internal.artifacts.ivyservice.resolveengine.artifact.ResolvedArtifactSetResolver.visitInUnmanagedWorkerThread(ResolvedArtifactSetResolver.java:54)
	at org.gradle.api.internal.artifacts.ivyservice.resolveengine.artifact.DefaultSelectedArtifactSet.visitArtifacts(DefaultSelectedArtifactSet.java:59)
	at org.gradle.api.internal.artifacts.ivyservice.resolveengine.artifact.SelectedArtifactSet.visitFiles(SelectedArtifactSet.java:34)
	at org.gradle.api.internal.artifacts.configurations.ResolutionBackedFileCollection.visitContents(ResolutionBackedFileCollection.java:73)
	at org.gradle.api.internal.file.AbstractFileCollection.visitStructure(AbstractFileCollection.java:361)
	at org.gradle.api.internal.file.collections.DefaultConfigurableFileCollection.lambda$calculateFinalizedValue$0(DefaultConfigurableFileCollection.java:415)
	at org.gradle.api.internal.file.collections.UnpackingVisitor.add(UnpackingVisitor.java:67)
	at org.gradle.api.internal.file.collections.DefaultConfigurableFileCollection$UnresolvedItemsCollector.visitContents(DefaultConfigurableFileCollection.java:593)
	at org.gradle.api.internal.file.collections.DefaultConfigurableFileCollection.calculateFinalizedValue(DefaultConfigurableFileCollection.java:415)
	at org.gradle.api.internal.file.collections.DefaultConfigurableFileCollection.finalizeNow(DefaultConfigurableFileCollection.java:120)
	at org.gradle.api.internal.file.collections.DefaultConfigurableFileCollection.lambda$visitChildren$1(DefaultConfigurableFileCollection.java:439)
	at org.gradle.api.internal.provider.ValueState.finalizeOnReadIfNeeded(ValueState.java:123)
	at org.gradle.api.internal.file.collections.DefaultConfigurableFileCollection.visitChildren(DefaultConfigurableFileCollection.java:439)
	at org.gradle.api.internal.file.CompositeFileCollection.visitContents(CompositeFileCollection.java:113)
	at org.gradle.api.internal.file.AbstractFileCollection.visitStructure(AbstractFileCollection.java:361)
	at org.gradle.api.internal.file.CompositeFileCollection.lambda$visitContents$0(CompositeFileCollection.java:113)
	at org.gradle.api.internal.file.collections.UnpackingVisitor.add(UnpackingVisitor.java:67)
	at org.gradle.api.internal.file.collections.UnpackingVisitor.add(UnpackingVisitor.java:92)
	at org.gradle.api.internal.file.DefaultFileCollectionFactory$ResolvingFileCollection.visitChildren(DefaultFileCollectionFactory.java:285)
	at org.gradle.api.internal.file.CompositeFileCollection.visitContents(CompositeFileCollection.java:113)
	at org.gradle.api.internal.file.AbstractFileCollection.visitStructure(AbstractFileCollection.java:361)
	at org.gradle.api.internal.file.CompositeFileCollection.lambda$visitContents$0(CompositeFileCollection.java:113)
	at org.gradle.api.internal.tasks.PropertyFileCollection.visitChildren(PropertyFileCollection.java:48)
	at org.gradle.api.internal.file.CompositeFileCollection.visitContents(CompositeFileCollection.java:113)
	at org.gradle.api.internal.file.AbstractFileCollection.visitStructure(AbstractFileCollection.java:361)
	at org.gradle.internal.fingerprint.impl.DefaultFileCollectionSnapshotter.snapshot(DefaultFileCollectionSnapshotter.java:47)
	at org.gradle.internal.execution.impl.DefaultInputFingerprinter$InputCollectingVisitor.visitInputFileProperty(DefaultInputFingerprinter.java:133)
	at org.gradle.api.internal.tasks.execution.TaskExecution.visitRegularInputs(TaskExecution.java:324)
	at org.gradle.internal.execution.impl.DefaultInputFingerprinter.fingerprintInputProperties(DefaultInputFingerprinter.java:63)
	at org.gradle.internal.execution.steps.AbstractCaptureStateBeforeExecutionStep.captureExecutionStateWithOutputs(AbstractCaptureStateBeforeExecutionStep.java:109)
	at org.gradle.internal.execution.steps.AbstractCaptureStateBeforeExecutionStep.lambda$captureExecutionState$0(AbstractCaptureStateBeforeExecutionStep.java:74)
	at org.gradle.internal.execution.steps.BuildOperationStep$1.call(BuildOperationStep.java:37)
	at org.gradle.internal.operations.DefaultBuildOperationRunner$CallableBuildOperationWorker.execute(DefaultBuildOperationRunner.java:200)
	at org.gradle.internal.operations.DefaultBuildOperationRunner$CallableBuildOperationWorker.execute(DefaultBuildOperationRunner.java:195)
	at org.gradle.internal.operations.DefaultBuildOperationRunner$2.execute(DefaultBuildOperationRunner.java:66)
	at org.gradle.internal.operations.DefaultBuildOperationRunner$2.execute(DefaultBuildOperationRunner.java:59)
	at org.gradle.internal.operations.DefaultBuildOperationRunner.execute(DefaultBuildOperationRunner.java:157)
	at org.gradle.internal.operations.DefaultBuildOperationRunner.execute(DefaultBuildOperationRunner.java:59)
	at org.gradle.internal.operations.DefaultBuildOperationRunner.call(DefaultBuildOperationRunner.java:53)
	at org.gradle.internal.operations.DefaultBuildOperationExecutor.call(DefaultBuildOperationExecutor.java:73)
	at org.gradle.internal.execution.steps.BuildOperationStep.operation(BuildOperationStep.java:34)
	at org.gradle.internal.execution.steps.AbstractCaptureStateBeforeExecutionStep.captureExecutionState(AbstractCaptureStateBeforeExecutionStep.java:69)
	at org.gradle.internal.execution.steps.AbstractCaptureStateBeforeExecutionStep.execute(AbstractCaptureStateBeforeExecutionStep.java:62)
	at org.gradle.internal.execution.steps.AbstractCaptureStateBeforeExecutionStep.execute(AbstractCaptureStateBeforeExecutionStep.java:43)
	at org.gradle.internal.execution.steps.AbstractSkipEmptyWorkStep.executeWithNonEmptySources(AbstractSkipEmptyWorkStep.java:125)
	at org.gradle.internal.execution.steps.AbstractSkipEmptyWorkStep.execute(AbstractSkipEmptyWorkStep.java:56)
	at org.gradle.internal.execution.steps.AbstractSkipEmptyWorkStep.execute(AbstractSkipEmptyWorkStep.java:36)
	at org.gradle.internal.execution.steps.legacy.MarkSnapshottingInputsStartedStep.execute(MarkSnapshottingInputsStartedStep.java:38)
	at org.gradle.internal.execution.steps.LoadPreviousExecutionStateStep.execute(LoadPreviousExecutionStateStep.java:36)
	at org.gradle.internal.execution.steps.LoadPreviousExecutionStateStep.execute(LoadPreviousExecutionStateStep.java:23)
	at org.gradle.internal.execution.steps.HandleStaleOutputsStep.execute(HandleStaleOutputsStep.java:75)
	at org.gradle.internal.execution.steps.HandleStaleOutputsStep.execute(HandleStaleOutputsStep.java:41)
	at org.gradle.internal.execution.steps.AssignMutableWorkspaceStep.lambda$execute$0(AssignMutableWorkspaceStep.java:35)
	at org.gradle.api.internal.tasks.execution.TaskExecution$4.withWorkspace(TaskExecution.java:289)
	at org.gradle.internal.execution.steps.AssignMutableWorkspaceStep.execute(AssignMutableWorkspaceStep.java:31)
	at org.gradle.internal.execution.steps.AssignMutableWorkspaceStep.execute(AssignMutableWorkspaceStep.java:22)
	at org.gradle.internal.execution.steps.ChoosePipelineStep.execute(ChoosePipelineStep.java:40)
	at org.gradle.internal.execution.steps.ChoosePipelineStep.execute(ChoosePipelineStep.java:23)
	at org.gradle.internal.execution.steps.ExecuteWorkBuildOperationFiringStep.lambda$execute$2(ExecuteWorkBuildOperationFiringStep.java:67)
	at java.base/java.util.Optional.orElseGet(Optional.java:364)
	at org.gradle.internal.execution.steps.ExecuteWorkBuildOperationFiringStep.execute(ExecuteWorkBuildOperationFiringStep.java:67)
	at org.gradle.internal.execution.steps.ExecuteWorkBuildOperationFiringStep.execute(ExecuteWorkBuildOperationFiringStep.java:39)
	at org.gradle.internal.execution.steps.IdentityCacheStep.execute(IdentityCacheStep.java:46)
	at org.gradle.internal.execution.steps.IdentityCacheStep.execute(IdentityCacheStep.java:34)
	at org.gradle.internal.execution.steps.IdentifyStep.execute(IdentifyStep.java:48)
	at org.gradle.internal.execution.steps.IdentifyStep.execute(IdentifyStep.java:35)
	at org.gradle.internal.execution.impl.DefaultExecutionEngine$1.execute(DefaultExecutionEngine.java:61)
	at org.gradle.api.internal.tasks.execution.ExecuteActionsTaskExecuter.executeIfValid(ExecuteActionsTaskExecuter.java:127)
	at org.gradle.api.internal.tasks.execution.ExecuteActionsTaskExecuter.execute(ExecuteActionsTaskExecuter.java:116)
	at org.gradle.api.internal.tasks.execution.FinalizePropertiesTaskExecuter.execute(FinalizePropertiesTaskExecuter.java:46)
	at org.gradle.api.internal.tasks.execution.ResolveTaskExecutionModeExecuter.execute(ResolveTaskExecutionModeExecuter.java:51)
	at org.gradle.api.internal.tasks.execution.SkipTaskWithNoActionsExecuter.execute(SkipTaskWithNoActionsExecuter.java:57)
	at org.gradle.api.internal.tasks.execution.SkipOnlyIfTaskExecuter.execute(SkipOnlyIfTaskExecuter.java:74)
	at org.gradle.api.internal.tasks.execution.CatchExceptionTaskExecuter.execute(CatchExceptionTaskExecuter.java:36)
	at org.gradle.api.internal.tasks.execution.EventFiringTaskExecuter$1.executeTask(EventFiringTaskExecuter.java:77)
	at org.gradle.api.internal.tasks.execution.EventFiringTaskExecuter$1.call(EventFiringTaskExecuter.java:55)
	at org.gradle.api.internal.tasks.execution.EventFiringTaskExecuter$1.call(EventFiringTaskExecuter.java:52)
	at org.gradle.internal.operations.DefaultBuildOperationRunner$CallableBuildOperationWorker.execute(DefaultBuildOperationRunner.java:200)
	at org.gradle.internal.operations.DefaultBuildOperationRunner$CallableBuildOperationWorker.execute(DefaultBuildOperationRunner.java:195)
	at org.gradle.internal.operations.DefaultBuildOperationRunner$2.execute(DefaultBuildOperationRunner.java:66)
	at org.gradle.internal.operations.DefaultBuildOperationRunner$2.execute(DefaultBuildOperationRunner.java:59)
	at org.gradle.internal.operations.DefaultBuildOperationRunner.execute(DefaultBuildOperationRunner.java:157)
	at org.gradle.internal.operations.DefaultBuildOperationRunner.execute(DefaultBuildOperationRunner.java:59)
	at org.gradle.internal.operations.DefaultBuildOperationRunner.call(DefaultBuildOperationRunner.java:53)
	at org.gradle.internal.operations.DefaultBuildOperationExecutor.call(DefaultBuildOperationExecutor.java:73)
	at org.gradle.api.internal.tasks.execution.EventFiringTaskExecuter.execute(EventFiringTaskExecuter.java:52)
	at org.gradle.execution.plan.LocalTaskNodeExecutor.execute(LocalTaskNodeExecutor.java:42)
	at org.gradle.execution.taskgraph.DefaultTaskExecutionGraph$InvokeNodeExecutorsAction.execute(DefaultTaskExecutionGraph.java:331)
	at org.gradle.execution.taskgraph.DefaultTaskExecutionGraph$InvokeNodeExecutorsAction.execute(DefaultTaskExecutionGraph.java:318)
	at org.gradle.execution.taskgraph.DefaultTaskExecutionGraph$BuildOperationAwareExecutionAction.lambda$execute$0(DefaultTaskExecutionGraph.java:314)
	at org.gradle.internal.operations.CurrentBuildOperationRef.with(CurrentBuildOperationRef.java:80)
	at org.gradle.execution.taskgraph.DefaultTaskExecutionGraph$BuildOperationAwareExecutionAction.execute(DefaultTaskExecutionGraph.java:314)
	at org.gradle.execution.taskgraph.DefaultTaskExecutionGraph$BuildOperationAwareExecutionAction.execute(DefaultTaskExecutionGraph.java:303)
	at org.gradle.execution.plan.DefaultPlanExecutor$ExecutorWorker.execute(DefaultPlanExecutor.java:463)
	at org.gradle.execution.plan.DefaultPlanExecutor$ExecutorWorker.run(DefaultPlanExecutor.java:380)
	at org.gradle.execution.plan.DefaultPlanExecutor.process(DefaultPlanExecutor.java:116)
	at org.gradle.execution.taskgraph.DefaultTaskExecutionGraph.executeWithServices(DefaultTaskExecutionGraph.java:138)
	at org.gradle.execution.taskgraph.DefaultTaskExecutionGraph.execute(DefaultTaskExecutionGraph.java:123)
	at org.gradle.execution.SelectedTaskExecutionAction.execute(SelectedTaskExecutionAction.java:35)
	at org.gradle.execution.DryRunBuildExecutionAction.execute(DryRunBuildExecutionAction.java:51)
	at org.gradle.execution.BuildOperationFiringBuildWorkerExecutor$ExecuteTasks.call(BuildOperationFiringBuildWorkerExecutor.java:54)
	at org.gradle.execution.BuildOperationFiringBuildWorkerExecutor$ExecuteTasks.call(BuildOperationFiringBuildWorkerExecutor.java:43)
	at org.gradle.internal.operations.DefaultBuildOperationRunner$CallableBuildOperationWorker.execute(DefaultBuildOperationRunner.java:200)
	at org.gradle.internal.operations.DefaultBuildOperationRunner$CallableBuildOperationWorker.execute(DefaultBuildOperationRunner.java:195)
	at org.gradle.internal.operations.DefaultBuildOperationRunner$2.execute(DefaultBuildOperationRunner.java:66)
	at org.gradle.internal.operations.DefaultBuildOperationRunner$2.execute(DefaultBuildOperationRunner.java:59)
	at org.gradle.internal.operations.DefaultBuildOperationRunner.execute(DefaultBuildOperationRunner.java:157)
	at org.gradle.internal.operations.DefaultBuildOperationRunner.execute(DefaultBuildOperationRunner.java:59)
	at org.gradle.internal.operations.DefaultBuildOperationRunner.call(DefaultBuildOperationRunner.java:53)
	at org.gradle.internal.operations.DefaultBuildOperationExecutor.call(DefaultBuildOperationExecutor.java:73)
	at org.gradle.execution.BuildOperationFiringBuildWorkerExecutor.execute(BuildOperationFiringBuildWorkerExecutor.java:40)
	at org.gradle.internal.build.DefaultBuildLifecycleController.lambda$executeTasks$10(DefaultBuildLifecycleController.java:313)
	at org.gradle.internal.model.StateTransitionController.doTransition(StateTransitionController.java:266)
	at org.gradle.internal.model.StateTransitionController.lambda$tryTransition$8(StateTransitionController.java:177)
	at org.gradle.internal.work.DefaultSynchronizer.withLock(DefaultSynchronizer.java:44)
	at org.gradle.internal.model.StateTransitionController.tryTransition(StateTransitionController.java:177)
	at org.gradle.internal.build.DefaultBuildLifecycleController.executeTasks(DefaultBuildLifecycleController.java:304)
	at org.gradle.internal.build.DefaultBuildWorkGraphController$DefaultBuildWorkGraph.runWork(DefaultBuildWorkGraphController.java:220)
	at org.gradle.internal.work.DefaultWorkerLeaseService.withLocks(DefaultWorkerLeaseService.java:264)
	at org.gradle.internal.work.DefaultWorkerLeaseService.runAsWorkerThread(DefaultWorkerLeaseService.java:128)
	at org.gradle.composite.internal.DefaultBuildController.doRun(DefaultBuildController.java:181)
	at org.gradle.composite.internal.DefaultBuildController.access$000(DefaultBuildController.java:50)
	at org.gradle.composite.internal.DefaultBuildController$BuildOpRunnable.lambda$run$0(DefaultBuildController.java:198)
	at org.gradle.internal.operations.CurrentBuildOperationRef.with(CurrentBuildOperationRef.java:80)
	at org.gradle.composite.internal.DefaultBuildController$BuildOpRunnable.run(DefaultBuildController.java:198)
	at java.base/java.util.concurrent.Executors$RunnableAdapter.call(Executors.java:539)
	at java.base/java.util.concurrent.FutureTask.run(FutureTask.java:264)
	at org.gradle.internal.concurrent.ExecutorPolicy$CatchAndRecordFailures.onExecute(ExecutorPolicy.java:64)
	at org.gradle.internal.concurrent.AbstractManagedExecutor$1.run(AbstractManagedExecutor.java:47)
	at java.base/java.util.concurrent.ThreadPoolExecutor.runWorker(ThreadPoolExecutor.java:1136)
	at java.base/java.util.concurrent.ThreadPoolExecutor$Worker.run(ThreadPoolExecutor.java:635)
	at java.base/java.lang.Thread.run(Thread.java:840)
Caused by: org.gradle.api.internal.artifacts.transform.TransformException: Execution failed for AarResourcesCompilerTransform: /root/.gradle/caches/transforms-4/8e0a0bff2d388b6446750efdf4a5758f/transformed/core-1.13.1.
	at org.gradle.api.internal.artifacts.transform.DefaultTransformInvocationFactory.lambda$createInvocation$1(DefaultTransformInvocationFactory.java:151)
	at org.gradle.internal.Try$Failure.mapFailure(Try.java:273)
	at org.gradle.api.internal.artifacts.transform.DefaultTransformInvocationFactory.lambda$createInvocation$2(DefaultTransformInvocationFactory.java:151)
	at org.gradle.internal.Deferrable$1.applyAndRequireNonNull(Deferrable.java:63)
	at org.gradle.internal.Deferrable$1.completeAndGet(Deferrable.java:59)
	at org.gradle.internal.Deferrable$1.completeAndGet(Deferrable.java:59)
	at org.gradle.api.internal.artifacts.transform.TransformingAsyncArtifactListener$TransformedArtifact.finalizeValue(TransformingAsyncArtifactListener.java:209)
	at org.gradle.api.internal.artifacts.transform.TransformingAsyncArtifactListener$TransformedArtifact.run(TransformingAsyncArtifactListener.java:147)
	at org.gradle.internal.operations.DefaultBuildOperationRunner$2.execute(DefaultBuildOperationRunner.java:66)
	at org.gradle.internal.operations.DefaultBuildOperationRunner$2.execute(DefaultBuildOperationRunner.java:59)
	at org.gradle.internal.operations.DefaultBuildOperationRunner.execute(DefaultBuildOperationRunner.java:157)
	at org.gradle.internal.operations.DefaultBuildOperationRunner.execute(DefaultBuildOperationRunner.java:59)
	at org.gradle.internal.operations.DefaultBuildOperationExecutor$QueueWorker.execute(DefaultBuildOperationExecutor.java:238)
	at org.gradle.internal.operations.DefaultBuildOperationQueue$WorkerRunnable.runOperation(DefaultBuildOperationQueue.java:272)
	at org.gradle.internal.operations.DefaultBuildOperationQueue$WorkerRunnable.doRunBatch(DefaultBuildOperationQueue.java:253)
	at org.gradle.internal.operations.DefaultBuildOperationQueue$WorkerRunnable.lambda$runBatch$0(DefaultBuildOperationQueue.java:238)
	at org.gradle.internal.resources.AbstractResourceLockRegistry.whileDisallowingLockChanges(AbstractResourceLockRegistry.java:50)
	at org.gradle.internal.work.DefaultWorkerLeaseService.whileDisallowingProjectLockChanges(DefaultWorkerLeaseService.java:236)
	at org.gradle.internal.operations.DefaultBuildOperationQueue$WorkerRunnable.lambda$runBatch$1(DefaultBuildOperationQueue.java:238)
	at org.gradle.internal.work.DefaultWorkerLeaseService.withLocks(DefaultWorkerLeaseService.java:264)
	at org.gradle.internal.work.DefaultWorkerLeaseService.runAsWorkerThread(DefaultWorkerLeaseService.java:128)
	at org.gradle.internal.operations.DefaultBuildOperationQueue$WorkerRunnable.runBatch(DefaultBuildOperationQueue.java:224)
	at org.gradle.internal.operations.DefaultBuildOperationQueue$WorkerRunnable.run(DefaultBuildOperationQueue.java:192)
	... 5 more
Caused by: com.android.builder.internal.aapt.v2.Aapt2InternalException: AAPT2 aapt2-8.5.2-11315950-linux Daemon #0: Daemon startup failed
This should not happen under normal circumstances, please file an issue if it does.
	at com.android.builder.internal.aapt.v2.Aapt2Daemon.handleError(Aapt2Daemon.kt:193)
	at com.android.builder.internal.aapt.v2.Aapt2Daemon.handleError$default(Aapt2Daemon.kt:190)
	at com.android.builder.internal.aapt.v2.Aapt2Daemon.checkStarted(Aapt2Daemon.kt:77)
	at com.android.builder.internal.aapt.v2.Aapt2Daemon.compile(Aapt2Daemon.kt:100)
	at com.android.builder.internal.aapt.v2.Aapt2DaemonManager$LeasedAaptDaemon.compile(Aapt2DaemonManager.kt:170)
	at com.android.builder.internal.aapt.v2.Aapt2DaemonManager$leasingAapt2Daemon$1.compile(Aapt2DaemonManager.kt:195)
	at com.android.build.gradle.internal.services.PartialInProcessResourceProcessor.compile(PartialInProcessResourceProcessor.kt:47)
	at com.android.build.gradle.internal.res.Aapt2CompileRunnableKt.runAapt2Compile(Aapt2CompileRunnable.kt:57)
	at com.android.build.gradle.internal.dependency.AarResourcesCompilerTransform.transform(AarResourcesCompilerTransform.kt:75)
	at org.gradle.api.internal.artifacts.transform.DefaultTransform.transform(DefaultTransform.java:276)
	at org.gradle.api.internal.artifacts.transform.AbstractTransformExecution$2.call(AbstractTransformExecution.java:143)
	at org.gradle.api.internal.artifacts.transform.AbstractTransformExecution$2.call(AbstractTransformExecution.java:137)
	at org.gradle.internal.operations.DefaultBuildOperationRunner$CallableBuildOperationWorker.execute(DefaultBuildOperationRunner.java:200)
	at org.gradle.internal.operations.DefaultBuildOperationRunner$CallableBuildOperationWorker.execute(DefaultBuildOperationRunner.java:195)
	at org.gradle.internal.operations.DefaultBuildOperationRunner$2.execute(DefaultBuildOperationRunner.java:66)
	at org.gradle.internal.operations.DefaultBuildOperationRunner$2.execute(DefaultBuildOperationRunner.java:59)
	at org.gradle.internal.operations.DefaultBuildOperationRunner.execute(DefaultBuildOperationRunner.java:157)
	at org.gradle.internal.operations.DefaultBuildOperationRunner.execute(DefaultBuildOperationRunner.java:59)
	at org.gradle.internal.operations.DefaultBuildOperationRunner.call(DefaultBuildOperationRunner.java:53)
	at org.gradle.internal.operations.DefaultBuildOperationExecutor.call(DefaultBuildOperationExecutor.java:73)
	at org.gradle.api.internal.artifacts.transform.AbstractTransformExecution.executeWithinTransformerListener(AbstractTransformExecution.java:137)
	at org.gradle.api.internal.artifacts.transform.AbstractTransformExecution.execute(AbstractTransformExecution.java:130)
	at org.gradle.internal.execution.steps.ExecuteStep.executeInternal(ExecuteStep.java:105)
	at org.gradle.internal.execution.steps.ExecuteStep.access$000(ExecuteStep.java:44)
	at org.gradle.internal.execution.steps.ExecuteStep$1.call(ExecuteStep.java:59)
	at org.gradle.internal.execution.steps.ExecuteStep$1.call(ExecuteStep.java:56)
	at org.gradle.internal.operations.DefaultBuildOperationRunner$CallableBuildOperationWorker.execute(DefaultBuildOperationRunner.java:200)
	at org.gradle.internal.operations.DefaultBuildOperationRunner$CallableBuildOperationWorker.execute(DefaultBuildOperationRunner.java:195)
	at org.gradle.internal.operations.DefaultBuildOperationRunner$2.execute(DefaultBuildOperationRunner.java:66)
	at org.gradle.internal.operations.DefaultBuildOperationRunner$2.execute(DefaultBuildOperationRunner.java:59)
	at org.gradle.internal.operations.DefaultBuildOperationRunner.execute(DefaultBuildOperationRunner.java:157)
	at org.gradle.internal.operations.DefaultBuildOperationRunner.execute(DefaultBuildOperationRunner.java:59)
	at org.gradle.internal.operations.DefaultBuildOperationRunner.call(DefaultBuildOperationRunner.java:53)
	at org.gradle.internal.operations.DefaultBuildOperationExecutor.call(DefaultBuildOperationExecutor.java:73)
	at org.gradle.internal.execution.steps.ExecuteStep.execute(ExecuteStep.java:56)
	at org.gradle.internal.execution.steps.ExecuteStep.execute(ExecuteStep.java:44)
	at org.gradle.internal.execution.steps.CancelExecutionStep.execute(CancelExecutionStep.java:41)
	at org.gradle.internal.execution.steps.TimeoutStep.executeWithoutTimeout(TimeoutStep.java:74)
	at org.gradle.internal.execution.steps.TimeoutStep.execute(TimeoutStep.java:55)
	at org.gradle.internal.execution.steps.PreCreateOutputParentsStep.execute(PreCreateOutputParentsStep.java:50)
	at org.gradle.internal.execution.steps.PreCreateOutputParentsStep.execute(PreCreateOutputParentsStep.java:28)
	at org.gradle.internal.execution.steps.BroadcastChangingOutputsStep.execute(BroadcastChangingOutputsStep.java:61)
	at org.gradle.internal.execution.steps.BroadcastChangingOutputsStep.execute(BroadcastChangingOutputsStep.java:26)
	at org.gradle.internal.execution.steps.NoInputChangesStep.execute(NoInputChangesStep.java:30)
	at org.gradle.internal.execution.steps.NoInputChangesStep.execute(NoInputChangesStep.java:21)
	at org.gradle.internal.execution.steps.CaptureOutputsAfterExecutionStep.execute(CaptureOutputsAfterExecutionStep.java:67)
	at org.gradle.internal.execution.steps.CaptureOutputsAfterExecutionStep.execute(CaptureOutputsAfterExecutionStep.java:45)
	at org.gradle.internal.execution.steps.BuildCacheStep.executeWithoutCache(BuildCacheStep.java:189)
	at org.gradle.internal.execution.steps.BuildCacheStep.lambda$execute$1(BuildCacheStep.java:75)
	at org.gradle.internal.Either$Right.fold(Either.java:175)
	at org.gradle.internal.execution.caching.CachingState.fold(CachingState.java:62)
	at org.gradle.internal.execution.steps.BuildCacheStep.execute(BuildCacheStep.java:73)
	at org.gradle.internal.execution.steps.BuildCacheStep.execute(BuildCacheStep.java:48)
	at org.gradle.internal.execution.steps.NeverUpToDateStep.execute(NeverUpToDateStep.java:34)
	at org.gradle.internal.execution.steps.NeverUpToDateStep.execute(NeverUpToDateStep.java:22)
	at org.gradle.internal.execution.steps.legacy.MarkSnapshottingInputsFinishedStep.execute(MarkSnapshottingInputsFinishedStep.java:37)
	at org.gradle.internal.execution.steps.legacy.MarkSnapshottingInputsFinishedStep.execute(MarkSnapshottingInputsFinishedStep.java:27)
	at org.gradle.internal.execution.steps.ResolveNonIncrementalCachingStateStep.executeDelegate(ResolveNonIncrementalCachingStateStep.java:50)
	at org.gradle.internal.execution.steps.AbstractResolveCachingStateStep.execute(AbstractResolveCachingStateStep.java:71)
	at org.gradle.internal.execution.steps.AbstractResolveCachingStateStep.execute(AbstractResolveCachingStateStep.java:39)
	at org.gradle.internal.execution.steps.ValidateStep.execute(ValidateStep.java:106)
	at org.gradle.internal.execution.steps.ValidateStep.execute(ValidateStep.java:55)
	at org.gradle.internal.execution.steps.AbstractCaptureStateBeforeExecutionStep.execute(AbstractCaptureStateBeforeExecutionStep.java:64)
	at org.gradle.internal.execution.steps.AbstractCaptureStateBeforeExecutionStep.execute(AbstractCaptureStateBeforeExecutionStep.java:43)
	at org.gradle.internal.execution.steps.legacy.MarkSnapshottingInputsStartedStep.execute(MarkSnapshottingInputsStartedStep.java:38)
	at org.gradle.internal.execution.steps.AssignImmutableWorkspaceStep.lambda$executeInTemporaryWorkspace$3(AssignImmutableWorkspaceStep.java:209)
	at org.gradle.internal.execution.workspace.impl.CacheBasedImmutableWorkspaceProvider$1.withTemporaryWorkspace(CacheBasedImmutableWorkspaceProvider.java:119)
	at org.gradle.internal.execution.steps.AssignImmutableWorkspaceStep.executeInTemporaryWorkspace(AssignImmutableWorkspaceStep.java:199)
	at org.gradle.internal.execution.steps.AssignImmutableWorkspaceStep.lambda$execute$0(AssignImmutableWorkspaceStep.java:121)
	at java.base/java.util.Optional.orElseGet(Optional.java:364)
	at org.gradle.internal.execution.steps.AssignImmutableWorkspaceStep.execute(AssignImmutableWorkspaceStep.java:121)
	at org.gradle.internal.execution.steps.AssignImmutableWorkspaceStep.execute(AssignImmutableWorkspaceStep.java:90)
	at org.gradle.internal.execution.steps.ChoosePipelineStep.execute(ChoosePipelineStep.java:38)
	at org.gradle.internal.execution.steps.ChoosePipelineStep.execute(ChoosePipelineStep.java:23)
	at org.gradle.internal.execution.steps.ExecuteWorkBuildOperationFiringStep.lambda$execute$0(ExecuteWorkBuildOperationFiringStep.java:53)
	at org.gradle.internal.execution.steps.BuildOperationStep$1.call(BuildOperationStep.java:37)
	at org.gradle.internal.operations.DefaultBuildOperationRunner$CallableBuildOperationWorker.execute(DefaultBuildOperationRunner.java:200)
	at org.gradle.internal.operations.DefaultBuildOperationRunner$CallableBuildOperationWorker.execute(DefaultBuildOperationRunner.java:195)
	at org.gradle.internal.operations.DefaultBuildOperationRunner$2.execute(DefaultBuildOperationRunner.java:66)
	at org.gradle.internal.operations.DefaultBuildOperationRunner$2.execute(DefaultBuildOperationRunner.java:59)
	at org.gradle.internal.operations.DefaultBuildOperationRunner.execute(DefaultBuildOperationRunner.java:157)
	at org.gradle.internal.operations.DefaultBuildOperationRunner.execute(DefaultBuildOperationRunner.java:59)
	at org.gradle.internal.operations.DefaultBuildOperationRunner.call(DefaultBuildOperationRunner.java:53)
	at org.gradle.internal.operations.DefaultBuildOperationExecutor.call(DefaultBuildOperationExecutor.java:73)
	at org.gradle.internal.execution.steps.BuildOperationStep.operation(BuildOperationStep.java:34)
	at org.gradle.internal.execution.steps.ExecuteWorkBuildOperationFiringStep.lambda$execute$1(ExecuteWorkBuildOperationFiringStep.java:51)
	at java.base/java.util.Optional.map(Optional.java:260)
	at org.gradle.internal.execution.steps.ExecuteWorkBuildOperationFiringStep.execute(ExecuteWorkBuildOperationFiringStep.java:51)
	at org.gradle.internal.execution.steps.ExecuteWorkBuildOperationFiringStep.execute(ExecuteWorkBuildOperationFiringStep.java:39)
	at org.gradle.internal.execution.steps.IdentityCacheStep.execute(IdentityCacheStep.java:46)
	at org.gradle.internal.execution.steps.IdentityCacheStep.executeInCache(IdentityCacheStep.java:80)
	at org.gradle.internal.execution.steps.IdentityCacheStep.lambda$executeDeferred$0(IdentityCacheStep.java:60)
	at org.gradle.cache.Cache.lambda$get$0(Cache.java:31)
	at java.base/java.util.concurrent.ConcurrentHashMap.computeIfAbsent(ConcurrentHashMap.java:1708)
	at org.gradle.cache.ManualEvictionInMemoryCache.get(ManualEvictionInMemoryCache.java:30)
	at org.gradle.cache.internal.DefaultCrossBuildInMemoryCacheFactory$CrossBuildCacheRetainingDataFromPreviousBuild.get(DefaultCrossBuildInMemoryCacheFactory.java:255)
	at org.gradle.cache.Cache.get(Cache.java:31)
	at org.gradle.internal.execution.steps.IdentityCacheStep.lambda$executeDeferred$1(IdentityCacheStep.java:58)
	at org.gradle.internal.Deferrable$3.completeAndGet(Deferrable.java:117)
	... 24 more
Caused by: java.io.IOException: Cannot run program "/root/.gradle/caches/transforms-4/2bba49eee1d64d073cb89b5f3891cf2c/transformed/aapt2-8.5.2-11315950-linux/aapt2": error=2, No such file or directory
	at java.base/java.lang.ProcessBuilder.start(ProcessBuilder.java:1143)
	at java.base/java.lang.ProcessBuilder.start(ProcessBuilder.java:1073)
	at org.gradle.internal.classpath.Instrumented.start(Instrumented.java:320)
	at com.android.builder.internal.aapt.v2.Aapt2DaemonImpl.startProcess(Aapt2DaemonImpl.kt:84)
	at com.android.builder.internal.aapt.v2.Aapt2Daemon.checkStarted(Aapt2Daemon.kt:56)
	... 120 more
Caused by: java.io.IOException: error=2, No such file or directory
	at java.base/java.lang.ProcessImpl.forkAndExec(Native Method)
	at java.base/java.lang.ProcessImpl.<init>(ProcessImpl.java:314)
	at java.base/java.lang.ProcessImpl.start(ProcessImpl.java:244)
	at java.base/java.lang.ProcessBuilder.start(ProcessBuilder.java:1110)
	... 124 more
Cause 7: org.gradle.api.internal.artifacts.transform.TransformException: Failed to transform core-1.13.1.aar (androidx.core:core:1.13.1) to match attributes {artifactType=android-compiled-dependencies-resources, org.gradle.status=release}.
	at org.gradle.api.internal.artifacts.transform.TransformingAsyncArtifactListener$TransformedArtifact.lambda$visit$4(TransformingAsyncArtifactListener.java:243)
	at org.gradle.internal.Try$Failure.ifSuccessfulOrElse(Try.java:282)
	at org.gradle.api.internal.artifacts.transform.TransformingAsyncArtifactListener$TransformedArtifact.visit(TransformingAsyncArtifactListener.java:235)
	at org.gradle.api.internal.artifacts.ivyservice.resolveengine.artifact.ParallelResolveArtifactSet$VisitingSet$StartVisitAction.visitResults(ParallelResolveArtifactSet.java:100)
	at org.gradle.api.internal.artifacts.ivyservice.resolveengine.artifact.ParallelResolveArtifactSet$VisitingSet.visit(ParallelResolveArtifactSet.java:69)
	at org.gradle.api.internal.artifacts.ivyservice.resolveengine.artifact.ResolvedArtifactSetResolver$1.run(ResolvedArtifactSetResolver.java:61)
	at org.gradle.internal.operations.DefaultBuildOperationRunner$1.execute(DefaultBuildOperationRunner.java:29)
	at org.gradle.internal.operations.DefaultBuildOperationRunner$1.execute(DefaultBuildOperationRunner.java:26)
	at org.gradle.internal.operations.DefaultBuildOperationRunner$2.execute(DefaultBuildOperationRunner.java:66)
	at org.gradle.internal.operations.DefaultBuildOperationRunner$2.execute(DefaultBuildOperationRunner.java:59)
	at org.gradle.internal.operations.DefaultBuildOperationRunner.execute(DefaultBuildOperationRunner.java:157)
	at org.gradle.internal.operations.DefaultBuildOperationRunner.execute(DefaultBuildOperationRunner.java:59)
	at org.gradle.internal.operations.DefaultBuildOperationRunner.run(DefaultBuildOperationRunner.java:47)
	at org.gradle.internal.operations.DefaultBuildOperationExecutor.run(DefaultBuildOperationExecutor.java:68)
	at org.gradle.api.internal.artifacts.ivyservice.resolveengine.artifact.ResolvedArtifactSetResolver.visitArtifacts(ResolvedArtifactSetResolver.java:58)
	at org.gradle.api.internal.artifacts.ivyservice.resolveengine.artifact.ResolvedArtifactSetResolver.lambda$visitInUnmanagedWorkerThread$0(ResolvedArtifactSetResolver.java:54)
	at org.gradle.internal.work.DefaultWorkerLeaseService.runAsUnmanagedWorkerThread(DefaultWorkerLeaseService.java:140)
	at org.gradle.api.internal.artifacts.ivyservice.resolveengine.artifact.ResolvedArtifactSetResolver.visitInUnmanagedWorkerThread(ResolvedArtifactSetResolver.java:54)
	at org.gradle.api.internal.artifacts.ivyservice.resolveengine.artifact.DefaultSelectedArtifactSet.visitArtifacts(DefaultSelectedArtifactSet.java:59)
	at org.gradle.api.internal.artifacts.ivyservice.resolveengine.artifact.SelectedArtifactSet.visitFiles(SelectedArtifactSet.java:34)
	at org.gradle.api.internal.artifacts.configurations.ResolutionBackedFileCollection.visitContents(ResolutionBackedFileCollection.java:73)
	at org.gradle.api.internal.file.AbstractFileCollection.visitStructure(AbstractFileCollection.java:361)
	at org.gradle.api.internal.file.collections.DefaultConfigurableFileCollection.lambda$calculateFinalizedValue$0(DefaultConfigurableFileCollection.java:415)
	at org.gradle.api.internal.file.collections.UnpackingVisitor.add(UnpackingVisitor.java:67)
	at org.gradle.api.internal.file.collections.DefaultConfigurableFileCollection$UnresolvedItemsCollector.visitContents(DefaultConfigurableFileCollection.java:593)
	at org.gradle.api.internal.file.collections.DefaultConfigurableFileCollection.calculateFinalizedValue(DefaultConfigurableFileCollection.java:415)
	at org.gradle.api.internal.file.collections.DefaultConfigurableFileCollection.finalizeNow(DefaultConfigurableFileCollection.java:120)
	at org.gradle.api.internal.file.collections.DefaultConfigurableFileCollection.lambda$visitChildren$1(DefaultConfigurableFileCollection.java:439)
	at org.gradle.api.internal.provider.ValueState.finalizeOnReadIfNeeded(ValueState.java:123)
	at org.gradle.api.internal.file.collections.DefaultConfigurableFileCollection.visitChildren(DefaultConfigurableFileCollection.java:439)
	at org.gradle.api.internal.file.CompositeFileCollection.visitContents(CompositeFileCollection.java:113)
	at org.gradle.api.internal.file.AbstractFileCollection.visitStructure(AbstractFileCollection.java:361)
	at org.gradle.api.internal.file.CompositeFileCollection.lambda$visitContents$0(CompositeFileCollection.java:113)
	at org.gradle.api.internal.file.collections.UnpackingVisitor.add(UnpackingVisitor.java:67)
	at org.gradle.api.internal.file.collections.UnpackingVisitor.add(UnpackingVisitor.java:92)
	at org.gradle.api.internal.file.DefaultFileCollectionFactory$ResolvingFileCollection.visitChildren(DefaultFileCollectionFactory.java:285)
	at org.gradle.api.internal.file.CompositeFileCollection.visitContents(CompositeFileCollection.java:113)
	at org.gradle.api.internal.file.AbstractFileCollection.visitStructure(AbstractFileCollection.java:361)
	at org.gradle.api.internal.file.CompositeFileCollection.lambda$visitContents$0(CompositeFileCollection.java:113)
	at org.gradle.api.internal.tasks.PropertyFileCollection.visitChildren(PropertyFileCollection.java:48)
	at org.gradle.api.internal.file.CompositeFileCollection.visitContents(CompositeFileCollection.java:113)
	at org.gradle.api.internal.file.AbstractFileCollection.visitStructure(AbstractFileCollection.java:361)
	at org.gradle.internal.fingerprint.impl.DefaultFileCollectionSnapshotter.snapshot(DefaultFileCollectionSnapshotter.java:47)
	at org.gradle.internal.execution.impl.DefaultInputFingerprinter$InputCollectingVisitor.visitInputFileProperty(DefaultInputFingerprinter.java:133)
	at org.gradle.api.internal.tasks.execution.TaskExecution.visitRegularInputs(TaskExecution.java:324)
	at org.gradle.internal.execution.impl.DefaultInputFingerprinter.fingerprintInputProperties(DefaultInputFingerprinter.java:63)
	at org.gradle.internal.execution.steps.AbstractCaptureStateBeforeExecutionStep.captureExecutionStateWithOutputs(AbstractCaptureStateBeforeExecutionStep.java:109)
	at org.gradle.internal.execution.steps.AbstractCaptureStateBeforeExecutionStep.lambda$captureExecutionState$0(AbstractCaptureStateBeforeExecutionStep.java:74)
	at org.gradle.internal.execution.steps.BuildOperationStep$1.call(BuildOperationStep.java:37)
	at org.gradle.internal.operations.DefaultBuildOperationRunner$CallableBuildOperationWorker.execute(DefaultBuildOperationRunner.java:200)
	at org.gradle.internal.operations.DefaultBuildOperationRunner$CallableBuildOperationWorker.execute(DefaultBuildOperationRunner.java:195)
	at org.gradle.internal.operations.DefaultBuildOperationRunner$2.execute(DefaultBuildOperationRunner.java:66)
	at org.gradle.internal.operations.DefaultBuildOperationRunner$2.execute(DefaultBuildOperationRunner.java:59)
	at org.gradle.internal.operations.DefaultBuildOperationRunner.execute(DefaultBuildOperationRunner.java:157)
	at org.gradle.internal.operations.DefaultBuildOperationRunner.execute(DefaultBuildOperationRunner.java:59)
	at org.gradle.internal.operations.DefaultBuildOperationRunner.call(DefaultBuildOperationRunner.java:53)
	at org.gradle.internal.operations.DefaultBuildOperationExecutor.call(DefaultBuildOperationExecutor.java:73)
	at org.gradle.internal.execution.steps.BuildOperationStep.operation(BuildOperationStep.java:34)
	at org.gradle.internal.execution.steps.AbstractCaptureStateBeforeExecutionStep.captureExecutionState(AbstractCaptureStateBeforeExecutionStep.java:69)
	at org.gradle.internal.execution.steps.AbstractCaptureStateBeforeExecutionStep.execute(AbstractCaptureStateBeforeExecutionStep.java:62)
	at org.gradle.internal.execution.steps.AbstractCaptureStateBeforeExecutionStep.execute(AbstractCaptureStateBeforeExecutionStep.java:43)
	at org.gradle.internal.execution.steps.AbstractSkipEmptyWorkStep.executeWithNonEmptySources(AbstractSkipEmptyWorkStep.java:125)
	at org.gradle.internal.execution.steps.AbstractSkipEmptyWorkStep.execute(AbstractSkipEmptyWorkStep.java:56)
	at org.gradle.internal.execution.steps.AbstractSkipEmptyWorkStep.execute(AbstractSkipEmptyWorkStep.java:36)
	at org.gradle.internal.execution.steps.legacy.MarkSnapshottingInputsStartedStep.execute(MarkSnapshottingInputsStartedStep.java:38)
	at org.gradle.internal.execution.steps.LoadPreviousExecutionStateStep.execute(LoadPreviousExecutionStateStep.java:36)
	at org.gradle.internal.execution.steps.LoadPreviousExecutionStateStep.execute(LoadPreviousExecutionStateStep.java:23)
	at org.gradle.internal.execution.steps.HandleStaleOutputsStep.execute(HandleStaleOutputsStep.java:75)
	at org.gradle.internal.execution.steps.HandleStaleOutputsStep.execute(HandleStaleOutputsStep.java:41)
	at org.gradle.internal.execution.steps.AssignMutableWorkspaceStep.lambda$execute$0(AssignMutableWorkspaceStep.java:35)
	at org.gradle.api.internal.tasks.execution.TaskExecution$4.withWorkspace(TaskExecution.java:289)
	at org.gradle.internal.execution.steps.AssignMutableWorkspaceStep.execute(AssignMutableWorkspaceStep.java:31)
	at org.gradle.internal.execution.steps.AssignMutableWorkspaceStep.execute(AssignMutableWorkspaceStep.java:22)
	at org.gradle.internal.execution.steps.ChoosePipelineStep.execute(ChoosePipelineStep.java:40)
	at org.gradle.internal.execution.steps.ChoosePipelineStep.execute(ChoosePipelineStep.java:23)
	at org.gradle.internal.execution.steps.ExecuteWorkBuildOperationFiringStep.lambda$execute$2(ExecuteWorkBuildOperationFiringStep.java:67)
	at java.base/java.util.Optional.orElseGet(Optional.java:364)
	at org.gradle.internal.execution.steps.ExecuteWorkBuildOperationFiringStep.execute(ExecuteWorkBuildOperationFiringStep.java:67)
	at org.gradle.internal.execution.steps.ExecuteWorkBuildOperationFiringStep.execute(ExecuteWorkBuildOperationFiringStep.java:39)
	at org.gradle.internal.execution.steps.IdentityCacheStep.execute(IdentityCacheStep.java:46)
	at org.gradle.internal.execution.steps.IdentityCacheStep.execute(IdentityCacheStep.java:34)
	at org.gradle.internal.execution.steps.IdentifyStep.execute(IdentifyStep.java:48)
	at org.gradle.internal.execution.steps.IdentifyStep.execute(IdentifyStep.java:35)
	at org.gradle.internal.execution.impl.DefaultExecutionEngine$1.execute(DefaultExecutionEngine.java:61)
	at org.gradle.api.internal.tasks.execution.ExecuteActionsTaskExecuter.executeIfValid(ExecuteActionsTaskExecuter.java:127)
	at org.gradle.api.internal.tasks.execution.ExecuteActionsTaskExecuter.execute(ExecuteActionsTaskExecuter.java:116)
	at org.gradle.api.internal.tasks.execution.FinalizePropertiesTaskExecuter.execute(FinalizePropertiesTaskExecuter.java:46)
	at org.gradle.api.internal.tasks.execution.ResolveTaskExecutionModeExecuter.execute(ResolveTaskExecutionModeExecuter.java:51)
	at org.gradle.api.internal.tasks.execution.SkipTaskWithNoActionsExecuter.execute(SkipTaskWithNoActionsExecuter.java:57)
	at org.gradle.api.internal.tasks.execution.SkipOnlyIfTaskExecuter.execute(SkipOnlyIfTaskExecuter.java:74)
	at org.gradle.api.internal.tasks.execution.CatchExceptionTaskExecuter.execute(CatchExceptionTaskExecuter.java:36)
	at org.gradle.api.internal.tasks.execution.EventFiringTaskExecuter$1.executeTask(EventFiringTaskExecuter.java:77)
	at org.gradle.api.internal.tasks.execution.EventFiringTaskExecuter$1.call(EventFiringTaskExecuter.java:55)
	at org.gradle.api.internal.tasks.execution.EventFiringTaskExecuter$1.call(EventFiringTaskExecuter.java:52)
	at org.gradle.internal.operations.DefaultBuildOperationRunner$CallableBuildOperationWorker.execute(DefaultBuildOperationRunner.java:200)
	at org.gradle.internal.operations.DefaultBuildOperationRunner$CallableBuildOperationWorker.execute(DefaultBuildOperationRunner.java:195)
	at org.gradle.internal.operations.DefaultBuildOperationRunner$2.execute(DefaultBuildOperationRunner.java:66)
	at org.gradle.internal.operations.DefaultBuildOperationRunner$2.execute(DefaultBuildOperationRunner.java:59)
	at org.gradle.internal.operations.DefaultBuildOperationRunner.execute(DefaultBuildOperationRunner.java:157)
	at org.gradle.internal.operations.DefaultBuildOperationRunner.execute(DefaultBuildOperationRunner.java:59)
	at org.gradle.internal.operations.DefaultBuildOperationRunner.call(DefaultBuildOperationRunner.java:53)
	at org.gradle.internal.operations.DefaultBuildOperationExecutor.call(DefaultBuildOperationExecutor.java:73)
	at org.gradle.api.internal.tasks.execution.EventFiringTaskExecuter.execute(EventFiringTaskExecuter.java:52)
	at org.gradle.execution.plan.LocalTaskNodeExecutor.execute(LocalTaskNodeExecutor.java:42)
	at org.gradle.execution.taskgraph.DefaultTaskExecutionGraph$InvokeNodeExecutorsAction.execute(DefaultTaskExecutionGraph.java:331)
	at org.gradle.execution.taskgraph.DefaultTaskExecutionGraph$InvokeNodeExecutorsAction.execute(DefaultTaskExecutionGraph.java:318)
	at org.gradle.execution.taskgraph.DefaultTaskExecutionGraph$BuildOperationAwareExecutionAction.lambda$execute$0(DefaultTaskExecutionGraph.java:314)
	at org.gradle.internal.operations.CurrentBuildOperationRef.with(CurrentBuildOperationRef.java:80)
	at org.gradle.execution.taskgraph.DefaultTaskExecutionGraph$BuildOperationAwareExecutionAction.execute(DefaultTaskExecutionGraph.java:314)
	at org.gradle.execution.taskgraph.DefaultTaskExecutionGraph$BuildOperationAwareExecutionAction.execute(DefaultTaskExecutionGraph.java:303)
	at org.gradle.execution.plan.DefaultPlanExecutor$ExecutorWorker.execute(DefaultPlanExecutor.java:463)
	at org.gradle.execution.plan.DefaultPlanExecutor$ExecutorWorker.run(DefaultPlanExecutor.java:380)
	at org.gradle.execution.plan.DefaultPlanExecutor.process(DefaultPlanExecutor.java:116)
	at org.gradle.execution.taskgraph.DefaultTaskExecutionGraph.executeWithServices(DefaultTaskExecutionGraph.java:138)
	at org.gradle.execution.taskgraph.DefaultTaskExecutionGraph.execute(DefaultTaskExecutionGraph.java:123)
	at org.gradle.execution.SelectedTaskExecutionAction.execute(SelectedTaskExecutionAction.java:35)
	at org.gradle.execution.DryRunBuildExecutionAction.execute(DryRunBuildExecutionAction.java:51)
	at org.gradle.execution.BuildOperationFiringBuildWorkerExecutor$ExecuteTasks.call(BuildOperationFiringBuildWorkerExecutor.java:54)
	at org.gradle.execution.BuildOperationFiringBuildWorkerExecutor$ExecuteTasks.call(BuildOperationFiringBuildWorkerExecutor.java:43)
	at org.gradle.internal.operations.DefaultBuildOperationRunner$CallableBuildOperationWorker.execute(DefaultBuildOperationRunner.java:200)
	at org.gradle.internal.operations.DefaultBuildOperationRunner$CallableBuildOperationWorker.execute(DefaultBuildOperationRunner.java:195)
	at org.gradle.internal.operations.DefaultBuildOperationRunner$2.execute(DefaultBuildOperationRunner.java:66)
	at org.gradle.internal.operations.DefaultBuildOperationRunner$2.execute(DefaultBuildOperationRunner.java:59)
	at org.gradle.internal.operations.DefaultBuildOperationRunner.execute(DefaultBuildOperationRunner.java:157)
	at org.gradle.internal.operations.DefaultBuildOperationRunner.execute(DefaultBuildOperationRunner.java:59)
	at org.gradle.internal.operations.DefaultBuildOperationRunner.call(DefaultBuildOperationRunner.java:53)
	at org.gradle.internal.operations.DefaultBuildOperationExecutor.call(DefaultBuildOperationExecutor.java:73)
	at org.gradle.execution.BuildOperationFiringBuildWorkerExecutor.execute(BuildOperationFiringBuildWorkerExecutor.java:40)
	at org.gradle.internal.build.DefaultBuildLifecycleController.lambda$executeTasks$10(DefaultBuildLifecycleController.java:313)
	at org.gradle.internal.model.StateTransitionController.doTransition(StateTransitionController.java:266)
	at org.gradle.internal.model.StateTransitionController.lambda$tryTransition$8(StateTransitionController.java:177)
	at org.gradle.internal.work.DefaultSynchronizer.withLock(DefaultSynchronizer.java:44)
	at org.gradle.internal.model.StateTransitionController.tryTransition(StateTransitionController.java:177)
	at org.gradle.internal.build.DefaultBuildLifecycleController.executeTasks(DefaultBuildLifecycleController.java:304)
	at org.gradle.internal.build.DefaultBuildWorkGraphController$DefaultBuildWorkGraph.runWork(DefaultBuildWorkGraphController.java:220)
	at org.gradle.internal.work.DefaultWorkerLeaseService.withLocks(DefaultWorkerLeaseService.java:264)
	at org.gradle.internal.work.DefaultWorkerLeaseService.runAsWorkerThread(DefaultWorkerLeaseService.java:128)
	at org.gradle.composite.internal.DefaultBuildController.doRun(DefaultBuildController.java:181)
	at org.gradle.composite.internal.DefaultBuildController.access$000(DefaultBuildController.java:50)
	at org.gradle.composite.internal.DefaultBuildController$BuildOpRunnable.lambda$run$0(DefaultBuildController.java:198)
	at org.gradle.internal.operations.CurrentBuildOperationRef.with(CurrentBuildOperationRef.java:80)
	at org.gradle.composite.internal.DefaultBuildController$BuildOpRunnable.run(DefaultBuildController.java:198)
	at java.base/java.util.concurrent.Executors$RunnableAdapter.call(Executors.java:539)
	at java.base/java.util.concurrent.FutureTask.run(FutureTask.java:264)
	at org.gradle.internal.concurrent.ExecutorPolicy$CatchAndRecordFailures.onExecute(ExecutorPolicy.java:64)
	at org.gradle.internal.concurrent.AbstractManagedExecutor$1.run(AbstractManagedExecutor.java:47)
	at java.base/java.util.concurrent.ThreadPoolExecutor.runWorker(ThreadPoolExecutor.java:1136)
	at java.base/java.util.concurrent.ThreadPoolExecutor$Worker.run(ThreadPoolExecutor.java:635)
	at java.base/java.lang.Thread.run(Thread.java:840)
Caused by: org.gradle.api.internal.artifacts.transform.TransformException: Execution failed for AarResourcesCompilerTransform: /root/.gradle/caches/transforms-4/8e0a0bff2d388b6446750efdf4a5758f/transformed/core-1.13.1.
	at org.gradle.api.internal.artifacts.transform.DefaultTransformInvocationFactory.lambda$createInvocation$1(DefaultTransformInvocationFactory.java:151)
	at org.gradle.internal.Try$Failure.mapFailure(Try.java:273)
	at org.gradle.api.internal.artifacts.transform.DefaultTransformInvocationFactory.lambda$createInvocation$2(DefaultTransformInvocationFactory.java:151)
	at org.gradle.internal.Deferrable$1.applyAndRequireNonNull(Deferrable.java:63)
	at org.gradle.internal.Deferrable$1.completeAndGet(Deferrable.java:59)
	at org.gradle.internal.Deferrable$1.completeAndGet(Deferrable.java:59)
	at org.gradle.api.internal.artifacts.transform.TransformingAsyncArtifactListener$TransformedArtifact.finalizeValue(TransformingAsyncArtifactListener.java:209)
	at org.gradle.api.internal.artifacts.transform.TransformingAsyncArtifactListener$TransformedArtifact.run(TransformingAsyncArtifactListener.java:147)
	at org.gradle.internal.operations.DefaultBuildOperationRunner$2.execute(DefaultBuildOperationRunner.java:66)
	at org.gradle.internal.operations.DefaultBuildOperationRunner$2.execute(DefaultBuildOperationRunner.java:59)
	at org.gradle.internal.operations.DefaultBuildOperationRunner.execute(DefaultBuildOperationRunner.java:157)
	at org.gradle.internal.operations.DefaultBuildOperationRunner.execute(DefaultBuildOperationRunner.java:59)
	at org.gradle.internal.operations.DefaultBuildOperationExecutor$QueueWorker.execute(DefaultBuildOperationExecutor.java:238)
	at org.gradle.internal.operations.DefaultBuildOperationQueue$WorkerRunnable.runOperation(DefaultBuildOperationQueue.java:272)
	at org.gradle.internal.operations.DefaultBuildOperationQueue$WorkerRunnable.doRunBatch(DefaultBuildOperationQueue.java:253)
	at org.gradle.internal.operations.DefaultBuildOperationQueue$WorkerRunnable.lambda$runBatch$0(DefaultBuildOperationQueue.java:238)
	at org.gradle.internal.resources.AbstractResourceLockRegistry.whileDisallowingLockChanges(AbstractResourceLockRegistry.java:50)
	at org.gradle.internal.work.DefaultWorkerLeaseService.whileDisallowingProjectLockChanges(DefaultWorkerLeaseService.java:236)
	at org.gradle.internal.operations.DefaultBuildOperationQueue$WorkerRunnable.lambda$runBatch$1(DefaultBuildOperationQueue.java:238)
	at org.gradle.internal.work.DefaultWorkerLeaseService.withLocks(DefaultWorkerLeaseService.java:264)
	at org.gradle.internal.work.DefaultWorkerLeaseService.runAsWorkerThread(DefaultWorkerLeaseService.java:128)
	at org.gradle.internal.operations.DefaultBuildOperationQueue$WorkerRunnable.runBatch(DefaultBuildOperationQueue.java:224)
	at org.gradle.internal.operations.DefaultBuildOperationQueue$WorkerRunnable.run(DefaultBuildOperationQueue.java:192)
	... 5 more
Caused by: com.android.builder.internal.aapt.v2.Aapt2InternalException: AAPT2 aapt2-8.5.2-11315950-linux Daemon #0: Daemon startup failed
This should not happen under normal circumstances, please file an issue if it does.
	at com.android.builder.internal.aapt.v2.Aapt2Daemon.handleError(Aapt2Daemon.kt:193)
	at com.android.builder.internal.aapt.v2.Aapt2Daemon.handleError$default(Aapt2Daemon.kt:190)
	at com.android.builder.internal.aapt.v2.Aapt2Daemon.checkStarted(Aapt2Daemon.kt:77)
	at com.android.builder.internal.aapt.v2.Aapt2Daemon.compile(Aapt2Daemon.kt:100)
	at com.android.builder.internal.aapt.v2.Aapt2DaemonManager$LeasedAaptDaemon.compile(Aapt2DaemonManager.kt:170)
	at com.android.builder.internal.aapt.v2.Aapt2DaemonManager$leasingAapt2Daemon$1.compile(Aapt2DaemonManager.kt:195)
	at com.android.build.gradle.internal.services.PartialInProcessResourceProcessor.compile(PartialInProcessResourceProcessor.kt:47)
	at com.android.build.gradle.internal.res.Aapt2CompileRunnableKt.runAapt2Compile(Aapt2CompileRunnable.kt:57)
	at com.android.build.gradle.internal.dependency.AarResourcesCompilerTransform.transform(AarResourcesCompilerTransform.kt:75)
	at org.gradle.api.internal.artifacts.transform.DefaultTransform.transform(DefaultTransform.java:276)
	at org.gradle.api.internal.artifacts.transform.AbstractTransformExecution$2.call(AbstractTransformExecution.java:143)
	at org.gradle.api.internal.artifacts.transform.AbstractTransformExecution$2.call(AbstractTransformExecution.java:137)
	at org.gradle.internal.operations.DefaultBuildOperationRunner$CallableBuildOperationWorker.execute(DefaultBuildOperationRunner.java:200)
	at org.gradle.internal.operations.DefaultBuildOperationRunner$CallableBuildOperationWorker.execute(DefaultBuildOperationRunner.java:195)
	at org.gradle.internal.operations.DefaultBuildOperationRunner$2.execute(DefaultBuildOperationRunner.java:66)
	at org.gradle.internal.operations.DefaultBuildOperationRunner$2.execute(DefaultBuildOperationRunner.java:59)
	at org.gradle.internal.operations.DefaultBuildOperationRunner.execute(DefaultBuildOperationRunner.java:157)
	at org.gradle.internal.operations.DefaultBuildOperationRunner.execute(DefaultBuildOperationRunner.java:59)
	at org.gradle.internal.operations.DefaultBuildOperationRunner.call(DefaultBuildOperationRunner.java:53)
	at org.gradle.internal.operations.DefaultBuildOperationExecutor.call(DefaultBuildOperationExecutor.java:73)
	at org.gradle.api.internal.artifacts.transform.AbstractTransformExecution.executeWithinTransformerListener(AbstractTransformExecution.java:137)
	at org.gradle.api.internal.artifacts.transform.AbstractTransformExecution.execute(AbstractTransformExecution.java:130)
	at org.gradle.internal.execution.steps.ExecuteStep.executeInternal(ExecuteStep.java:105)
	at org.gradle.internal.execution.steps.ExecuteStep.access$000(ExecuteStep.java:44)
	at org.gradle.internal.execution.steps.ExecuteStep$1.call(ExecuteStep.java:59)
	at org.gradle.internal.execution.steps.ExecuteStep$1.call(ExecuteStep.java:56)
	at org.gradle.internal.operations.DefaultBuildOperationRunner$CallableBuildOperationWorker.execute(DefaultBuildOperationRunner.java:200)
	at org.gradle.internal.operations.DefaultBuildOperationRunner$CallableBuildOperationWorker.execute(DefaultBuildOperationRunner.java:195)
	at org.gradle.internal.operations.DefaultBuildOperationRunner$2.execute(DefaultBuildOperationRunner.java:66)
	at org.gradle.internal.operations.DefaultBuildOperationRunner$2.execute(DefaultBuildOperationRunner.java:59)
	at org.gradle.internal.operations.DefaultBuildOperationRunner.execute(DefaultBuildOperationRunner.java:157)
	at org.gradle.internal.operations.DefaultBuildOperationRunner.execute(DefaultBuildOperationRunner.java:59)
	at org.gradle.internal.operations.DefaultBuildOperationRunner.call(DefaultBuildOperationRunner.java:53)
	at org.gradle.internal.operations.DefaultBuildOperationExecutor.call(DefaultBuildOperationExecutor.java:73)
	at org.gradle.internal.execution.steps.ExecuteStep.execute(ExecuteStep.java:56)
	at org.gradle.internal.execution.steps.ExecuteStep.execute(ExecuteStep.java:44)
	at org.gradle.internal.execution.steps.CancelExecutionStep.execute(CancelExecutionStep.java:41)
	at org.gradle.internal.execution.steps.TimeoutStep.executeWithoutTimeout(TimeoutStep.java:74)
	at org.gradle.internal.execution.steps.TimeoutStep.execute(TimeoutStep.java:55)
	at org.gradle.internal.execution.steps.PreCreateOutputParentsStep.execute(PreCreateOutputParentsStep.java:50)
	at org.gradle.internal.execution.steps.PreCreateOutputParentsStep.execute(PreCreateOutputParentsStep.java:28)
	at org.gradle.internal.execution.steps.BroadcastChangingOutputsStep.execute(BroadcastChangingOutputsStep.java:61)
	at org.gradle.internal.execution.steps.BroadcastChangingOutputsStep.execute(BroadcastChangingOutputsStep.java:26)
	at org.gradle.internal.execution.steps.NoInputChangesStep.execute(NoInputChangesStep.java:30)
	at org.gradle.internal.execution.steps.NoInputChangesStep.execute(NoInputChangesStep.java:21)
	at org.gradle.internal.execution.steps.CaptureOutputsAfterExecutionStep.execute(CaptureOutputsAfterExecutionStep.java:67)
	at org.gradle.internal.execution.steps.CaptureOutputsAfterExecutionStep.execute(CaptureOutputsAfterExecutionStep.java:45)
	at org.gradle.internal.execution.steps.BuildCacheStep.executeWithoutCache(BuildCacheStep.java:189)
	at org.gradle.internal.execution.steps.BuildCacheStep.lambda$execute$1(BuildCacheStep.java:75)
	at org.gradle.internal.Either$Right.fold(Either.java:175)
	at org.gradle.internal.execution.caching.CachingState.fold(CachingState.java:62)
	at org.gradle.internal.execution.steps.BuildCacheStep.execute(BuildCacheStep.java:73)
	at org.gradle.internal.execution.steps.BuildCacheStep.execute(BuildCacheStep.java:48)
	at org.gradle.internal.execution.steps.NeverUpToDateStep.execute(NeverUpToDateStep.java:34)
	at org.gradle.internal.execution.steps.NeverUpToDateStep.execute(NeverUpToDateStep.java:22)
	at org.gradle.internal.execution.steps.legacy.MarkSnapshottingInputsFinishedStep.execute(MarkSnapshottingInputsFinishedStep.java:37)
	at org.gradle.internal.execution.steps.legacy.MarkSnapshottingInputsFinishedStep.execute(MarkSnapshottingInputsFinishedStep.java:27)
	at org.gradle.internal.execution.steps.ResolveNonIncrementalCachingStateStep.executeDelegate(ResolveNonIncrementalCachingStateStep.java:50)
	at org.gradle.internal.execution.steps.AbstractResolveCachingStateStep.execute(AbstractResolveCachingStateStep.java:71)
	at org.gradle.internal.execution.steps.AbstractResolveCachingStateStep.execute(AbstractResolveCachingStateStep.java:39)
	at org.gradle.internal.execution.steps.ValidateStep.execute(ValidateStep.java:106)
	at org.gradle.internal.execution.steps.ValidateStep.execute(ValidateStep.java:55)
	at org.gradle.internal.execution.steps.AbstractCaptureStateBeforeExecutionStep.execute(AbstractCaptureStateBeforeExecutionStep.java:64)
	at org.gradle.internal.execution.steps.AbstractCaptureStateBeforeExecutionStep.execute(AbstractCaptureStateBeforeExecutionStep.java:43)
	at org.gradle.internal.execution.steps.legacy.MarkSnapshottingInputsStartedStep.execute(MarkSnapshottingInputsStartedStep.java:38)
	at org.gradle.internal.execution.steps.AssignImmutableWorkspaceStep.lambda$executeInTemporaryWorkspace$3(AssignImmutableWorkspaceStep.java:209)
	at org.gradle.internal.execution.workspace.impl.CacheBasedImmutableWorkspaceProvider$1.withTemporaryWorkspace(CacheBasedImmutableWorkspaceProvider.java:119)
	at org.gradle.internal.execution.steps.AssignImmutableWorkspaceStep.executeInTemporaryWorkspace(AssignImmutableWorkspaceStep.java:199)
	at org.gradle.internal.execution.steps.AssignImmutableWorkspaceStep.lambda$execute$0(AssignImmutableWorkspaceStep.java:121)
	at java.base/java.util.Optional.orElseGet(Optional.java:364)
	at org.gradle.internal.execution.steps.AssignImmutableWorkspaceStep.execute(AssignImmutableWorkspaceStep.java:121)
	at org.gradle.internal.execution.steps.AssignImmutableWorkspaceStep.execute(AssignImmutableWorkspaceStep.java:90)
	at org.gradle.internal.execution.steps.ChoosePipelineStep.execute(ChoosePipelineStep.java:38)
	at org.gradle.internal.execution.steps.ChoosePipelineStep.execute(ChoosePipelineStep.java:23)
	at org.gradle.internal.execution.steps.ExecuteWorkBuildOperationFiringStep.lambda$execute$0(ExecuteWorkBuildOperationFiringStep.java:53)
	at org.gradle.internal.execution.steps.BuildOperationStep$1.call(BuildOperationStep.java:37)
	at org.gradle.internal.operations.DefaultBuildOperationRunner$CallableBuildOperationWorker.execute(DefaultBuildOperationRunner.java:200)
	at org.gradle.internal.operations.DefaultBuildOperationRunner$CallableBuildOperationWorker.execute(DefaultBuildOperationRunner.java:195)
	at org.gradle.internal.operations.DefaultBuildOperationRunner$2.execute(DefaultBuildOperationRunner.java:66)
	at org.gradle.internal.operations.DefaultBuildOperationRunner$2.execute(DefaultBuildOperationRunner.java:59)
	at org.gradle.internal.operations.DefaultBuildOperationRunner.execute(DefaultBuildOperationRunner.java:157)
	at org.gradle.internal.operations.DefaultBuildOperationRunner.execute(DefaultBuildOperationRunner.java:59)
	at org.gradle.internal.operations.DefaultBuildOperationRunner.call(DefaultBuildOperationRunner.java:53)
	at org.gradle.internal.operations.DefaultBuildOperationExecutor.call(DefaultBuildOperationExecutor.java:73)
	at org.gradle.internal.execution.steps.BuildOperationStep.operation(BuildOperationStep.java:34)
	at org.gradle.internal.execution.steps.ExecuteWorkBuildOperationFiringStep.lambda$execute$1(ExecuteWorkBuildOperationFiringStep.java:51)
	at java.base/java.util.Optional.map(Optional.java:260)
	at org.gradle.internal.execution.steps.ExecuteWorkBuildOperationFiringStep.execute(ExecuteWorkBuildOperationFiringStep.java:51)
	at org.gradle.internal.execution.steps.ExecuteWorkBuildOperationFiringStep.execute(ExecuteWorkBuildOperationFiringStep.java:39)
	at org.gradle.internal.execution.steps.IdentityCacheStep.execute(IdentityCacheStep.java:46)
	at org.gradle.internal.execution.steps.IdentityCacheStep.executeInCache(IdentityCacheStep.java:80)
	at org.gradle.internal.execution.steps.IdentityCacheStep.lambda$executeDeferred$0(IdentityCacheStep.java:60)
	at org.gradle.cache.Cache.lambda$get$0(Cache.java:31)
	at java.base/java.util.concurrent.ConcurrentHashMap.computeIfAbsent(ConcurrentHashMap.java:1708)
	at org.gradle.cache.ManualEvictionInMemoryCache.get(ManualEvictionInMemoryCache.java:30)
	at org.gradle.cache.internal.DefaultCrossBuildInMemoryCacheFactory$CrossBuildCacheRetainingDataFromPreviousBuild.get(DefaultCrossBuildInMemoryCacheFactory.java:255)
	at org.gradle.cache.Cache.get(Cache.java:31)
	at org.gradle.internal.execution.steps.IdentityCacheStep.lambda$executeDeferred$1(IdentityCacheStep.java:58)
	at org.gradle.internal.Deferrable$3.completeAndGet(Deferrable.java:117)
	... 24 more
Caused by: java.io.IOException: Cannot run program "/root/.gradle/caches/transforms-4/2bba49eee1d64d073cb89b5f3891cf2c/transformed/aapt2-8.5.2-11315950-linux/aapt2": error=2, No such file or directory
	at java.base/java.lang.ProcessBuilder.start(ProcessBuilder.java:1143)
	at java.base/java.lang.ProcessBuilder.start(ProcessBuilder.java:1073)
	at org.gradle.internal.classpath.Instrumented.start(Instrumented.java:320)
	at com.android.builder.internal.aapt.v2.Aapt2DaemonImpl.startProcess(Aapt2DaemonImpl.kt:84)
	at com.android.builder.internal.aapt.v2.Aapt2Daemon.checkStarted(Aapt2Daemon.kt:56)
	... 120 more
Caused by: java.io.IOException: error=2, No such file or directory
	at java.base/java.lang.ProcessImpl.forkAndExec(Native Method)
	at java.base/java.lang.ProcessImpl.<init>(ProcessImpl.java:314)
	at java.base/java.lang.ProcessImpl.start(ProcessImpl.java:244)
	at java.base/java.lang.ProcessBuilder.start(ProcessBuilder.java:1110)
	... 124 more
Cause 8: org.gradle.api.internal.artifacts.transform.TransformException: Failed to transform core-1.13.1.aar (androidx.core:core:1.13.1) to match attributes {artifactType=android-compiled-dependencies-resources, org.gradle.status=release}.
	at org.gradle.api.internal.artifacts.transform.TransformingAsyncArtifactListener$TransformedArtifact.lambda$visit$4(TransformingAsyncArtifactListener.java:243)
	at org.gradle.internal.Try$Failure.ifSuccessfulOrElse(Try.java:282)
	at org.gradle.api.internal.artifacts.transform.TransformingAsyncArtifactListener$TransformedArtifact.visit(TransformingAsyncArtifactListener.java:235)
	at org.gradle.api.internal.artifacts.ivyservice.resolveengine.artifact.ParallelResolveArtifactSet$VisitingSet$StartVisitAction.visitResults(ParallelResolveArtifactSet.java:100)
	at org.gradle.api.internal.artifacts.ivyservice.resolveengine.artifact.ParallelResolveArtifactSet$VisitingSet.visit(ParallelResolveArtifactSet.java:69)
	at org.gradle.api.internal.artifacts.ivyservice.resolveengine.artifact.ResolvedArtifactSetResolver$1.run(ResolvedArtifactSetResolver.java:61)
	at org.gradle.internal.operations.DefaultBuildOperationRunner$1.execute(DefaultBuildOperationRunner.java:29)
	at org.gradle.internal.operations.DefaultBuildOperationRunner$1.execute(DefaultBuildOperationRunner.java:26)
	at org.gradle.internal.operations.DefaultBuildOperationRunner$2.execute(DefaultBuildOperationRunner.java:66)
	at org.gradle.internal.operations.DefaultBuildOperationRunner$2.execute(DefaultBuildOperationRunner.java:59)
	at org.gradle.internal.operations.DefaultBuildOperationRunner.execute(DefaultBuildOperationRunner.java:157)
	at org.gradle.internal.operations.DefaultBuildOperationRunner.execute(DefaultBuildOperationRunner.java:59)
	at org.gradle.internal.operations.DefaultBuildOperationRunner.run(DefaultBuildOperationRunner.java:47)
	at org.gradle.internal.operations.DefaultBuildOperationExecutor.run(DefaultBuildOperationExecutor.java:68)
	at org.gradle.api.internal.artifacts.ivyservice.resolveengine.artifact.ResolvedArtifactSetResolver.visitArtifacts(ResolvedArtifactSetResolver.java:58)
	at org.gradle.api.internal.artifacts.ivyservice.resolveengine.artifact.ResolvedArtifactSetResolver.lambda$visitInUnmanagedWorkerThread$0(ResolvedArtifactSetResolver.java:54)
	at org.gradle.internal.work.DefaultWorkerLeaseService.runAsUnmanagedWorkerThread(DefaultWorkerLeaseService.java:140)
	at org.gradle.api.internal.artifacts.ivyservice.resolveengine.artifact.ResolvedArtifactSetResolver.visitInUnmanagedWorkerThread(ResolvedArtifactSetResolver.java:54)
	at org.gradle.api.internal.artifacts.ivyservice.resolveengine.artifact.DefaultSelectedArtifactSet.visitArtifacts(DefaultSelectedArtifactSet.java:59)
	at org.gradle.api.internal.artifacts.ivyservice.resolveengine.artifact.SelectedArtifactSet.visitFiles(SelectedArtifactSet.java:34)
	at org.gradle.api.internal.artifacts.configurations.ResolutionBackedFileCollection.visitContents(ResolutionBackedFileCollection.java:73)
	at org.gradle.api.internal.file.AbstractFileCollection.visitStructure(AbstractFileCollection.java:361)
	at org.gradle.api.internal.file.collections.DefaultConfigurableFileCollection.lambda$calculateFinalizedValue$0(DefaultConfigurableFileCollection.java:415)
	at org.gradle.api.internal.file.collections.UnpackingVisitor.add(UnpackingVisitor.java:67)
	at org.gradle.api.internal.file.collections.DefaultConfigurableFileCollection$UnresolvedItemsCollector.visitContents(DefaultConfigurableFileCollection.java:593)
	at org.gradle.api.internal.file.collections.DefaultConfigurableFileCollection.calculateFinalizedValue(DefaultConfigurableFileCollection.java:415)
	at org.gradle.api.internal.file.collections.DefaultConfigurableFileCollection.finalizeNow(DefaultConfigurableFileCollection.java:120)
	at org.gradle.api.internal.file.collections.DefaultConfigurableFileCollection.lambda$visitChildren$1(DefaultConfigurableFileCollection.java:439)
	at org.gradle.api.internal.provider.ValueState.finalizeOnReadIfNeeded(ValueState.java:123)
	at org.gradle.api.internal.file.collections.DefaultConfigurableFileCollection.visitChildren(DefaultConfigurableFileCollection.java:439)
	at org.gradle.api.internal.file.CompositeFileCollection.visitContents(CompositeFileCollection.java:113)
	at org.gradle.api.internal.file.AbstractFileCollection.visitStructure(AbstractFileCollection.java:361)
	at org.gradle.api.internal.file.CompositeFileCollection.lambda$visitContents$0(CompositeFileCollection.java:113)
	at org.gradle.api.internal.file.collections.UnpackingVisitor.add(UnpackingVisitor.java:67)
	at org.gradle.api.internal.file.collections.UnpackingVisitor.add(UnpackingVisitor.java:92)
	at org.gradle.api.internal.file.DefaultFileCollectionFactory$ResolvingFileCollection.visitChildren(DefaultFileCollectionFactory.java:285)
	at org.gradle.api.internal.file.CompositeFileCollection.visitContents(CompositeFileCollection.java:113)
	at org.gradle.api.internal.file.AbstractFileCollection.visitStructure(AbstractFileCollection.java:361)
	at org.gradle.api.internal.file.CompositeFileCollection.lambda$visitContents$0(CompositeFileCollection.java:113)
	at org.gradle.api.internal.tasks.PropertyFileCollection.visitChildren(PropertyFileCollection.java:48)
	at org.gradle.api.internal.file.CompositeFileCollection.visitContents(CompositeFileCollection.java:113)
	at org.gradle.api.internal.file.AbstractFileCollection.visitStructure(AbstractFileCollection.java:361)
	at org.gradle.internal.fingerprint.impl.DefaultFileCollectionSnapshotter.snapshot(DefaultFileCollectionSnapshotter.java:47)
	at org.gradle.internal.execution.impl.DefaultInputFingerprinter$InputCollectingVisitor.visitInputFileProperty(DefaultInputFingerprinter.java:133)
	at org.gradle.api.internal.tasks.execution.TaskExecution.visitRegularInputs(TaskExecution.java:324)
	at org.gradle.internal.execution.impl.DefaultInputFingerprinter.fingerprintInputProperties(DefaultInputFingerprinter.java:63)
	at org.gradle.internal.execution.steps.AbstractCaptureStateBeforeExecutionStep.captureExecutionStateWithOutputs(AbstractCaptureStateBeforeExecutionStep.java:109)
	at org.gradle.internal.execution.steps.AbstractCaptureStateBeforeExecutionStep.lambda$captureExecutionState$0(AbstractCaptureStateBeforeExecutionStep.java:74)
	at org.gradle.internal.execution.steps.BuildOperationStep$1.call(BuildOperationStep.java:37)
	at org.gradle.internal.operations.DefaultBuildOperationRunner$CallableBuildOperationWorker.execute(DefaultBuildOperationRunner.java:200)
	at org.gradle.internal.operations.DefaultBuildOperationRunner$CallableBuildOperationWorker.execute(DefaultBuildOperationRunner.java:195)
	at org.gradle.internal.operations.DefaultBuildOperationRunner$2.execute(DefaultBuildOperationRunner.java:66)
	at org.gradle.internal.operations.DefaultBuildOperationRunner$2.execute(DefaultBuildOperationRunner.java:59)
	at org.gradle.internal.operations.DefaultBuildOperationRunner.execute(DefaultBuildOperationRunner.java:157)
	at org.gradle.internal.operations.DefaultBuildOperationRunner.execute(DefaultBuildOperationRunner.java:59)
	at org.gradle.internal.operations.DefaultBuildOperationRunner.call(DefaultBuildOperationRunner.java:53)
	at org.gradle.internal.operations.DefaultBuildOperationExecutor.call(DefaultBuildOperationExecutor.java:73)
	at org.gradle.internal.execution.steps.BuildOperationStep.operation(BuildOperationStep.java:34)
	at org.gradle.internal.execution.steps.AbstractCaptureStateBeforeExecutionStep.captureExecutionState(AbstractCaptureStateBeforeExecutionStep.java:69)
	at org.gradle.internal.execution.steps.AbstractCaptureStateBeforeExecutionStep.execute(AbstractCaptureStateBeforeExecutionStep.java:62)
	at org.gradle.internal.execution.steps.AbstractCaptureStateBeforeExecutionStep.execute(AbstractCaptureStateBeforeExecutionStep.java:43)
	at org.gradle.internal.execution.steps.AbstractSkipEmptyWorkStep.executeWithNonEmptySources(AbstractSkipEmptyWorkStep.java:125)
	at org.gradle.internal.execution.steps.AbstractSkipEmptyWorkStep.execute(AbstractSkipEmptyWorkStep.java:56)
	at org.gradle.internal.execution.steps.AbstractSkipEmptyWorkStep.execute(AbstractSkipEmptyWorkStep.java:36)
	at org.gradle.internal.execution.steps.legacy.MarkSnapshottingInputsStartedStep.execute(MarkSnapshottingInputsStartedStep.java:38)
	at org.gradle.internal.execution.steps.LoadPreviousExecutionStateStep.execute(LoadPreviousExecutionStateStep.java:36)
	at org.gradle.internal.execution.steps.LoadPreviousExecutionStateStep.execute(LoadPreviousExecutionStateStep.java:23)
	at org.gradle.internal.execution.steps.HandleStaleOutputsStep.execute(HandleStaleOutputsStep.java:75)
	at org.gradle.internal.execution.steps.HandleStaleOutputsStep.execute(HandleStaleOutputsStep.java:41)
	at org.gradle.internal.execution.steps.AssignMutableWorkspaceStep.lambda$execute$0(AssignMutableWorkspaceStep.java:35)
	at org.gradle.api.internal.tasks.execution.TaskExecution$4.withWorkspace(TaskExecution.java:289)
	at org.gradle.internal.execution.steps.AssignMutableWorkspaceStep.execute(AssignMutableWorkspaceStep.java:31)
	at org.gradle.internal.execution.steps.AssignMutableWorkspaceStep.execute(AssignMutableWorkspaceStep.java:22)
	at org.gradle.internal.execution.steps.ChoosePipelineStep.execute(ChoosePipelineStep.java:40)
	at org.gradle.internal.execution.steps.ChoosePipelineStep.execute(ChoosePipelineStep.java:23)
	at org.gradle.internal.execution.steps.ExecuteWorkBuildOperationFiringStep.lambda$execute$2(ExecuteWorkBuildOperationFiringStep.java:67)
	at java.base/java.util.Optional.orElseGet(Optional.java:364)
	at org.gradle.internal.execution.steps.ExecuteWorkBuildOperationFiringStep.execute(ExecuteWorkBuildOperationFiringStep.java:67)
	at org.gradle.internal.execution.steps.ExecuteWorkBuildOperationFiringStep.execute(ExecuteWorkBuildOperationFiringStep.java:39)
	at org.gradle.internal.execution.steps.IdentityCacheStep.execute(IdentityCacheStep.java:46)
	at org.gradle.internal.execution.steps.IdentityCacheStep.execute(IdentityCacheStep.java:34)
	at org.gradle.internal.execution.steps.IdentifyStep.execute(IdentifyStep.java:48)
	at org.gradle.internal.execution.steps.IdentifyStep.execute(IdentifyStep.java:35)
	at org.gradle.internal.execution.impl.DefaultExecutionEngine$1.execute(DefaultExecutionEngine.java:61)
	at org.gradle.api.internal.tasks.execution.ExecuteActionsTaskExecuter.executeIfValid(ExecuteActionsTaskExecuter.java:127)
	at org.gradle.api.internal.tasks.execution.ExecuteActionsTaskExecuter.execute(ExecuteActionsTaskExecuter.java:116)
	at org.gradle.api.internal.tasks.execution.FinalizePropertiesTaskExecuter.execute(FinalizePropertiesTaskExecuter.java:46)
	at org.gradle.api.internal.tasks.execution.ResolveTaskExecutionModeExecuter.execute(ResolveTaskExecutionModeExecuter.java:51)
	at org.gradle.api.internal.tasks.execution.SkipTaskWithNoActionsExecuter.execute(SkipTaskWithNoActionsExecuter.java:57)
	at org.gradle.api.internal.tasks.execution.SkipOnlyIfTaskExecuter.execute(SkipOnlyIfTaskExecuter.java:74)
	at org.gradle.api.internal.tasks.execution.CatchExceptionTaskExecuter.execute(CatchExceptionTaskExecuter.java:36)
	at org.gradle.api.internal.tasks.execution.EventFiringTaskExecuter$1.executeTask(EventFiringTaskExecuter.java:77)
	at org.gradle.api.internal.tasks.execution.EventFiringTaskExecuter$1.call(EventFiringTaskExecuter.java:55)
	at org.gradle.api.internal.tasks.execution.EventFiringTaskExecuter$1.call(EventFiringTaskExecuter.java:52)
	at org.gradle.internal.operations.DefaultBuildOperationRunner$CallableBuildOperationWorker.execute(DefaultBuildOperationRunner.java:200)
	at org.gradle.internal.operations.DefaultBuildOperationRunner$CallableBuildOperationWorker.execute(DefaultBuildOperationRunner.java:195)
	at org.gradle.internal.operations.DefaultBuildOperationRunner$2.execute(DefaultBuildOperationRunner.java:66)
	at org.gradle.internal.operations.DefaultBuildOperationRunner$2.execute(DefaultBuildOperationRunner.java:59)
	at org.gradle.internal.operations.DefaultBuildOperationRunner.execute(DefaultBuildOperationRunner.java:157)
	at org.gradle.internal.operations.DefaultBuildOperationRunner.execute(DefaultBuildOperationRunner.java:59)
	at org.gradle.internal.operations.DefaultBuildOperationRunner.call(DefaultBuildOperationRunner.java:53)
	at org.gradle.internal.operations.DefaultBuildOperationExecutor.call(DefaultBuildOperationExecutor.java:73)
	at org.gradle.api.internal.tasks.execution.EventFiringTaskExecuter.execute(EventFiringTaskExecuter.java:52)
	at org.gradle.execution.plan.LocalTaskNodeExecutor.execute(LocalTaskNodeExecutor.java:42)
	at org.gradle.execution.taskgraph.DefaultTaskExecutionGraph$InvokeNodeExecutorsAction.execute(DefaultTaskExecutionGraph.java:331)
	at org.gradle.execution.taskgraph.DefaultTaskExecutionGraph$InvokeNodeExecutorsAction.execute(DefaultTaskExecutionGraph.java:318)
	at org.gradle.execution.taskgraph.DefaultTaskExecutionGraph$BuildOperationAwareExecutionAction.lambda$execute$0(DefaultTaskExecutionGraph.java:314)
	at org.gradle.internal.operations.CurrentBuildOperationRef.with(CurrentBuildOperationRef.java:80)
	at org.gradle.execution.taskgraph.DefaultTaskExecutionGraph$BuildOperationAwareExecutionAction.execute(DefaultTaskExecutionGraph.java:314)
	at org.gradle.execution.taskgraph.DefaultTaskExecutionGraph$BuildOperationAwareExecutionAction.execute(DefaultTaskExecutionGraph.java:303)
	at org.gradle.execution.plan.DefaultPlanExecutor$ExecutorWorker.execute(DefaultPlanExecutor.java:463)
	at org.gradle.execution.plan.DefaultPlanExecutor$ExecutorWorker.run(DefaultPlanExecutor.java:380)
	at org.gradle.execution.plan.DefaultPlanExecutor.process(DefaultPlanExecutor.java:116)
	at org.gradle.execution.taskgraph.DefaultTaskExecutionGraph.executeWithServices(DefaultTaskExecutionGraph.java:138)
	at org.gradle.execution.taskgraph.DefaultTaskExecutionGraph.execute(DefaultTaskExecutionGraph.java:123)
	at org.gradle.execution.SelectedTaskExecutionAction.execute(SelectedTaskExecutionAction.java:35)
	at org.gradle.execution.DryRunBuildExecutionAction.execute(DryRunBuildExecutionAction.java:51)
	at org.gradle.execution.BuildOperationFiringBuildWorkerExecutor$ExecuteTasks.call(BuildOperationFiringBuildWorkerExecutor.java:54)
	at org.gradle.execution.BuildOperationFiringBuildWorkerExecutor$ExecuteTasks.call(BuildOperationFiringBuildWorkerExecutor.java:43)
	at org.gradle.internal.operations.DefaultBuildOperationRunner$CallableBuildOperationWorker.execute(DefaultBuildOperationRunner.java:200)
	at org.gradle.internal.operations.DefaultBuildOperationRunner$CallableBuildOperationWorker.execute(DefaultBuildOperationRunner.java:195)
	at org.gradle.internal.operations.DefaultBuildOperationRunner$2.execute(DefaultBuildOperationRunner.java:66)
	at org.gradle.internal.operations.DefaultBuildOperationRunner$2.execute(DefaultBuildOperationRunner.java:59)
	at org.gradle.internal.operations.DefaultBuildOperationRunner.execute(DefaultBuildOperationRunner.java:157)
	at org.gradle.internal.operations.DefaultBuildOperationRunner.execute(DefaultBuildOperationRunner.java:59)
	at org.gradle.internal.operations.DefaultBuildOperationRunner.call(DefaultBuildOperationRunner.java:53)
	at org.gradle.internal.operations.DefaultBuildOperationExecutor.call(DefaultBuildOperationExecutor.java:73)
	at org.gradle.execution.BuildOperationFiringBuildWorkerExecutor.execute(BuildOperationFiringBuildWorkerExecutor.java:40)
	at org.gradle.internal.build.DefaultBuildLifecycleController.lambda$executeTasks$10(DefaultBuildLifecycleController.java:313)
	at org.gradle.internal.model.StateTransitionController.doTransition(StateTransitionController.java:266)
	at org.gradle.internal.model.StateTransitionController.lambda$tryTransition$8(StateTransitionController.java:177)
	at org.gradle.internal.work.DefaultSynchronizer.withLock(DefaultSynchronizer.java:44)
	at org.gradle.internal.model.StateTransitionController.tryTransition(StateTransitionController.java:177)
	at org.gradle.internal.build.DefaultBuildLifecycleController.executeTasks(DefaultBuildLifecycleController.java:304)
	at org.gradle.internal.build.DefaultBuildWorkGraphController$DefaultBuildWorkGraph.runWork(DefaultBuildWorkGraphController.java:220)
	at org.gradle.internal.work.DefaultWorkerLeaseService.withLocks(DefaultWorkerLeaseService.java:264)
	at org.gradle.internal.work.DefaultWorkerLeaseService.runAsWorkerThread(DefaultWorkerLeaseService.java:128)
	at org.gradle.composite.internal.DefaultBuildController.doRun(DefaultBuildController.java:181)
	at org.gradle.composite.internal.DefaultBuildController.access$000(DefaultBuildController.java:50)
	at org.gradle.composite.internal.DefaultBuildController$BuildOpRunnable.lambda$run$0(DefaultBuildController.java:198)
	at org.gradle.internal.operations.CurrentBuildOperationRef.with(CurrentBuildOperationRef.java:80)
	at org.gradle.composite.internal.DefaultBuildController$BuildOpRunnable.run(DefaultBuildController.java:198)
	at java.base/java.util.concurrent.Executors$RunnableAdapter.call(Executors.java:539)
	at java.base/java.util.concurrent.FutureTask.run(FutureTask.java:264)
	at org.gradle.internal.concurrent.ExecutorPolicy$CatchAndRecordFailures.onExecute(ExecutorPolicy.java:64)
	at org.gradle.internal.concurrent.AbstractManagedExecutor$1.run(AbstractManagedExecutor.java:47)
	at java.base/java.util.concurrent.ThreadPoolExecutor.runWorker(ThreadPoolExecutor.java:1136)
	at java.base/java.util.concurrent.ThreadPoolExecutor$Worker.run(ThreadPoolExecutor.java:635)
	at java.base/java.lang.Thread.run(Thread.java:840)
Caused by: org.gradle.api.internal.artifacts.transform.TransformException: Execution failed for AarResourcesCompilerTransform: /root/.gradle/caches/transforms-4/8e0a0bff2d388b6446750efdf4a5758f/transformed/core-1.13.1.
	at org.gradle.api.internal.artifacts.transform.DefaultTransformInvocationFactory.lambda$createInvocation$1(DefaultTransformInvocationFactory.java:151)
	at org.gradle.internal.Try$Failure.mapFailure(Try.java:273)
	at org.gradle.api.internal.artifacts.transform.DefaultTransformInvocationFactory.lambda$createInvocation$2(DefaultTransformInvocationFactory.java:151)
	at org.gradle.internal.Deferrable$1.applyAndRequireNonNull(Deferrable.java:63)
	at org.gradle.internal.Deferrable$1.completeAndGet(Deferrable.java:59)
	at org.gradle.internal.Deferrable$1.completeAndGet(Deferrable.java:59)
	at org.gradle.api.internal.artifacts.transform.TransformingAsyncArtifactListener$TransformedArtifact.finalizeValue(TransformingAsyncArtifactListener.java:209)
	at org.gradle.api.internal.artifacts.transform.TransformingAsyncArtifactListener$TransformedArtifact.run(TransformingAsyncArtifactListener.java:147)
	at org.gradle.internal.operations.DefaultBuildOperationRunner$2.execute(DefaultBuildOperationRunner.java:66)
	at org.gradle.internal.operations.DefaultBuildOperationRunner$2.execute(DefaultBuildOperationRunner.java:59)
	at org.gradle.internal.operations.DefaultBuildOperationRunner.execute(DefaultBuildOperationRunner.java:157)
	at org.gradle.internal.operations.DefaultBuildOperationRunner.execute(DefaultBuildOperationRunner.java:59)
	at org.gradle.internal.operations.DefaultBuildOperationExecutor$QueueWorker.execute(DefaultBuildOperationExecutor.java:238)
	at org.gradle.internal.operations.DefaultBuildOperationQueue$WorkerRunnable.runOperation(DefaultBuildOperationQueue.java:272)
	at org.gradle.internal.operations.DefaultBuildOperationQueue$WorkerRunnable.doRunBatch(DefaultBuildOperationQueue.java:253)
	at org.gradle.internal.operations.DefaultBuildOperationQueue$WorkerRunnable.lambda$runBatch$0(DefaultBuildOperationQueue.java:238)
	at org.gradle.internal.resources.AbstractResourceLockRegistry.whileDisallowingLockChanges(AbstractResourceLockRegistry.java:50)
	at org.gradle.internal.work.DefaultWorkerLeaseService.whileDisallowingProjectLockChanges(DefaultWorkerLeaseService.java:236)
	at org.gradle.internal.operations.DefaultBuildOperationQueue$WorkerRunnable.lambda$runBatch$1(DefaultBuildOperationQueue.java:238)
	at org.gradle.internal.work.DefaultWorkerLeaseService.withLocks(DefaultWorkerLeaseService.java:264)
	at org.gradle.internal.work.DefaultWorkerLeaseService.runAsWorkerThread(DefaultWorkerLeaseService.java:128)
	at org.gradle.internal.operations.DefaultBuildOperationQueue$WorkerRunnable.runBatch(DefaultBuildOperationQueue.java:224)
	at org.gradle.internal.operations.DefaultBuildOperationQueue$WorkerRunnable.run(DefaultBuildOperationQueue.java:192)
	... 5 more
Caused by: com.android.builder.internal.aapt.v2.Aapt2InternalException: AAPT2 aapt2-8.5.2-11315950-linux Daemon #0: Daemon startup failed
This should not happen under normal circumstances, please file an issue if it does.
	at com.android.builder.internal.aapt.v2.Aapt2Daemon.handleError(Aapt2Daemon.kt:193)
	at com.android.builder.internal.aapt.v2.Aapt2Daemon.handleError$default(Aapt2Daemon.kt:190)
	at com.android.builder.internal.aapt.v2.Aapt2Daemon.checkStarted(Aapt2Daemon.kt:77)
	at com.android.builder.internal.aapt.v2.Aapt2Daemon.compile(Aapt2Daemon.kt:100)
	at com.android.builder.internal.aapt.v2.Aapt2DaemonManager$LeasedAaptDaemon.compile(Aapt2DaemonManager.kt:170)
	at com.android.builder.internal.aapt.v2.Aapt2DaemonManager$leasingAapt2Daemon$1.compile(Aapt2DaemonManager.kt:195)
	at com.android.build.gradle.internal.services.PartialInProcessResourceProcessor.compile(PartialInProcessResourceProcessor.kt:47)
	at com.android.build.gradle.internal.res.Aapt2CompileRunnableKt.runAapt2Compile(Aapt2CompileRunnable.kt:57)
	at com.android.build.gradle.internal.dependency.AarResourcesCompilerTransform.transform(AarResourcesCompilerTransform.kt:75)
	at org.gradle.api.internal.artifacts.transform.DefaultTransform.transform(DefaultTransform.java:276)
	at org.gradle.api.internal.artifacts.transform.AbstractTransformExecution$2.call(AbstractTransformExecution.java:143)
	at org.gradle.api.internal.artifacts.transform.AbstractTransformExecution$2.call(AbstractTransformExecution.java:137)
	at org.gradle.internal.operations.DefaultBuildOperationRunner$CallableBuildOperationWorker.execute(DefaultBuildOperationRunner.java:200)
	at org.gradle.internal.operations.DefaultBuildOperationRunner$CallableBuildOperationWorker.execute(DefaultBuildOperationRunner.java:195)
	at org.gradle.internal.operations.DefaultBuildOperationRunner$2.execute(DefaultBuildOperationRunner.java:66)
	at org.gradle.internal.operations.DefaultBuildOperationRunner$2.execute(DefaultBuildOperationRunner.java:59)
	at org.gradle.internal.operations.DefaultBuildOperationRunner.execute(DefaultBuildOperationRunner.java:157)
	at org.gradle.internal.operations.DefaultBuildOperationRunner.execute(DefaultBuildOperationRunner.java:59)
	at org.gradle.internal.operations.DefaultBuildOperationRunner.call(DefaultBuildOperationRunner.java:53)
	at org.gradle.internal.operations.DefaultBuildOperationExecutor.call(DefaultBuildOperationExecutor.java:73)
	at org.gradle.api.internal.artifacts.transform.AbstractTransformExecution.executeWithinTransformerListener(AbstractTransformExecution.java:137)
	at org.gradle.api.internal.artifacts.transform.AbstractTransformExecution.execute(AbstractTransformExecution.java:130)
	at org.gradle.internal.execution.steps.ExecuteStep.executeInternal(ExecuteStep.java:105)
	at org.gradle.internal.execution.steps.ExecuteStep.access$000(ExecuteStep.java:44)
	at org.gradle.internal.execution.steps.ExecuteStep$1.call(ExecuteStep.java:59)
	at org.gradle.internal.execution.steps.ExecuteStep$1.call(ExecuteStep.java:56)
	at org.gradle.internal.operations.DefaultBuildOperationRunner$CallableBuildOperationWorker.execute(DefaultBuildOperationRunner.java:200)
	at org.gradle.internal.operations.DefaultBuildOperationRunner$CallableBuildOperationWorker.execute(DefaultBuildOperationRunner.java:195)
	at org.gradle.internal.operations.DefaultBuildOperationRunner$2.execute(DefaultBuildOperationRunner.java:66)
	at org.gradle.internal.operations.DefaultBuildOperationRunner$2.execute(DefaultBuildOperationRunner.java:59)
	at org.gradle.internal.operations.DefaultBuildOperationRunner.execute(DefaultBuildOperationRunner.java:157)
	at org.gradle.internal.operations.DefaultBuildOperationRunner.execute(DefaultBuildOperationRunner.java:59)
	at org.gradle.internal.operations.DefaultBuildOperationRunner.call(DefaultBuildOperationRunner.java:53)
	at org.gradle.internal.operations.DefaultBuildOperationExecutor.call(DefaultBuildOperationExecutor.java:73)
	at org.gradle.internal.execution.steps.ExecuteStep.execute(ExecuteStep.java:56)
	at org.gradle.internal.execution.steps.ExecuteStep.execute(ExecuteStep.java:44)
	at org.gradle.internal.execution.steps.CancelExecutionStep.execute(CancelExecutionStep.java:41)
	at org.gradle.internal.execution.steps.TimeoutStep.executeWithoutTimeout(TimeoutStep.java:74)
	at org.gradle.internal.execution.steps.TimeoutStep.execute(TimeoutStep.java:55)
	at org.gradle.internal.execution.steps.PreCreateOutputParentsStep.execute(PreCreateOutputParentsStep.java:50)
	at org.gradle.internal.execution.steps.PreCreateOutputParentsStep.execute(PreCreateOutputParentsStep.java:28)
	at org.gradle.internal.execution.steps.BroadcastChangingOutputsStep.execute(BroadcastChangingOutputsStep.java:61)
	at org.gradle.internal.execution.steps.BroadcastChangingOutputsStep.execute(BroadcastChangingOutputsStep.java:26)
	at org.gradle.internal.execution.steps.NoInputChangesStep.execute(NoInputChangesStep.java:30)
	at org.gradle.internal.execution.steps.NoInputChangesStep.execute(NoInputChangesStep.java:21)
	at org.gradle.internal.execution.steps.CaptureOutputsAfterExecutionStep.execute(CaptureOutputsAfterExecutionStep.java:67)
	at org.gradle.internal.execution.steps.CaptureOutputsAfterExecutionStep.execute(CaptureOutputsAfterExecutionStep.java:45)
	at org.gradle.internal.execution.steps.BuildCacheStep.executeWithoutCache(BuildCacheStep.java:189)
	at org.gradle.internal.execution.steps.BuildCacheStep.lambda$execute$1(BuildCacheStep.java:75)
	at org.gradle.internal.Either$Right.fold(Either.java:175)
	at org.gradle.internal.execution.caching.CachingState.fold(CachingState.java:62)
	at org.gradle.internal.execution.steps.BuildCacheStep.execute(BuildCacheStep.java:73)
	at org.gradle.internal.execution.steps.BuildCacheStep.execute(BuildCacheStep.java:48)
	at org.gradle.internal.execution.steps.NeverUpToDateStep.execute(NeverUpToDateStep.java:34)
	at org.gradle.internal.execution.steps.NeverUpToDateStep.execute(NeverUpToDateStep.java:22)
	at org.gradle.internal.execution.steps.legacy.MarkSnapshottingInputsFinishedStep.execute(MarkSnapshottingInputsFinishedStep.java:37)
	at org.gradle.internal.execution.steps.legacy.MarkSnapshottingInputsFinishedStep.execute(MarkSnapshottingInputsFinishedStep.java:27)
	at org.gradle.internal.execution.steps.ResolveNonIncrementalCachingStateStep.executeDelegate(ResolveNonIncrementalCachingStateStep.java:50)
	at org.gradle.internal.execution.steps.AbstractResolveCachingStateStep.execute(AbstractResolveCachingStateStep.java:71)
	at org.gradle.internal.execution.steps.AbstractResolveCachingStateStep.execute(AbstractResolveCachingStateStep.java:39)
	at org.gradle.internal.execution.steps.ValidateStep.execute(ValidateStep.java:106)
	at org.gradle.internal.execution.steps.ValidateStep.execute(ValidateStep.java:55)
	at org.gradle.internal.execution.steps.AbstractCaptureStateBeforeExecutionStep.execute(AbstractCaptureStateBeforeExecutionStep.java:64)
	at org.gradle.internal.execution.steps.AbstractCaptureStateBeforeExecutionStep.execute(AbstractCaptureStateBeforeExecutionStep.java:43)
	at org.gradle.internal.execution.steps.legacy.MarkSnapshottingInputsStartedStep.execute(MarkSnapshottingInputsStartedStep.java:38)
	at org.gradle.internal.execution.steps.AssignImmutableWorkspaceStep.lambda$executeInTemporaryWorkspace$3(AssignImmutableWorkspaceStep.java:209)
	at org.gradle.internal.execution.workspace.impl.CacheBasedImmutableWorkspaceProvider$1.withTemporaryWorkspace(CacheBasedImmutableWorkspaceProvider.java:119)
	at org.gradle.internal.execution.steps.AssignImmutableWorkspaceStep.executeInTemporaryWorkspace(AssignImmutableWorkspaceStep.java:199)
	at org.gradle.internal.execution.steps.AssignImmutableWorkspaceStep.lambda$execute$0(AssignImmutableWorkspaceStep.java:121)
	at java.base/java.util.Optional.orElseGet(Optional.java:364)
	at org.gradle.internal.execution.steps.AssignImmutableWorkspaceStep.execute(AssignImmutableWorkspaceStep.java:121)
	at org.gradle.internal.execution.steps.AssignImmutableWorkspaceStep.execute(AssignImmutableWorkspaceStep.java:90)
	at org.gradle.internal.execution.steps.ChoosePipelineStep.execute(ChoosePipelineStep.java:38)
	at org.gradle.internal.execution.steps.ChoosePipelineStep.execute(ChoosePipelineStep.java:23)
	at org.gradle.internal.execution.steps.ExecuteWorkBuildOperationFiringStep.lambda$execute$0(ExecuteWorkBuildOperationFiringStep.java:53)
	at org.gradle.internal.execution.steps.BuildOperationStep$1.call(BuildOperationStep.java:37)
	at org.gradle.internal.operations.DefaultBuildOperationRunner$CallableBuildOperationWorker.execute(DefaultBuildOperationRunner.java:200)
	at org.gradle.internal.operations.DefaultBuildOperationRunner$CallableBuildOperationWorker.execute(DefaultBuildOperationRunner.java:195)
	at org.gradle.internal.operations.DefaultBuildOperationRunner$2.execute(DefaultBuildOperationRunner.java:66)
	at org.gradle.internal.operations.DefaultBuildOperationRunner$2.execute(DefaultBuildOperationRunner.java:59)
	at org.gradle.internal.operations.DefaultBuildOperationRunner.execute(DefaultBuildOperationRunner.java:157)
	at org.gradle.internal.operations.DefaultBuildOperationRunner.execute(DefaultBuildOperationRunner.java:59)
	at org.gradle.internal.operations.DefaultBuildOperationRunner.call(DefaultBuildOperationRunner.java:53)
	at org.gradle.internal.operations.DefaultBuildOperationExecutor.call(DefaultBuildOperationExecutor.java:73)
	at org.gradle.internal.execution.steps.BuildOperationStep.operation(BuildOperationStep.java:34)
	at org.gradle.internal.execution.steps.ExecuteWorkBuildOperationFiringStep.lambda$execute$1(ExecuteWorkBuildOperationFiringStep.java:51)
	at java.base/java.util.Optional.map(Optional.java:260)
	at org.gradle.internal.execution.steps.ExecuteWorkBuildOperationFiringStep.execute(ExecuteWorkBuildOperationFiringStep.java:51)
	at org.gradle.internal.execution.steps.ExecuteWorkBuildOperationFiringStep.execute(ExecuteWorkBuildOperationFiringStep.java:39)
	at org.gradle.internal.execution.steps.IdentityCacheStep.execute(IdentityCacheStep.java:46)
	at org.gradle.internal.execution.steps.IdentityCacheStep.executeInCache(IdentityCacheStep.java:80)
	at org.gradle.internal.execution.steps.IdentityCacheStep.lambda$executeDeferred$0(IdentityCacheStep.java:60)
	at org.gradle.cache.Cache.lambda$get$0(Cache.java:31)
	at java.base/java.util.concurrent.ConcurrentHashMap.computeIfAbsent(ConcurrentHashMap.java:1708)
	at org.gradle.cache.ManualEvictionInMemoryCache.get(ManualEvictionInMemoryCache.java:30)
	at org.gradle.cache.internal.DefaultCrossBuildInMemoryCacheFactory$CrossBuildCacheRetainingDataFromPreviousBuild.get(DefaultCrossBuildInMemoryCacheFactory.java:255)
	at org.gradle.cache.Cache.get(Cache.java:31)
	at org.gradle.internal.execution.steps.IdentityCacheStep.lambda$executeDeferred$1(IdentityCacheStep.java:58)
	at org.gradle.internal.Deferrable$3.completeAndGet(Deferrable.java:117)
	... 24 more
Caused by: java.io.IOException: Cannot run program "/root/.gradle/caches/transforms-4/2bba49eee1d64d073cb89b5f3891cf2c/transformed/aapt2-8.5.2-11315950-linux/aapt2": error=2, No such file or directory
	at java.base/java.lang.ProcessBuilder.start(ProcessBuilder.java:1143)
	at java.base/java.lang.ProcessBuilder.start(ProcessBuilder.java:1073)
	at org.gradle.internal.classpath.Instrumented.start(Instrumented.java:320)
	at com.android.builder.internal.aapt.v2.Aapt2DaemonImpl.startProcess(Aapt2DaemonImpl.kt:84)
	at com.android.builder.internal.aapt.v2.Aapt2Daemon.checkStarted(Aapt2Daemon.kt:56)
	... 120 more
Caused by: java.io.IOException: error=2, No such file or directory
	at java.base/java.lang.ProcessImpl.forkAndExec(Native Method)
	at java.base/java.lang.ProcessImpl.<init>(ProcessImpl.java:314)
	at java.base/java.lang.ProcessImpl.start(ProcessImpl.java:244)
	at java.base/java.lang.ProcessBuilder.start(ProcessBuilder.java:1110)
	... 124 more
Cause 9: org.gradle.api.internal.artifacts.transform.TransformException: Failed to transform core-1.13.1.aar (androidx.core:core:1.13.1) to match attributes {artifactType=android-compiled-dependencies-resources, org.gradle.status=release}.
	at org.gradle.api.internal.artifacts.transform.TransformingAsyncArtifactListener$TransformedArtifact.lambda$visit$4(TransformingAsyncArtifactListener.java:243)
	at org.gradle.internal.Try$Failure.ifSuccessfulOrElse(Try.java:282)
	at org.gradle.api.internal.artifacts.transform.TransformingAsyncArtifactListener$TransformedArtifact.visit(TransformingAsyncArtifactListener.java:235)
	at org.gradle.api.internal.artifacts.ivyservice.resolveengine.artifact.ParallelResolveArtifactSet$VisitingSet$StartVisitAction.visitResults(ParallelResolveArtifactSet.java:100)
	at org.gradle.api.internal.artifacts.ivyservice.resolveengine.artifact.ParallelResolveArtifactSet$VisitingSet.visit(ParallelResolveArtifactSet.java:69)
	at org.gradle.api.internal.artifacts.ivyservice.resolveengine.artifact.ResolvedArtifactSetResolver$1.run(ResolvedArtifactSetResolver.java:61)
	at org.gradle.internal.operations.DefaultBuildOperationRunner$1.execute(DefaultBuildOperationRunner.java:29)
	at org.gradle.internal.operations.DefaultBuildOperationRunner$1.execute(DefaultBuildOperationRunner.java:26)
	at org.gradle.internal.operations.DefaultBuildOperationRunner$2.execute(DefaultBuildOperationRunner.java:66)
	at org.gradle.internal.operations.DefaultBuildOperationRunner$2.execute(DefaultBuildOperationRunner.java:59)
	at org.gradle.internal.operations.DefaultBuildOperationRunner.execute(DefaultBuildOperationRunner.java:157)
	at org.gradle.internal.operations.DefaultBuildOperationRunner.execute(DefaultBuildOperationRunner.java:59)
	at org.gradle.internal.operations.DefaultBuildOperationRunner.run(DefaultBuildOperationRunner.java:47)
	at org.gradle.internal.operations.DefaultBuildOperationExecutor.run(DefaultBuildOperationExecutor.java:68)
	at org.gradle.api.internal.artifacts.ivyservice.resolveengine.artifact.ResolvedArtifactSetResolver.visitArtifacts(ResolvedArtifactSetResolver.java:58)
	at org.gradle.api.internal.artifacts.ivyservice.resolveengine.artifact.ResolvedArtifactSetResolver.lambda$visitInUnmanagedWorkerThread$0(ResolvedArtifactSetResolver.java:54)
	at org.gradle.internal.work.DefaultWorkerLeaseService.runAsUnmanagedWorkerThread(DefaultWorkerLeaseService.java:140)
	at org.gradle.api.internal.artifacts.ivyservice.resolveengine.artifact.ResolvedArtifactSetResolver.visitInUnmanagedWorkerThread(ResolvedArtifactSetResolver.java:54)
	at org.gradle.api.internal.artifacts.ivyservice.resolveengine.artifact.DefaultSelectedArtifactSet.visitArtifacts(DefaultSelectedArtifactSet.java:59)
	at org.gradle.api.internal.artifacts.ivyservice.resolveengine.artifact.SelectedArtifactSet.visitFiles(SelectedArtifactSet.java:34)
	at org.gradle.api.internal.artifacts.configurations.ResolutionBackedFileCollection.visitContents(ResolutionBackedFileCollection.java:73)
	at org.gradle.api.internal.file.AbstractFileCollection.visitStructure(AbstractFileCollection.java:361)
	at org.gradle.api.internal.file.collections.DefaultConfigurableFileCollection.lambda$calculateFinalizedValue$0(DefaultConfigurableFileCollection.java:415)
	at org.gradle.api.internal.file.collections.UnpackingVisitor.add(UnpackingVisitor.java:67)
	at org.gradle.api.internal.file.collections.DefaultConfigurableFileCollection$UnresolvedItemsCollector.visitContents(DefaultConfigurableFileCollection.java:593)
	at org.gradle.api.internal.file.collections.DefaultConfigurableFileCollection.calculateFinalizedValue(DefaultConfigurableFileCollection.java:415)
	at org.gradle.api.internal.file.collections.DefaultConfigurableFileCollection.finalizeNow(DefaultConfigurableFileCollection.java:120)
	at org.gradle.api.internal.file.collections.DefaultConfigurableFileCollection.lambda$visitChildren$1(DefaultConfigurableFileCollection.java:439)
	at org.gradle.api.internal.provider.ValueState.finalizeOnReadIfNeeded(ValueState.java:123)
	at org.gradle.api.internal.file.collections.DefaultConfigurableFileCollection.visitChildren(DefaultConfigurableFileCollection.java:439)
	at org.gradle.api.internal.file.CompositeFileCollection.visitContents(CompositeFileCollection.java:113)
	at org.gradle.api.internal.file.AbstractFileCollection.visitStructure(AbstractFileCollection.java:361)
	at org.gradle.api.internal.file.CompositeFileCollection.lambda$visitContents$0(CompositeFileCollection.java:113)
	at org.gradle.api.internal.file.collections.UnpackingVisitor.add(UnpackingVisitor.java:67)
	at org.gradle.api.internal.file.collections.UnpackingVisitor.add(UnpackingVisitor.java:92)
	at org.gradle.api.internal.file.DefaultFileCollectionFactory$ResolvingFileCollection.visitChildren(DefaultFileCollectionFactory.java:285)
	at org.gradle.api.internal.file.CompositeFileCollection.visitContents(CompositeFileCollection.java:113)
	at org.gradle.api.internal.file.AbstractFileCollection.visitStructure(AbstractFileCollection.java:361)
	at org.gradle.api.internal.file.CompositeFileCollection.lambda$visitContents$0(CompositeFileCollection.java:113)
	at org.gradle.api.internal.tasks.PropertyFileCollection.visitChildren(PropertyFileCollection.java:48)
	at org.gradle.api.internal.file.CompositeFileCollection.visitContents(CompositeFileCollection.java:113)
	at org.gradle.api.internal.file.AbstractFileCollection.visitStructure(AbstractFileCollection.java:361)
	at org.gradle.internal.fingerprint.impl.DefaultFileCollectionSnapshotter.snapshot(DefaultFileCollectionSnapshotter.java:47)
	at org.gradle.internal.execution.impl.DefaultInputFingerprinter$InputCollectingVisitor.visitInputFileProperty(DefaultInputFingerprinter.java:133)
	at org.gradle.api.internal.tasks.execution.TaskExecution.visitRegularInputs(TaskExecution.java:324)
	at org.gradle.internal.execution.impl.DefaultInputFingerprinter.fingerprintInputProperties(DefaultInputFingerprinter.java:63)
	at org.gradle.internal.execution.steps.AbstractCaptureStateBeforeExecutionStep.captureExecutionStateWithOutputs(AbstractCaptureStateBeforeExecutionStep.java:109)
	at org.gradle.internal.execution.steps.AbstractCaptureStateBeforeExecutionStep.lambda$captureExecutionState$0(AbstractCaptureStateBeforeExecutionStep.java:74)
	at org.gradle.internal.execution.steps.BuildOperationStep$1.call(BuildOperationStep.java:37)
	at org.gradle.internal.operations.DefaultBuildOperationRunner$CallableBuildOperationWorker.execute(DefaultBuildOperationRunner.java:200)
	at org.gradle.internal.operations.DefaultBuildOperationRunner$CallableBuildOperationWorker.execute(DefaultBuildOperationRunner.java:195)
	at org.gradle.internal.operations.DefaultBuildOperationRunner$2.execute(DefaultBuildOperationRunner.java:66)
	at org.gradle.internal.operations.DefaultBuildOperationRunner$2.execute(DefaultBuildOperationRunner.java:59)
	at org.gradle.internal.operations.DefaultBuildOperationRunner.execute(DefaultBuildOperationRunner.java:157)
	at org.gradle.internal.operations.DefaultBuildOperationRunner.execute(DefaultBuildOperationRunner.java:59)
	at org.gradle.internal.operations.DefaultBuildOperationRunner.call(DefaultBuildOperationRunner.java:53)
	at org.gradle.internal.operations.DefaultBuildOperationExecutor.call(DefaultBuildOperationExecutor.java:73)
	at org.gradle.internal.execution.steps.BuildOperationStep.operation(BuildOperationStep.java:34)
	at org.gradle.internal.execution.steps.AbstractCaptureStateBeforeExecutionStep.captureExecutionState(AbstractCaptureStateBeforeExecutionStep.java:69)
	at org.gradle.internal.execution.steps.AbstractCaptureStateBeforeExecutionStep.execute(AbstractCaptureStateBeforeExecutionStep.java:62)
	at org.gradle.internal.execution.steps.AbstractCaptureStateBeforeExecutionStep.execute(AbstractCaptureStateBeforeExecutionStep.java:43)
	at org.gradle.internal.execution.steps.AbstractSkipEmptyWorkStep.executeWithNonEmptySources(AbstractSkipEmptyWorkStep.java:125)
	at org.gradle.internal.execution.steps.AbstractSkipEmptyWorkStep.execute(AbstractSkipEmptyWorkStep.java:56)
	at org.gradle.internal.execution.steps.AbstractSkipEmptyWorkStep.execute(AbstractSkipEmptyWorkStep.java:36)
	at org.gradle.internal.execution.steps.legacy.MarkSnapshottingInputsStartedStep.execute(MarkSnapshottingInputsStartedStep.java:38)
	at org.gradle.internal.execution.steps.LoadPreviousExecutionStateStep.execute(LoadPreviousExecutionStateStep.java:36)
	at org.gradle.internal.execution.steps.LoadPreviousExecutionStateStep.execute(LoadPreviousExecutionStateStep.java:23)
	at org.gradle.internal.execution.steps.HandleStaleOutputsStep.execute(HandleStaleOutputsStep.java:75)
	at org.gradle.internal.execution.steps.HandleStaleOutputsStep.execute(HandleStaleOutputsStep.java:41)
	at org.gradle.internal.execution.steps.AssignMutableWorkspaceStep.lambda$execute$0(AssignMutableWorkspaceStep.java:35)
	at org.gradle.api.internal.tasks.execution.TaskExecution$4.withWorkspace(TaskExecution.java:289)
	at org.gradle.internal.execution.steps.AssignMutableWorkspaceStep.execute(AssignMutableWorkspaceStep.java:31)
	at org.gradle.internal.execution.steps.AssignMutableWorkspaceStep.execute(AssignMutableWorkspaceStep.java:22)
	at org.gradle.internal.execution.steps.ChoosePipelineStep.execute(ChoosePipelineStep.java:40)
	at org.gradle.internal.execution.steps.ChoosePipelineStep.execute(ChoosePipelineStep.java:23)
	at org.gradle.internal.execution.steps.ExecuteWorkBuildOperationFiringStep.lambda$execute$2(ExecuteWorkBuildOperationFiringStep.java:67)
	at java.base/java.util.Optional.orElseGet(Optional.java:364)
	at org.gradle.internal.execution.steps.ExecuteWorkBuildOperationFiringStep.execute(ExecuteWorkBuildOperationFiringStep.java:67)
	at org.gradle.internal.execution.steps.ExecuteWorkBuildOperationFiringStep.execute(ExecuteWorkBuildOperationFiringStep.java:39)
	at org.gradle.internal.execution.steps.IdentityCacheStep.execute(IdentityCacheStep.java:46)
	at org.gradle.internal.execution.steps.IdentityCacheStep.execute(IdentityCacheStep.java:34)
	at org.gradle.internal.execution.steps.IdentifyStep.execute(IdentifyStep.java:48)
	at org.gradle.internal.execution.steps.IdentifyStep.execute(IdentifyStep.java:35)
	at org.gradle.internal.execution.impl.DefaultExecutionEngine$1.execute(DefaultExecutionEngine.java:61)
	at org.gradle.api.internal.tasks.execution.ExecuteActionsTaskExecuter.executeIfValid(ExecuteActionsTaskExecuter.java:127)
	at org.gradle.api.internal.tasks.execution.ExecuteActionsTaskExecuter.execute(ExecuteActionsTaskExecuter.java:116)
	at org.gradle.api.internal.tasks.execution.FinalizePropertiesTaskExecuter.execute(FinalizePropertiesTaskExecuter.java:46)
	at org.gradle.api.internal.tasks.execution.ResolveTaskExecutionModeExecuter.execute(ResolveTaskExecutionModeExecuter.java:51)
	at org.gradle.api.internal.tasks.execution.SkipTaskWithNoActionsExecuter.execute(SkipTaskWithNoActionsExecuter.java:57)
	at org.gradle.api.internal.tasks.execution.SkipOnlyIfTaskExecuter.execute(SkipOnlyIfTaskExecuter.java:74)
	at org.gradle.api.internal.tasks.execution.CatchExceptionTaskExecuter.execute(CatchExceptionTaskExecuter.java:36)
	at org.gradle.api.internal.tasks.execution.EventFiringTaskExecuter$1.executeTask(EventFiringTaskExecuter.java:77)
	at org.gradle.api.internal.tasks.execution.EventFiringTaskExecuter$1.call(EventFiringTaskExecuter.java:55)
	at org.gradle.api.internal.tasks.execution.EventFiringTaskExecuter$1.call(EventFiringTaskExecuter.java:52)
	at org.gradle.internal.operations.DefaultBuildOperationRunner$CallableBuildOperationWorker.execute(DefaultBuildOperationRunner.java:200)
	at org.gradle.internal.operations.DefaultBuildOperationRunner$CallableBuildOperationWorker.execute(DefaultBuildOperationRunner.java:195)
	at org.gradle.internal.operations.DefaultBuildOperationRunner$2.execute(DefaultBuildOperationRunner.java:66)
	at org.gradle.internal.operations.DefaultBuildOperationRunner$2.execute(DefaultBuildOperationRunner.java:59)
	at org.gradle.internal.operations.DefaultBuildOperationRunner.execute(DefaultBuildOperationRunner.java:157)
	at org.gradle.internal.operations.DefaultBuildOperationRunner.execute(DefaultBuildOperationRunner.java:59)
	at org.gradle.internal.operations.DefaultBuildOperationRunner.call(DefaultBuildOperationRunner.java:53)
	at org.gradle.internal.operations.DefaultBuildOperationExecutor.call(DefaultBuildOperationExecutor.java:73)
	at org.gradle.api.internal.tasks.execution.EventFiringTaskExecuter.execute(EventFiringTaskExecuter.java:52)
	at org.gradle.execution.plan.LocalTaskNodeExecutor.execute(LocalTaskNodeExecutor.java:42)
	at org.gradle.execution.taskgraph.DefaultTaskExecutionGraph$InvokeNodeExecutorsAction.execute(DefaultTaskExecutionGraph.java:331)
	at org.gradle.execution.taskgraph.DefaultTaskExecutionGraph$InvokeNodeExecutorsAction.execute(DefaultTaskExecutionGraph.java:318)
	at org.gradle.execution.taskgraph.DefaultTaskExecutionGraph$BuildOperationAwareExecutionAction.lambda$execute$0(DefaultTaskExecutionGraph.java:314)
	at org.gradle.internal.operations.CurrentBuildOperationRef.with(CurrentBuildOperationRef.java:80)
	at org.gradle.execution.taskgraph.DefaultTaskExecutionGraph$BuildOperationAwareExecutionAction.execute(DefaultTaskExecutionGraph.java:314)
	at org.gradle.execution.taskgraph.DefaultTaskExecutionGraph$BuildOperationAwareExecutionAction.execute(DefaultTaskExecutionGraph.java:303)
	at org.gradle.execution.plan.DefaultPlanExecutor$ExecutorWorker.execute(DefaultPlanExecutor.java:463)
	at org.gradle.execution.plan.DefaultPlanExecutor$ExecutorWorker.run(DefaultPlanExecutor.java:380)
	at org.gradle.execution.plan.DefaultPlanExecutor.process(DefaultPlanExecutor.java:116)
	at org.gradle.execution.taskgraph.DefaultTaskExecutionGraph.executeWithServices(DefaultTaskExecutionGraph.java:138)
	at org.gradle.execution.taskgraph.DefaultTaskExecutionGraph.execute(DefaultTaskExecutionGraph.java:123)
	at org.gradle.execution.SelectedTaskExecutionAction.execute(SelectedTaskExecutionAction.java:35)
	at org.gradle.execution.DryRunBuildExecutionAction.execute(DryRunBuildExecutionAction.java:51)
	at org.gradle.execution.BuildOperationFiringBuildWorkerExecutor$ExecuteTasks.call(BuildOperationFiringBuildWorkerExecutor.java:54)
	at org.gradle.execution.BuildOperationFiringBuildWorkerExecutor$ExecuteTasks.call(BuildOperationFiringBuildWorkerExecutor.java:43)
	at org.gradle.internal.operations.DefaultBuildOperationRunner$CallableBuildOperationWorker.execute(DefaultBuildOperationRunner.java:200)
	at org.gradle.internal.operations.DefaultBuildOperationRunner$CallableBuildOperationWorker.execute(DefaultBuildOperationRunner.java:195)
	at org.gradle.internal.operations.DefaultBuildOperationRunner$2.execute(DefaultBuildOperationRunner.java:66)
	at org.gradle.internal.operations.DefaultBuildOperationRunner$2.execute(DefaultBuildOperationRunner.java:59)
	at org.gradle.internal.operations.DefaultBuildOperationRunner.execute(DefaultBuildOperationRunner.java:157)
	at org.gradle.internal.operations.DefaultBuildOperationRunner.execute(DefaultBuildOperationRunner.java:59)
	at org.gradle.internal.operations.DefaultBuildOperationRunner.call(DefaultBuildOperationRunner.java:53)
	at org.gradle.internal.operations.DefaultBuildOperationExecutor.call(DefaultBuildOperationExecutor.java:73)
	at org.gradle.execution.BuildOperationFiringBuildWorkerExecutor.execute(BuildOperationFiringBuildWorkerExecutor.java:40)
	at org.gradle.internal.build.DefaultBuildLifecycleController.lambda$executeTasks$10(DefaultBuildLifecycleController.java:313)
	at org.gradle.internal.model.StateTransitionController.doTransition(StateTransitionController.java:266)
	at org.gradle.internal.model.StateTransitionController.lambda$tryTransition$8(StateTransitionController.java:177)
	at org.gradle.internal.work.DefaultSynchronizer.withLock(DefaultSynchronizer.java:44)
	at org.gradle.internal.model.StateTransitionController.tryTransition(StateTransitionController.java:177)
	at org.gradle.internal.build.DefaultBuildLifecycleController.executeTasks(DefaultBuildLifecycleController.java:304)
	at org.gradle.internal.build.DefaultBuildWorkGraphController$DefaultBuildWorkGraph.runWork(DefaultBuildWorkGraphController.java:220)
	at org.gradle.internal.work.DefaultWorkerLeaseService.withLocks(DefaultWorkerLeaseService.java:264)
	at org.gradle.internal.work.DefaultWorkerLeaseService.runAsWorkerThread(DefaultWorkerLeaseService.java:128)
	at org.gradle.composite.internal.DefaultBuildController.doRun(DefaultBuildController.java:181)
	at org.gradle.composite.internal.DefaultBuildController.access$000(DefaultBuildController.java:50)
	at org.gradle.composite.internal.DefaultBuildController$BuildOpRunnable.lambda$run$0(DefaultBuildController.java:198)
	at org.gradle.internal.operations.CurrentBuildOperationRef.with(CurrentBuildOperationRef.java:80)
	at org.gradle.composite.internal.DefaultBuildController$BuildOpRunnable.run(DefaultBuildController.java:198)
	at java.base/java.util.concurrent.Executors$RunnableAdapter.call(Executors.java:539)
	at java.base/java.util.concurrent.FutureTask.run(FutureTask.java:264)
	at org.gradle.internal.concurrent.ExecutorPolicy$CatchAndRecordFailures.onExecute(ExecutorPolicy.java:64)
	at org.gradle.internal.concurrent.AbstractManagedExecutor$1.run(AbstractManagedExecutor.java:47)
	at java.base/java.util.concurrent.ThreadPoolExecutor.runWorker(ThreadPoolExecutor.java:1136)
	at java.base/java.util.concurrent.ThreadPoolExecutor$Worker.run(ThreadPoolExecutor.java:635)
	at java.base/java.lang.Thread.run(Thread.java:840)
Caused by: org.gradle.api.internal.artifacts.transform.TransformException: Execution failed for AarResourcesCompilerTransform: /root/.gradle/caches/transforms-4/8e0a0bff2d388b6446750efdf4a5758f/transformed/core-1.13.1.
	at org.gradle.api.internal.artifacts.transform.DefaultTransformInvocationFactory.lambda$createInvocation$1(DefaultTransformInvocationFactory.java:151)
	at org.gradle.internal.Try$Failure.mapFailure(Try.java:273)
	at org.gradle.api.internal.artifacts.transform.DefaultTransformInvocationFactory.lambda$createInvocation$2(DefaultTransformInvocationFactory.java:151)
	at org.gradle.internal.Deferrable$1.applyAndRequireNonNull(Deferrable.java:63)
	at org.gradle.internal.Deferrable$1.completeAndGet(Deferrable.java:59)
	at org.gradle.internal.Deferrable$1.completeAndGet(Deferrable.java:59)
	at org.gradle.api.internal.artifacts.transform.TransformingAsyncArtifactListener$TransformedArtifact.finalizeValue(TransformingAsyncArtifactListener.java:209)
	at org.gradle.api.internal.artifacts.transform.TransformingAsyncArtifactListener$TransformedArtifact.run(TransformingAsyncArtifactListener.java:147)
	at org.gradle.internal.operations.DefaultBuildOperationRunner$2.execute(DefaultBuildOperationRunner.java:66)
	at org.gradle.internal.operations.DefaultBuildOperationRunner$2.execute(DefaultBuildOperationRunner.java:59)
	at org.gradle.internal.operations.DefaultBuildOperationRunner.execute(DefaultBuildOperationRunner.java:157)
	at org.gradle.internal.operations.DefaultBuildOperationRunner.execute(DefaultBuildOperationRunner.java:59)
	at org.gradle.internal.operations.DefaultBuildOperationExecutor$QueueWorker.execute(DefaultBuildOperationExecutor.java:238)
	at org.gradle.internal.operations.DefaultBuildOperationQueue$WorkerRunnable.runOperation(DefaultBuildOperationQueue.java:272)
	at org.gradle.internal.operations.DefaultBuildOperationQueue$WorkerRunnable.doRunBatch(DefaultBuildOperationQueue.java:253)
	at org.gradle.internal.operations.DefaultBuildOperationQueue$WorkerRunnable.lambda$runBatch$0(DefaultBuildOperationQueue.java:238)
	at org.gradle.internal.resources.AbstractResourceLockRegistry.whileDisallowingLockChanges(AbstractResourceLockRegistry.java:50)
	at org.gradle.internal.work.DefaultWorkerLeaseService.whileDisallowingProjectLockChanges(DefaultWorkerLeaseService.java:236)
	at org.gradle.internal.operations.DefaultBuildOperationQueue$WorkerRunnable.lambda$runBatch$1(DefaultBuildOperationQueue.java:238)
	at org.gradle.internal.work.DefaultWorkerLeaseService.withLocks(DefaultWorkerLeaseService.java:264)
	at org.gradle.internal.work.DefaultWorkerLeaseService.runAsWorkerThread(DefaultWorkerLeaseService.java:128)
	at org.gradle.internal.operations.DefaultBuildOperationQueue$WorkerRunnable.runBatch(DefaultBuildOperationQueue.java:224)
	at org.gradle.internal.operations.DefaultBuildOperationQueue$WorkerRunnable.run(DefaultBuildOperationQueue.java:192)
	... 5 more
Caused by: com.android.builder.internal.aapt.v2.Aapt2InternalException: AAPT2 aapt2-8.5.2-11315950-linux Daemon #0: Daemon startup failed
This should not happen under normal circumstances, please file an issue if it does.
	at com.android.builder.internal.aapt.v2.Aapt2Daemon.handleError(Aapt2Daemon.kt:193)
	at com.android.builder.internal.aapt.v2.Aapt2Daemon.handleError$default(Aapt2Daemon.kt:190)
	at com.android.builder.internal.aapt.v2.Aapt2Daemon.checkStarted(Aapt2Daemon.kt:77)
	at com.android.builder.internal.aapt.v2.Aapt2Daemon.compile(Aapt2Daemon.kt:100)
	at com.android.builder.internal.aapt.v2.Aapt2DaemonManager$LeasedAaptDaemon.compile(Aapt2DaemonManager.kt:170)
	at com.android.builder.internal.aapt.v2.Aapt2DaemonManager$leasingAapt2Daemon$1.compile(Aapt2DaemonManager.kt:195)
	at com.android.build.gradle.internal.services.PartialInProcessResourceProcessor.compile(PartialInProcessResourceProcessor.kt:47)
	at com.android.build.gradle.internal.res.Aapt2CompileRunnableKt.runAapt2Compile(Aapt2CompileRunnable.kt:57)
	at com.android.build.gradle.internal.dependency.AarResourcesCompilerTransform.transform(AarResourcesCompilerTransform.kt:75)
	at org.gradle.api.internal.artifacts.transform.DefaultTransform.transform(DefaultTransform.java:276)
	at org.gradle.api.internal.artifacts.transform.AbstractTransformExecution$2.call(AbstractTransformExecution.java:143)
	at org.gradle.api.internal.artifacts.transform.AbstractTransformExecution$2.call(AbstractTransformExecution.java:137)
	at org.gradle.internal.operations.DefaultBuildOperationRunner$CallableBuildOperationWorker.execute(DefaultBuildOperationRunner.java:200)
	at org.gradle.internal.operations.DefaultBuildOperationRunner$CallableBuildOperationWorker.execute(DefaultBuildOperationRunner.java:195)
	at org.gradle.internal.operations.DefaultBuildOperationRunner$2.execute(DefaultBuildOperationRunner.java:66)
	at org.gradle.internal.operations.DefaultBuildOperationRunner$2.execute(DefaultBuildOperationRunner.java:59)
	at org.gradle.internal.operations.DefaultBuildOperationRunner.execute(DefaultBuildOperationRunner.java:157)
	at org.gradle.internal.operations.DefaultBuildOperationRunner.execute(DefaultBuildOperationRunner.java:59)
	at org.gradle.internal.operations.DefaultBuildOperationRunner.call(DefaultBuildOperationRunner.java:53)
	at org.gradle.internal.operations.DefaultBuildOperationExecutor.call(DefaultBuildOperationExecutor.java:73)
	at org.gradle.api.internal.artifacts.transform.AbstractTransformExecution.executeWithinTransformerListener(AbstractTransformExecution.java:137)
	at org.gradle.api.internal.artifacts.transform.AbstractTransformExecution.execute(AbstractTransformExecution.java:130)
	at org.gradle.internal.execution.steps.ExecuteStep.executeInternal(ExecuteStep.java:105)
	at org.gradle.internal.execution.steps.ExecuteStep.access$000(ExecuteStep.java:44)
	at org.gradle.internal.execution.steps.ExecuteStep$1.call(ExecuteStep.java:59)
	at org.gradle.internal.execution.steps.ExecuteStep$1.call(ExecuteStep.java:56)
	at org.gradle.internal.operations.DefaultBuildOperationRunner$CallableBuildOperationWorker.execute(DefaultBuildOperationRunner.java:200)
	at org.gradle.internal.operations.DefaultBuildOperationRunner$CallableBuildOperationWorker.execute(DefaultBuildOperationRunner.java:195)
	at org.gradle.internal.operations.DefaultBuildOperationRunner$2.execute(DefaultBuildOperationRunner.java:66)
	at org.gradle.internal.operations.DefaultBuildOperationRunner$2.execute(DefaultBuildOperationRunner.java:59)
	at org.gradle.internal.operations.DefaultBuildOperationRunner.execute(DefaultBuildOperationRunner.java:157)
	at org.gradle.internal.operations.DefaultBuildOperationRunner.execute(DefaultBuildOperationRunner.java:59)
	at org.gradle.internal.operations.DefaultBuildOperationRunner.call(DefaultBuildOperationRunner.java:53)
	at org.gradle.internal.operations.DefaultBuildOperationExecutor.call(DefaultBuildOperationExecutor.java:73)
	at org.gradle.internal.execution.steps.ExecuteStep.execute(ExecuteStep.java:56)
	at org.gradle.internal.execution.steps.ExecuteStep.execute(ExecuteStep.java:44)
	at org.gradle.internal.execution.steps.CancelExecutionStep.execute(CancelExecutionStep.java:41)
	at org.gradle.internal.execution.steps.TimeoutStep.executeWithoutTimeout(TimeoutStep.java:74)
	at org.gradle.internal.execution.steps.TimeoutStep.execute(TimeoutStep.java:55)
	at org.gradle.internal.execution.steps.PreCreateOutputParentsStep.execute(PreCreateOutputParentsStep.java:50)
	at org.gradle.internal.execution.steps.PreCreateOutputParentsStep.execute(PreCreateOutputParentsStep.java:28)
	at org.gradle.internal.execution.steps.BroadcastChangingOutputsStep.execute(BroadcastChangingOutputsStep.java:61)
	at org.gradle.internal.execution.steps.BroadcastChangingOutputsStep.execute(BroadcastChangingOutputsStep.java:26)
	at org.gradle.internal.execution.steps.NoInputChangesStep.execute(NoInputChangesStep.java:30)
	at org.gradle.internal.execution.steps.NoInputChangesStep.execute(NoInputChangesStep.java:21)
	at org.gradle.internal.execution.steps.CaptureOutputsAfterExecutionStep.execute(CaptureOutputsAfterExecutionStep.java:67)
	at org.gradle.internal.execution.steps.CaptureOutputsAfterExecutionStep.execute(CaptureOutputsAfterExecutionStep.java:45)
	at org.gradle.internal.execution.steps.BuildCacheStep.executeWithoutCache(BuildCacheStep.java:189)
	at org.gradle.internal.execution.steps.BuildCacheStep.lambda$execute$1(BuildCacheStep.java:75)
	at org.gradle.internal.Either$Right.fold(Either.java:175)
	at org.gradle.internal.execution.caching.CachingState.fold(CachingState.java:62)
	at org.gradle.internal.execution.steps.BuildCacheStep.execute(BuildCacheStep.java:73)
	at org.gradle.internal.execution.steps.BuildCacheStep.execute(BuildCacheStep.java:48)
	at org.gradle.internal.execution.steps.NeverUpToDateStep.execute(NeverUpToDateStep.java:34)
	at org.gradle.internal.execution.steps.NeverUpToDateStep.execute(NeverUpToDateStep.java:22)
	at org.gradle.internal.execution.steps.legacy.MarkSnapshottingInputsFinishedStep.execute(MarkSnapshottingInputsFinishedStep.java:37)
	at org.gradle.internal.execution.steps.legacy.MarkSnapshottingInputsFinishedStep.execute(MarkSnapshottingInputsFinishedStep.java:27)
	at org.gradle.internal.execution.steps.ResolveNonIncrementalCachingStateStep.executeDelegate(ResolveNonIncrementalCachingStateStep.java:50)
	at org.gradle.internal.execution.steps.AbstractResolveCachingStateStep.execute(AbstractResolveCachingStateStep.java:71)
	at org.gradle.internal.execution.steps.AbstractResolveCachingStateStep.execute(AbstractResolveCachingStateStep.java:39)
	at org.gradle.internal.execution.steps.ValidateStep.execute(ValidateStep.java:106)
	at org.gradle.internal.execution.steps.ValidateStep.execute(ValidateStep.java:55)
	at org.gradle.internal.execution.steps.AbstractCaptureStateBeforeExecutionStep.execute(AbstractCaptureStateBeforeExecutionStep.java:64)
	at org.gradle.internal.execution.steps.AbstractCaptureStateBeforeExecutionStep.execute(AbstractCaptureStateBeforeExecutionStep.java:43)
	at org.gradle.internal.execution.steps.legacy.MarkSnapshottingInputsStartedStep.execute(MarkSnapshottingInputsStartedStep.java:38)
	at org.gradle.internal.execution.steps.AssignImmutableWorkspaceStep.lambda$executeInTemporaryWorkspace$3(AssignImmutableWorkspaceStep.java:209)
	at org.gradle.internal.execution.workspace.impl.CacheBasedImmutableWorkspaceProvider$1.withTemporaryWorkspace(CacheBasedImmutableWorkspaceProvider.java:119)
	at org.gradle.internal.execution.steps.AssignImmutableWorkspaceStep.executeInTemporaryWorkspace(AssignImmutableWorkspaceStep.java:199)
	at org.gradle.internal.execution.steps.AssignImmutableWorkspaceStep.lambda$execute$0(AssignImmutableWorkspaceStep.java:121)
	at java.base/java.util.Optional.orElseGet(Optional.java:364)
	at org.gradle.internal.execution.steps.AssignImmutableWorkspaceStep.execute(AssignImmutableWorkspaceStep.java:121)
	at org.gradle.internal.execution.steps.AssignImmutableWorkspaceStep.execute(AssignImmutableWorkspaceStep.java:90)
	at org.gradle.internal.execution.steps.ChoosePipelineStep.execute(ChoosePipelineStep.java:38)
	at org.gradle.internal.execution.steps.ChoosePipelineStep.execute(ChoosePipelineStep.java:23)
	at org.gradle.internal.execution.steps.ExecuteWorkBuildOperationFiringStep.lambda$execute$0(ExecuteWorkBuildOperationFiringStep.java:53)
	at org.gradle.internal.execution.steps.BuildOperationStep$1.call(BuildOperationStep.java:37)
	at org.gradle.internal.operations.DefaultBuildOperationRunner$CallableBuildOperationWorker.execute(DefaultBuildOperationRunner.java:200)
	at org.gradle.internal.operations.DefaultBuildOperationRunner$CallableBuildOperationWorker.execute(DefaultBuildOperationRunner.java:195)
	at org.gradle.internal.operations.DefaultBuildOperationRunner$2.execute(DefaultBuildOperationRunner.java:66)
	at org.gradle.internal.operations.DefaultBuildOperationRunner$2.execute(DefaultBuildOperationRunner.java:59)
	at org.gradle.internal.operations.DefaultBuildOperationRunner.execute(DefaultBuildOperationRunner.java:157)
	at org.gradle.internal.operations.DefaultBuildOperationRunner.execute(DefaultBuildOperationRunner.java:59)
	at org.gradle.internal.operations.DefaultBuildOperationRunner.call(DefaultBuildOperationRunner.java:53)
	at org.gradle.internal.operations.DefaultBuildOperationExecutor.call(DefaultBuildOperationExecutor.java:73)
	at org.gradle.internal.execution.steps.BuildOperationStep.operation(BuildOperationStep.java:34)
	at org.gradle.internal.execution.steps.ExecuteWorkBuildOperationFiringStep.lambda$execute$1(ExecuteWorkBuildOperationFiringStep.java:51)
	at java.base/java.util.Optional.map(Optional.java:260)
	at org.gradle.internal.execution.steps.ExecuteWorkBuildOperationFiringStep.execute(ExecuteWorkBuildOperationFiringStep.java:51)
	at org.gradle.internal.execution.steps.ExecuteWorkBuildOperationFiringStep.execute(ExecuteWorkBuildOperationFiringStep.java:39)
	at org.gradle.internal.execution.steps.IdentityCacheStep.execute(IdentityCacheStep.java:46)
	at org.gradle.internal.execution.steps.IdentityCacheStep.executeInCache(IdentityCacheStep.java:80)
	at org.gradle.internal.execution.steps.IdentityCacheStep.lambda$executeDeferred$0(IdentityCacheStep.java:60)
	at org.gradle.cache.Cache.lambda$get$0(Cache.java:31)
	at java.base/java.util.concurrent.ConcurrentHashMap.computeIfAbsent(ConcurrentHashMap.java:1708)
	at org.gradle.cache.ManualEvictionInMemoryCache.get(ManualEvictionInMemoryCache.java:30)
	at org.gradle.cache.internal.DefaultCrossBuildInMemoryCacheFactory$CrossBuildCacheRetainingDataFromPreviousBuild.get(DefaultCrossBuildInMemoryCacheFactory.java:255)
	at org.gradle.cache.Cache.get(Cache.java:31)
	at org.gradle.internal.execution.steps.IdentityCacheStep.lambda$executeDeferred$1(IdentityCacheStep.java:58)
	at org.gradle.internal.Deferrable$3.completeAndGet(Deferrable.java:117)
	... 24 more
Caused by: java.io.IOException: Cannot run program "/root/.gradle/caches/transforms-4/2bba49eee1d64d073cb89b5f3891cf2c/transformed/aapt2-8.5.2-11315950-linux/aapt2": error=2, No such file or directory
	at java.base/java.lang.ProcessBuilder.start(ProcessBuilder.java:1143)
	at java.base/java.lang.ProcessBuilder.start(ProcessBuilder.java:1073)
	at org.gradle.internal.classpath.Instrumented.start(Instrumented.java:320)
	at com.android.builder.internal.aapt.v2.Aapt2DaemonImpl.startProcess(Aapt2DaemonImpl.kt:84)
	at com.android.builder.internal.aapt.v2.Aapt2Daemon.checkStarted(Aapt2Daemon.kt:56)
	... 120 more
Caused by: java.io.IOException: error=2, No such file or directory
	at java.base/java.lang.ProcessImpl.forkAndExec(Native Method)
	at java.base/java.lang.ProcessImpl.<init>(ProcessImpl.java:314)
	at java.base/java.lang.ProcessImpl.start(ProcessImpl.java:244)
	at java.base/java.lang.ProcessBuilder.start(ProcessBuilder.java:1110)
	... 124 more
Cause 10: org.gradle.api.internal.artifacts.transform.TransformException: Failed to transform core-1.13.1.aar (androidx.core:core:1.13.1) to match attributes {artifactType=android-compiled-dependencies-resources, org.gradle.status=release}.
	at org.gradle.api.internal.artifacts.transform.TransformingAsyncArtifactListener$TransformedArtifact.lambda$visit$4(TransformingAsyncArtifactListener.java:243)
	at org.gradle.internal.Try$Failure.ifSuccessfulOrElse(Try.java:282)
	at org.gradle.api.internal.artifacts.transform.TransformingAsyncArtifactListener$TransformedArtifact.visit(TransformingAsyncArtifactListener.java:235)
	at org.gradle.api.internal.artifacts.ivyservice.resolveengine.artifact.ParallelResolveArtifactSet$VisitingSet$StartVisitAction.visitResults(ParallelResolveArtifactSet.java:100)
	at org.gradle.api.internal.artifacts.ivyservice.resolveengine.artifact.ParallelResolveArtifactSet$VisitingSet.visit(ParallelResolveArtifactSet.java:69)
	at org.gradle.api.internal.artifacts.ivyservice.resolveengine.artifact.ResolvedArtifactSetResolver$1.run(ResolvedArtifactSetResolver.java:61)
	at org.gradle.internal.operations.DefaultBuildOperationRunner$1.execute(DefaultBuildOperationRunner.java:29)
	at org.gradle.internal.operations.DefaultBuildOperationRunner$1.execute(DefaultBuildOperationRunner.java:26)
	at org.gradle.internal.operations.DefaultBuildOperationRunner$2.execute(DefaultBuildOperationRunner.java:66)
	at org.gradle.internal.operations.DefaultBuildOperationRunner$2.execute(DefaultBuildOperationRunner.java:59)
	at org.gradle.internal.operations.DefaultBuildOperationRunner.execute(DefaultBuildOperationRunner.java:157)
	at org.gradle.internal.operations.DefaultBuildOperationRunner.execute(DefaultBuildOperationRunner.java:59)
	at org.gradle.internal.operations.DefaultBuildOperationRunner.run(DefaultBuildOperationRunner.java:47)
	at org.gradle.internal.operations.DefaultBuildOperationExecutor.run(DefaultBuildOperationExecutor.java:68)
	at org.gradle.api.internal.artifacts.ivyservice.resolveengine.artifact.ResolvedArtifactSetResolver.visitArtifacts(ResolvedArtifactSetResolver.java:58)
	at org.gradle.api.internal.artifacts.ivyservice.resolveengine.artifact.ResolvedArtifactSetResolver.lambda$visitInUnmanagedWorkerThread$0(ResolvedArtifactSetResolver.java:54)
	at org.gradle.internal.work.DefaultWorkerLeaseService.runAsUnmanagedWorkerThread(DefaultWorkerLeaseService.java:140)
	at org.gradle.api.internal.artifacts.ivyservice.resolveengine.artifact.ResolvedArtifactSetResolver.visitInUnmanagedWorkerThread(ResolvedArtifactSetResolver.java:54)
	at org.gradle.api.internal.artifacts.ivyservice.resolveengine.artifact.DefaultSelectedArtifactSet.visitArtifacts(DefaultSelectedArtifactSet.java:59)
	at org.gradle.api.internal.artifacts.ivyservice.resolveengine.artifact.SelectedArtifactSet.visitFiles(SelectedArtifactSet.java:34)
	at org.gradle.api.internal.artifacts.configurations.ResolutionBackedFileCollection.visitContents(ResolutionBackedFileCollection.java:73)
	at org.gradle.api.internal.file.AbstractFileCollection.visitStructure(AbstractFileCollection.java:361)
	at org.gradle.api.internal.file.collections.DefaultConfigurableFileCollection.lambda$calculateFinalizedValue$0(DefaultConfigurableFileCollection.java:415)
	at org.gradle.api.internal.file.collections.UnpackingVisitor.add(UnpackingVisitor.java:67)
	at org.gradle.api.internal.file.collections.DefaultConfigurableFileCollection$UnresolvedItemsCollector.visitContents(DefaultConfigurableFileCollection.java:593)
	at org.gradle.api.internal.file.collections.DefaultConfigurableFileCollection.calculateFinalizedValue(DefaultConfigurableFileCollection.java:415)
	at org.gradle.api.internal.file.collections.DefaultConfigurableFileCollection.finalizeNow(DefaultConfigurableFileCollection.java:120)
	at org.gradle.api.internal.file.collections.DefaultConfigurableFileCollection.lambda$visitChildren$1(DefaultConfigurableFileCollection.java:439)
	at org.gradle.api.internal.provider.ValueState.finalizeOnReadIfNeeded(ValueState.java:123)
	at org.gradle.api.internal.file.collections.DefaultConfigurableFileCollection.visitChildren(DefaultConfigurableFileCollection.java:439)
	at org.gradle.api.internal.file.CompositeFileCollection.visitContents(CompositeFileCollection.java:113)
	at org.gradle.api.internal.file.AbstractFileCollection.visitStructure(AbstractFileCollection.java:361)
	at org.gradle.api.internal.file.CompositeFileCollection.lambda$visitContents$0(CompositeFileCollection.java:113)
	at org.gradle.api.internal.file.collections.UnpackingVisitor.add(UnpackingVisitor.java:67)
	at org.gradle.api.internal.file.collections.UnpackingVisitor.add(UnpackingVisitor.java:92)
	at org.gradle.api.internal.file.DefaultFileCollectionFactory$ResolvingFileCollection.visitChildren(DefaultFileCollectionFactory.java:285)
	at org.gradle.api.internal.file.CompositeFileCollection.visitContents(CompositeFileCollection.java:113)
	at org.gradle.api.internal.file.AbstractFileCollection.visitStructure(AbstractFileCollection.java:361)
	at org.gradle.api.internal.file.CompositeFileCollection.lambda$visitContents$0(CompositeFileCollection.java:113)
	at org.gradle.api.internal.tasks.PropertyFileCollection.visitChildren(PropertyFileCollection.java:48)
	at org.gradle.api.internal.file.CompositeFileCollection.visitContents(CompositeFileCollection.java:113)
	at org.gradle.api.internal.file.AbstractFileCollection.visitStructure(AbstractFileCollection.java:361)
	at org.gradle.internal.fingerprint.impl.DefaultFileCollectionSnapshotter.snapshot(DefaultFileCollectionSnapshotter.java:47)
	at org.gradle.internal.execution.impl.DefaultInputFingerprinter$InputCollectingVisitor.visitInputFileProperty(DefaultInputFingerprinter.java:133)
	at org.gradle.api.internal.tasks.execution.TaskExecution.visitRegularInputs(TaskExecution.java:324)
	at org.gradle.internal.execution.impl.DefaultInputFingerprinter.fingerprintInputProperties(DefaultInputFingerprinter.java:63)
	at org.gradle.internal.execution.steps.AbstractCaptureStateBeforeExecutionStep.captureExecutionStateWithOutputs(AbstractCaptureStateBeforeExecutionStep.java:109)
	at org.gradle.internal.execution.steps.AbstractCaptureStateBeforeExecutionStep.lambda$captureExecutionState$0(AbstractCaptureStateBeforeExecutionStep.java:74)
	at org.gradle.internal.execution.steps.BuildOperationStep$1.call(BuildOperationStep.java:37)
	at org.gradle.internal.operations.DefaultBuildOperationRunner$CallableBuildOperationWorker.execute(DefaultBuildOperationRunner.java:200)
	at org.gradle.internal.operations.DefaultBuildOperationRunner$CallableBuildOperationWorker.execute(DefaultBuildOperationRunner.java:195)
	at org.gradle.internal.operations.DefaultBuildOperationRunner$2.execute(DefaultBuildOperationRunner.java:66)
	at org.gradle.internal.operations.DefaultBuildOperationRunner$2.execute(DefaultBuildOperationRunner.java:59)
	at org.gradle.internal.operations.DefaultBuildOperationRunner.execute(DefaultBuildOperationRunner.java:157)
	at org.gradle.internal.operations.DefaultBuildOperationRunner.execute(DefaultBuildOperationRunner.java:59)
	at org.gradle.internal.operations.DefaultBuildOperationRunner.call(DefaultBuildOperationRunner.java:53)
	at org.gradle.internal.operations.DefaultBuildOperationExecutor.call(DefaultBuildOperationExecutor.java:73)
	at org.gradle.internal.execution.steps.BuildOperationStep.operation(BuildOperationStep.java:34)
	at org.gradle.internal.execution.steps.AbstractCaptureStateBeforeExecutionStep.captureExecutionState(AbstractCaptureStateBeforeExecutionStep.java:69)
	at org.gradle.internal.execution.steps.AbstractCaptureStateBeforeExecutionStep.execute(AbstractCaptureStateBeforeExecutionStep.java:62)
	at org.gradle.internal.execution.steps.AbstractCaptureStateBeforeExecutionStep.execute(AbstractCaptureStateBeforeExecutionStep.java:43)
	at org.gradle.internal.execution.steps.AbstractSkipEmptyWorkStep.executeWithNonEmptySources(AbstractSkipEmptyWorkStep.java:125)
	at org.gradle.internal.execution.steps.AbstractSkipEmptyWorkStep.execute(AbstractSkipEmptyWorkStep.java:56)
	at org.gradle.internal.execution.steps.AbstractSkipEmptyWorkStep.execute(AbstractSkipEmptyWorkStep.java:36)
	at org.gradle.internal.execution.steps.legacy.MarkSnapshottingInputsStartedStep.execute(MarkSnapshottingInputsStartedStep.java:38)
	at org.gradle.internal.execution.steps.LoadPreviousExecutionStateStep.execute(LoadPreviousExecutionStateStep.java:36)
	at org.gradle.internal.execution.steps.LoadPreviousExecutionStateStep.execute(LoadPreviousExecutionStateStep.java:23)
	at org.gradle.internal.execution.steps.HandleStaleOutputsStep.execute(HandleStaleOutputsStep.java:75)
	at org.gradle.internal.execution.steps.HandleStaleOutputsStep.execute(HandleStaleOutputsStep.java:41)
	at org.gradle.internal.execution.steps.AssignMutableWorkspaceStep.lambda$execute$0(AssignMutableWorkspaceStep.java:35)
	at org.gradle.api.internal.tasks.execution.TaskExecution$4.withWorkspace(TaskExecution.java:289)
	at org.gradle.internal.execution.steps.AssignMutableWorkspaceStep.execute(AssignMutableWorkspaceStep.java:31)
	at org.gradle.internal.execution.steps.AssignMutableWorkspaceStep.execute(AssignMutableWorkspaceStep.java:22)
	at org.gradle.internal.execution.steps.ChoosePipelineStep.execute(ChoosePipelineStep.java:40)
	at org.gradle.internal.execution.steps.ChoosePipelineStep.execute(ChoosePipelineStep.java:23)
	at org.gradle.internal.execution.steps.ExecuteWorkBuildOperationFiringStep.lambda$execute$2(ExecuteWorkBuildOperationFiringStep.java:67)
	at java.base/java.util.Optional.orElseGet(Optional.java:364)
	at org.gradle.internal.execution.steps.ExecuteWorkBuildOperationFiringStep.execute(ExecuteWorkBuildOperationFiringStep.java:67)
	at org.gradle.internal.execution.steps.ExecuteWorkBuildOperationFiringStep.execute(ExecuteWorkBuildOperationFiringStep.java:39)
	at org.gradle.internal.execution.steps.IdentityCacheStep.execute(IdentityCacheStep.java:46)
	at org.gradle.internal.execution.steps.IdentityCacheStep.execute(IdentityCacheStep.java:34)
	at org.gradle.internal.execution.steps.IdentifyStep.execute(IdentifyStep.java:48)
	at org.gradle.internal.execution.steps.IdentifyStep.execute(IdentifyStep.java:35)
	at org.gradle.internal.execution.impl.DefaultExecutionEngine$1.execute(DefaultExecutionEngine.java:61)
	at org.gradle.api.internal.tasks.execution.ExecuteActionsTaskExecuter.executeIfValid(ExecuteActionsTaskExecuter.java:127)
	at org.gradle.api.internal.tasks.execution.ExecuteActionsTaskExecuter.execute(ExecuteActionsTaskExecuter.java:116)
	at org.gradle.api.internal.tasks.execution.FinalizePropertiesTaskExecuter.execute(FinalizePropertiesTaskExecuter.java:46)
	at org.gradle.api.internal.tasks.execution.ResolveTaskExecutionModeExecuter.execute(ResolveTaskExecutionModeExecuter.java:51)
	at org.gradle.api.internal.tasks.execution.SkipTaskWithNoActionsExecuter.execute(SkipTaskWithNoActionsExecuter.java:57)
	at org.gradle.api.internal.tasks.execution.SkipOnlyIfTaskExecuter.execute(SkipOnlyIfTaskExecuter.java:74)
	at org.gradle.api.internal.tasks.execution.CatchExceptionTaskExecuter.execute(CatchExceptionTaskExecuter.java:36)
	at org.gradle.api.internal.tasks.execution.EventFiringTaskExecuter$1.executeTask(EventFiringTaskExecuter.java:77)
	at org.gradle.api.internal.tasks.execution.EventFiringTaskExecuter$1.call(EventFiringTaskExecuter.java:55)
	at org.gradle.api.internal.tasks.execution.EventFiringTaskExecuter$1.call(EventFiringTaskExecuter.java:52)
	at org.gradle.internal.operations.DefaultBuildOperationRunner$CallableBuildOperationWorker.execute(DefaultBuildOperationRunner.java:200)
	at org.gradle.internal.operations.DefaultBuildOperationRunner$CallableBuildOperationWorker.execute(DefaultBuildOperationRunner.java:195)
	at org.gradle.internal.operations.DefaultBuildOperationRunner$2.execute(DefaultBuildOperationRunner.java:66)
	at org.gradle.internal.operations.DefaultBuildOperationRunner$2.execute(DefaultBuildOperationRunner.java:59)
	at org.gradle.internal.operations.DefaultBuildOperationRunner.execute(DefaultBuildOperationRunner.java:157)
	at org.gradle.internal.operations.DefaultBuildOperationRunner.execute(DefaultBuildOperationRunner.java:59)
	at org.gradle.internal.operations.DefaultBuildOperationRunner.call(DefaultBuildOperationRunner.java:53)
	at org.gradle.internal.operations.DefaultBuildOperationExecutor.call(DefaultBuildOperationExecutor.java:73)
	at org.gradle.api.internal.tasks.execution.EventFiringTaskExecuter.execute(EventFiringTaskExecuter.java:52)
	at org.gradle.execution.plan.LocalTaskNodeExecutor.execute(LocalTaskNodeExecutor.java:42)
	at org.gradle.execution.taskgraph.DefaultTaskExecutionGraph$InvokeNodeExecutorsAction.execute(DefaultTaskExecutionGraph.java:331)
	at org.gradle.execution.taskgraph.DefaultTaskExecutionGraph$InvokeNodeExecutorsAction.execute(DefaultTaskExecutionGraph.java:318)
	at org.gradle.execution.taskgraph.DefaultTaskExecutionGraph$BuildOperationAwareExecutionAction.lambda$execute$0(DefaultTaskExecutionGraph.java:314)
	at org.gradle.internal.operations.CurrentBuildOperationRef.with(CurrentBuildOperationRef.java:80)
	at org.gradle.execution.taskgraph.DefaultTaskExecutionGraph$BuildOperationAwareExecutionAction.execute(DefaultTaskExecutionGraph.java:314)
	at org.gradle.execution.taskgraph.DefaultTaskExecutionGraph$BuildOperationAwareExecutionAction.execute(DefaultTaskExecutionGraph.java:303)
	at org.gradle.execution.plan.DefaultPlanExecutor$ExecutorWorker.execute(DefaultPlanExecutor.java:463)
	at org.gradle.execution.plan.DefaultPlanExecutor$ExecutorWorker.run(DefaultPlanExecutor.java:380)
	at org.gradle.execution.plan.DefaultPlanExecutor.process(DefaultPlanExecutor.java:116)
	at org.gradle.execution.taskgraph.DefaultTaskExecutionGraph.executeWithServices(DefaultTaskExecutionGraph.java:138)
	at org.gradle.execution.taskgraph.DefaultTaskExecutionGraph.execute(DefaultTaskExecutionGraph.java:123)
	at org.gradle.execution.SelectedTaskExecutionAction.execute(SelectedTaskExecutionAction.java:35)
	at org.gradle.execution.DryRunBuildExecutionAction.execute(DryRunBuildExecutionAction.java:51)
	at org.gradle.execution.BuildOperationFiringBuildWorkerExecutor$ExecuteTasks.call(BuildOperationFiringBuildWorkerExecutor.java:54)
	at org.gradle.execution.BuildOperationFiringBuildWorkerExecutor$ExecuteTasks.call(BuildOperationFiringBuildWorkerExecutor.java:43)
	at org.gradle.internal.operations.DefaultBuildOperationRunner$CallableBuildOperationWorker.execute(DefaultBuildOperationRunner.java:200)
	at org.gradle.internal.operations.DefaultBuildOperationRunner$CallableBuildOperationWorker.execute(DefaultBuildOperationRunner.java:195)
	at org.gradle.internal.operations.DefaultBuildOperationRunner$2.execute(DefaultBuildOperationRunner.java:66)
	at org.gradle.internal.operations.DefaultBuildOperationRunner$2.execute(DefaultBuildOperationRunner.java:59)
	at org.gradle.internal.operations.DefaultBuildOperationRunner.execute(DefaultBuildOperationRunner.java:157)
	at org.gradle.internal.operations.DefaultBuildOperationRunner.execute(DefaultBuildOperationRunner.java:59)
	at org.gradle.internal.operations.DefaultBuildOperationRunner.call(DefaultBuildOperationRunner.java:53)
	at org.gradle.internal.operations.DefaultBuildOperationExecutor.call(DefaultBuildOperationExecutor.java:73)
	at org.gradle.execution.BuildOperationFiringBuildWorkerExecutor.execute(BuildOperationFiringBuildWorkerExecutor.java:40)
	at org.gradle.internal.build.DefaultBuildLifecycleController.lambda$executeTasks$10(DefaultBuildLifecycleController.java:313)
	at org.gradle.internal.model.StateTransitionController.doTransition(StateTransitionController.java:266)
	at org.gradle.internal.model.StateTransitionController.lambda$tryTransition$8(StateTransitionController.java:177)
	at org.gradle.internal.work.DefaultSynchronizer.withLock(DefaultSynchronizer.java:44)
	at org.gradle.internal.model.StateTransitionController.tryTransition(StateTransitionController.java:177)
	at org.gradle.internal.build.DefaultBuildLifecycleController.executeTasks(DefaultBuildLifecycleController.java:304)
	at org.gradle.internal.build.DefaultBuildWorkGraphController$DefaultBuildWorkGraph.runWork(DefaultBuildWorkGraphController.java:220)
	at org.gradle.internal.work.DefaultWorkerLeaseService.withLocks(DefaultWorkerLeaseService.java:264)
	at org.gradle.internal.work.DefaultWorkerLeaseService.runAsWorkerThread(DefaultWorkerLeaseService.java:128)
	at org.gradle.composite.internal.DefaultBuildController.doRun(DefaultBuildController.java:181)
	at org.gradle.composite.internal.DefaultBuildController.access$000(DefaultBuildController.java:50)
	at org.gradle.composite.internal.DefaultBuildController$BuildOpRunnable.lambda$run$0(DefaultBuildController.java:198)
	at org.gradle.internal.operations.CurrentBuildOperationRef.with(CurrentBuildOperationRef.java:80)
	at org.gradle.composite.internal.DefaultBuildController$BuildOpRunnable.run(DefaultBuildController.java:198)
	at java.base/java.util.concurrent.Executors$RunnableAdapter.call(Executors.java:539)
	at java.base/java.util.concurrent.FutureTask.run(FutureTask.java:264)
	at org.gradle.internal.concurrent.ExecutorPolicy$CatchAndRecordFailures.onExecute(ExecutorPolicy.java:64)
	at org.gradle.internal.concurrent.AbstractManagedExecutor$1.run(AbstractManagedExecutor.java:47)
	at java.base/java.util.concurrent.ThreadPoolExecutor.runWorker(ThreadPoolExecutor.java:1136)
	at java.base/java.util.concurrent.ThreadPoolExecutor$Worker.run(ThreadPoolExecutor.java:635)
	at java.base/java.lang.Thread.run(Thread.java:840)
Caused by: org.gradle.api.internal.artifacts.transform.TransformException: Execution failed for AarResourcesCompilerTransform: /root/.gradle/caches/transforms-4/8e0a0bff2d388b6446750efdf4a5758f/transformed/core-1.13.1.
	at org.gradle.api.internal.artifacts.transform.DefaultTransformInvocationFactory.lambda$createInvocation$1(DefaultTransformInvocationFactory.java:151)
	at org.gradle.internal.Try$Failure.mapFailure(Try.java:273)
	at org.gradle.api.internal.artifacts.transform.DefaultTransformInvocationFactory.lambda$createInvocation$2(DefaultTransformInvocationFactory.java:151)
	at org.gradle.internal.Deferrable$1.applyAndRequireNonNull(Deferrable.java:63)
	at org.gradle.internal.Deferrable$1.completeAndGet(Deferrable.java:59)
	at org.gradle.internal.Deferrable$1.completeAndGet(Deferrable.java:59)
	at org.gradle.api.internal.artifacts.transform.TransformingAsyncArtifactListener$TransformedArtifact.finalizeValue(TransformingAsyncArtifactListener.java:209)
	at org.gradle.api.internal.artifacts.transform.TransformingAsyncArtifactListener$TransformedArtifact.run(TransformingAsyncArtifactListener.java:147)
	at org.gradle.internal.operations.DefaultBuildOperationRunner$2.execute(DefaultBuildOperationRunner.java:66)
	at org.gradle.internal.operations.DefaultBuildOperationRunner$2.execute(DefaultBuildOperationRunner.java:59)
	at org.gradle.internal.operations.DefaultBuildOperationRunner.execute(DefaultBuildOperationRunner.java:157)
	at org.gradle.internal.operations.DefaultBuildOperationRunner.execute(DefaultBuildOperationRunner.java:59)
	at org.gradle.internal.operations.DefaultBuildOperationExecutor$QueueWorker.execute(DefaultBuildOperationExecutor.java:238)
	at org.gradle.internal.operations.DefaultBuildOperationQueue$WorkerRunnable.runOperation(DefaultBuildOperationQueue.java:272)
	at org.gradle.internal.operations.DefaultBuildOperationQueue$WorkerRunnable.doRunBatch(DefaultBuildOperationQueue.java:253)
	at org.gradle.internal.operations.DefaultBuildOperationQueue$WorkerRunnable.lambda$runBatch$0(DefaultBuildOperationQueue.java:238)
	at org.gradle.internal.resources.AbstractResourceLockRegistry.whileDisallowingLockChanges(AbstractResourceLockRegistry.java:50)
	at org.gradle.internal.work.DefaultWorkerLeaseService.whileDisallowingProjectLockChanges(DefaultWorkerLeaseService.java:236)
	at org.gradle.internal.operations.DefaultBuildOperationQueue$WorkerRunnable.lambda$runBatch$1(DefaultBuildOperationQueue.java:238)
	at org.gradle.internal.work.DefaultWorkerLeaseService.withLocks(DefaultWorkerLeaseService.java:264)
	at org.gradle.internal.work.DefaultWorkerLeaseService.runAsWorkerThread(DefaultWorkerLeaseService.java:128)
	at org.gradle.internal.operations.DefaultBuildOperationQueue$WorkerRunnable.runBatch(DefaultBuildOperationQueue.java:224)
	at org.gradle.internal.operations.DefaultBuildOperationQueue$WorkerRunnable.run(DefaultBuildOperationQueue.java:192)
	... 5 more
Caused by: com.android.builder.internal.aapt.v2.Aapt2InternalException: AAPT2 aapt2-8.5.2-11315950-linux Daemon #0: Daemon startup failed
This should not happen under normal circumstances, please file an issue if it does.
	at com.android.builder.internal.aapt.v2.Aapt2Daemon.handleError(Aapt2Daemon.kt:193)
	at com.android.builder.internal.aapt.v2.Aapt2Daemon.handleError$default(Aapt2Daemon.kt:190)
	at com.android.builder.internal.aapt.v2.Aapt2Daemon.checkStarted(Aapt2Daemon.kt:77)
	at com.android.builder.internal.aapt.v2.Aapt2Daemon.compile(Aapt2Daemon.kt:100)
	at com.android.builder.internal.aapt.v2.Aapt2DaemonManager$LeasedAaptDaemon.compile(Aapt2DaemonManager.kt:170)
	at com.android.builder.internal.aapt.v2.Aapt2DaemonManager$leasingAapt2Daemon$1.compile(Aapt2DaemonManager.kt:195)
	at com.android.build.gradle.internal.services.PartialInProcessResourceProcessor.compile(PartialInProcessResourceProcessor.kt:47)
	at com.android.build.gradle.internal.res.Aapt2CompileRunnableKt.runAapt2Compile(Aapt2CompileRunnable.kt:57)
	at com.android.build.gradle.internal.dependency.AarResourcesCompilerTransform.transform(AarResourcesCompilerTransform.kt:75)
	at org.gradle.api.internal.artifacts.transform.DefaultTransform.transform(DefaultTransform.java:276)
	at org.gradle.api.internal.artifacts.transform.AbstractTransformExecution$2.call(AbstractTransformExecution.java:143)
	at org.gradle.api.internal.artifacts.transform.AbstractTransformExecution$2.call(AbstractTransformExecution.java:137)
	at org.gradle.internal.operations.DefaultBuildOperationRunner$CallableBuildOperationWorker.execute(DefaultBuildOperationRunner.java:200)
	at org.gradle.internal.operations.DefaultBuildOperationRunner$CallableBuildOperationWorker.execute(DefaultBuildOperationRunner.java:195)
	at org.gradle.internal.operations.DefaultBuildOperationRunner$2.execute(DefaultBuildOperationRunner.java:66)
	at org.gradle.internal.operations.DefaultBuildOperationRunner$2.execute(DefaultBuildOperationRunner.java:59)
	at org.gradle.internal.operations.DefaultBuildOperationRunner.execute(DefaultBuildOperationRunner.java:157)
	at org.gradle.internal.operations.DefaultBuildOperationRunner.execute(DefaultBuildOperationRunner.java:59)
	at org.gradle.internal.operations.DefaultBuildOperationRunner.call(DefaultBuildOperationRunner.java:53)
	at org.gradle.internal.operations.DefaultBuildOperationExecutor.call(DefaultBuildOperationExecutor.java:73)
	at org.gradle.api.internal.artifacts.transform.AbstractTransformExecution.executeWithinTransformerListener(AbstractTransformExecution.java:137)
	at org.gradle.api.internal.artifacts.transform.AbstractTransformExecution.execute(AbstractTransformExecution.java:130)
	at org.gradle.internal.execution.steps.ExecuteStep.executeInternal(ExecuteStep.java:105)
	at org.gradle.internal.execution.steps.ExecuteStep.access$000(ExecuteStep.java:44)
	at org.gradle.internal.execution.steps.ExecuteStep$1.call(ExecuteStep.java:59)
	at org.gradle.internal.execution.steps.ExecuteStep$1.call(ExecuteStep.java:56)
	at org.gradle.internal.operations.DefaultBuildOperationRunner$CallableBuildOperationWorker.execute(DefaultBuildOperationRunner.java:200)
	at org.gradle.internal.operations.DefaultBuildOperationRunner$CallableBuildOperationWorker.execute(DefaultBuildOperationRunner.java:195)
	at org.gradle.internal.operations.DefaultBuildOperationRunner$2.execute(DefaultBuildOperationRunner.java:66)
	at org.gradle.internal.operations.DefaultBuildOperationRunner$2.execute(DefaultBuildOperationRunner.java:59)
	at org.gradle.internal.operations.DefaultBuildOperationRunner.execute(DefaultBuildOperationRunner.java:157)
	at org.gradle.internal.operations.DefaultBuildOperationRunner.execute(DefaultBuildOperationRunner.java:59)
	at org.gradle.internal.operations.DefaultBuildOperationRunner.call(DefaultBuildOperationRunner.java:53)
	at org.gradle.internal.operations.DefaultBuildOperationExecutor.call(DefaultBuildOperationExecutor.java:73)
	at org.gradle.internal.execution.steps.ExecuteStep.execute(ExecuteStep.java:56)
	at org.gradle.internal.execution.steps.ExecuteStep.execute(ExecuteStep.java:44)
	at org.gradle.internal.execution.steps.CancelExecutionStep.execute(CancelExecutionStep.java:41)
	at org.gradle.internal.execution.steps.TimeoutStep.executeWithoutTimeout(TimeoutStep.java:74)
	at org.gradle.internal.execution.steps.TimeoutStep.execute(TimeoutStep.java:55)
	at org.gradle.internal.execution.steps.PreCreateOutputParentsStep.execute(PreCreateOutputParentsStep.java:50)
	at org.gradle.internal.execution.steps.PreCreateOutputParentsStep.execute(PreCreateOutputParentsStep.java:28)
	at org.gradle.internal.execution.steps.BroadcastChangingOutputsStep.execute(BroadcastChangingOutputsStep.java:61)
	at org.gradle.internal.execution.steps.BroadcastChangingOutputsStep.execute(BroadcastChangingOutputsStep.java:26)
	at org.gradle.internal.execution.steps.NoInputChangesStep.execute(NoInputChangesStep.java:30)
	at org.gradle.internal.execution.steps.NoInputChangesStep.execute(NoInputChangesStep.java:21)
	at org.gradle.internal.execution.steps.CaptureOutputsAfterExecutionStep.execute(CaptureOutputsAfterExecutionStep.java:67)
	at org.gradle.internal.execution.steps.CaptureOutputsAfterExecutionStep.execute(CaptureOutputsAfterExecutionStep.java:45)
	at org.gradle.internal.execution.steps.BuildCacheStep.executeWithoutCache(BuildCacheStep.java:189)
	at org.gradle.internal.execution.steps.BuildCacheStep.lambda$execute$1(BuildCacheStep.java:75)
	at org.gradle.internal.Either$Right.fold(Either.java:175)
	at org.gradle.internal.execution.caching.CachingState.fold(CachingState.java:62)
	at org.gradle.internal.execution.steps.BuildCacheStep.execute(BuildCacheStep.java:73)
	at org.gradle.internal.execution.steps.BuildCacheStep.execute(BuildCacheStep.java:48)
	at org.gradle.internal.execution.steps.NeverUpToDateStep.execute(NeverUpToDateStep.java:34)
	at org.gradle.internal.execution.steps.NeverUpToDateStep.execute(NeverUpToDateStep.java:22)
	at org.gradle.internal.execution.steps.legacy.MarkSnapshottingInputsFinishedStep.execute(MarkSnapshottingInputsFinishedStep.java:37)
	at org.gradle.internal.execution.steps.legacy.MarkSnapshottingInputsFinishedStep.execute(MarkSnapshottingInputsFinishedStep.java:27)
	at org.gradle.internal.execution.steps.ResolveNonIncrementalCachingStateStep.executeDelegate(ResolveNonIncrementalCachingStateStep.java:50)
	at org.gradle.internal.execution.steps.AbstractResolveCachingStateStep.execute(AbstractResolveCachingStateStep.java:71)
	at org.gradle.internal.execution.steps.AbstractResolveCachingStateStep.execute(AbstractResolveCachingStateStep.java:39)
	at org.gradle.internal.execution.steps.ValidateStep.execute(ValidateStep.java:106)
	at org.gradle.internal.execution.steps.ValidateStep.execute(ValidateStep.java:55)
	at org.gradle.internal.execution.steps.AbstractCaptureStateBeforeExecutionStep.execute(AbstractCaptureStateBeforeExecutionStep.java:64)
	at org.gradle.internal.execution.steps.AbstractCaptureStateBeforeExecutionStep.execute(AbstractCaptureStateBeforeExecutionStep.java:43)
	at org.gradle.internal.execution.steps.legacy.MarkSnapshottingInputsStartedStep.execute(MarkSnapshottingInputsStartedStep.java:38)
	at org.gradle.internal.execution.steps.AssignImmutableWorkspaceStep.lambda$executeInTemporaryWorkspace$3(AssignImmutableWorkspaceStep.java:209)
	at org.gradle.internal.execution.workspace.impl.CacheBasedImmutableWorkspaceProvider$1.withTemporaryWorkspace(CacheBasedImmutableWorkspaceProvider.java:119)
	at org.gradle.internal.execution.steps.AssignImmutableWorkspaceStep.executeInTemporaryWorkspace(AssignImmutableWorkspaceStep.java:199)
	at org.gradle.internal.execution.steps.AssignImmutableWorkspaceStep.lambda$execute$0(AssignImmutableWorkspaceStep.java:121)
	at java.base/java.util.Optional.orElseGet(Optional.java:364)
	at org.gradle.internal.execution.steps.AssignImmutableWorkspaceStep.execute(AssignImmutableWorkspaceStep.java:121)
	at org.gradle.internal.execution.steps.AssignImmutableWorkspaceStep.execute(AssignImmutableWorkspaceStep.java:90)
	at org.gradle.internal.execution.steps.ChoosePipelineStep.execute(ChoosePipelineStep.java:38)
	at org.gradle.internal.execution.steps.ChoosePipelineStep.execute(ChoosePipelineStep.java:23)
	at org.gradle.internal.execution.steps.ExecuteWorkBuildOperationFiringStep.lambda$execute$0(ExecuteWorkBuildOperationFiringStep.java:53)
	at org.gradle.internal.execution.steps.BuildOperationStep$1.call(BuildOperationStep.java:37)
	at org.gradle.internal.operations.DefaultBuildOperationRunner$CallableBuildOperationWorker.execute(DefaultBuildOperationRunner.java:200)
	at org.gradle.internal.operations.DefaultBuildOperationRunner$CallableBuildOperationWorker.execute(DefaultBuildOperationRunner.java:195)
	at org.gradle.internal.operations.DefaultBuildOperationRunner$2.execute(DefaultBuildOperationRunner.java:66)
	at org.gradle.internal.operations.DefaultBuildOperationRunner$2.execute(DefaultBuildOperationRunner.java:59)
	at org.gradle.internal.operations.DefaultBuildOperationRunner.execute(DefaultBuildOperationRunner.java:157)
	at org.gradle.internal.operations.DefaultBuildOperationRunner.execute(DefaultBuildOperationRunner.java:59)
	at org.gradle.internal.operations.DefaultBuildOperationRunner.call(DefaultBuildOperationRunner.java:53)
	at org.gradle.internal.operations.DefaultBuildOperationExecutor.call(DefaultBuildOperationExecutor.java:73)
	at org.gradle.internal.execution.steps.BuildOperationStep.operation(BuildOperationStep.java:34)
	at org.gradle.internal.execution.steps.ExecuteWorkBuildOperationFiringStep.lambda$execute$1(ExecuteWorkBuildOperationFiringStep.java:51)
	at java.base/java.util.Optional.map(Optional.java:260)
	at org.gradle.internal.execution.steps.ExecuteWorkBuildOperationFiringStep.execute(ExecuteWorkBuildOperationFiringStep.java:51)
	at org.gradle.internal.execution.steps.ExecuteWorkBuildOperationFiringStep.execute(ExecuteWorkBuildOperationFiringStep.java:39)
	at org.gradle.internal.execution.steps.IdentityCacheStep.execute(IdentityCacheStep.java:46)
	at org.gradle.internal.execution.steps.IdentityCacheStep.executeInCache(IdentityCacheStep.java:80)
	at org.gradle.internal.execution.steps.IdentityCacheStep.lambda$executeDeferred$0(IdentityCacheStep.java:60)
	at org.gradle.cache.Cache.lambda$get$0(Cache.java:31)
	at java.base/java.util.concurrent.ConcurrentHashMap.computeIfAbsent(ConcurrentHashMap.java:1708)
	at org.gradle.cache.ManualEvictionInMemoryCache.get(ManualEvictionInMemoryCache.java:30)
	at org.gradle.cache.internal.DefaultCrossBuildInMemoryCacheFactory$CrossBuildCacheRetainingDataFromPreviousBuild.get(DefaultCrossBuildInMemoryCacheFactory.java:255)
	at org.gradle.cache.Cache.get(Cache.java:31)
	at org.gradle.internal.execution.steps.IdentityCacheStep.lambda$executeDeferred$1(IdentityCacheStep.java:58)
	at org.gradle.internal.Deferrable$3.completeAndGet(Deferrable.java:117)
	... 24 more
Caused by: java.io.IOException: Cannot run program "/root/.gradle/caches/transforms-4/2bba49eee1d64d073cb89b5f3891cf2c/transformed/aapt2-8.5.2-11315950-linux/aapt2": error=2, No such file or directory
	at java.base/java.lang.ProcessBuilder.start(ProcessBuilder.java:1143)
	at java.base/java.lang.ProcessBuilder.start(ProcessBuilder.java:1073)
	at org.gradle.internal.classpath.Instrumented.start(Instrumented.java:320)
	at com.android.builder.internal.aapt.v2.Aapt2DaemonImpl.startProcess(Aapt2DaemonImpl.kt:84)
	at com.android.builder.internal.aapt.v2.Aapt2Daemon.checkStarted(Aapt2Daemon.kt:56)
	... 120 more
Caused by: java.io.IOException: error=2, No such file or directory
	at java.base/java.lang.ProcessImpl.forkAndExec(Native Method)
	at java.base/java.lang.ProcessImpl.<init>(ProcessImpl.java:314)
	at java.base/java.lang.ProcessImpl.start(ProcessImpl.java:244)
	at java.base/java.lang.ProcessBuilder.start(ProcessBuilder.java:1110)
	... 124 more
Cause 11: org.gradle.api.internal.artifacts.transform.TransformException: Failed to transform core-1.13.1.aar (androidx.core:core:1.13.1) to match attributes {artifactType=android-compiled-dependencies-resources, org.gradle.status=release}.
	at org.gradle.api.internal.artifacts.transform.TransformingAsyncArtifactListener$TransformedArtifact.lambda$visit$4(TransformingAsyncArtifactListener.java:243)
	at org.gradle.internal.Try$Failure.ifSuccessfulOrElse(Try.java:282)
	at org.gradle.api.internal.artifacts.transform.TransformingAsyncArtifactListener$TransformedArtifact.visit(TransformingAsyncArtifactListener.java:235)
	at org.gradle.api.internal.artifacts.ivyservice.resolveengine.artifact.ParallelResolveArtifactSet$VisitingSet$StartVisitAction.visitResults(ParallelResolveArtifactSet.java:100)
	at org.gradle.api.internal.artifacts.ivyservice.resolveengine.artifact.ParallelResolveArtifactSet$VisitingSet.visit(ParallelResolveArtifactSet.java:69)
	at org.gradle.api.internal.artifacts.ivyservice.resolveengine.artifact.ResolvedArtifactSetResolver$1.run(ResolvedArtifactSetResolver.java:61)
	at org.gradle.internal.operations.DefaultBuildOperationRunner$1.execute(DefaultBuildOperationRunner.java:29)
	at org.gradle.internal.operations.DefaultBuildOperationRunner$1.execute(DefaultBuildOperationRunner.java:26)
	at org.gradle.internal.operations.DefaultBuildOperationRunner$2.execute(DefaultBuildOperationRunner.java:66)
	at org.gradle.internal.operations.DefaultBuildOperationRunner$2.execute(DefaultBuildOperationRunner.java:59)
	at org.gradle.internal.operations.DefaultBuildOperationRunner.execute(DefaultBuildOperationRunner.java:157)
	at org.gradle.internal.operations.DefaultBuildOperationRunner.execute(DefaultBuildOperationRunner.java:59)
	at org.gradle.internal.operations.DefaultBuildOperationRunner.run(DefaultBuildOperationRunner.java:47)
	at org.gradle.internal.operations.DefaultBuildOperationExecutor.run(DefaultBuildOperationExecutor.java:68)
	at org.gradle.api.internal.artifacts.ivyservice.resolveengine.artifact.ResolvedArtifactSetResolver.visitArtifacts(ResolvedArtifactSetResolver.java:58)
	at org.gradle.api.internal.artifacts.ivyservice.resolveengine.artifact.ResolvedArtifactSetResolver.lambda$visitInUnmanagedWorkerThread$0(ResolvedArtifactSetResolver.java:54)
	at org.gradle.internal.work.DefaultWorkerLeaseService.runAsUnmanagedWorkerThread(DefaultWorkerLeaseService.java:140)
	at org.gradle.api.internal.artifacts.ivyservice.resolveengine.artifact.ResolvedArtifactSetResolver.visitInUnmanagedWorkerThread(ResolvedArtifactSetResolver.java:54)
	at org.gradle.api.internal.artifacts.ivyservice.resolveengine.artifact.DefaultSelectedArtifactSet.visitArtifacts(DefaultSelectedArtifactSet.java:59)
	at org.gradle.api.internal.artifacts.ivyservice.resolveengine.artifact.SelectedArtifactSet.visitFiles(SelectedArtifactSet.java:34)
	at org.gradle.api.internal.artifacts.configurations.ResolutionBackedFileCollection.visitContents(ResolutionBackedFileCollection.java:73)
	at org.gradle.api.internal.file.AbstractFileCollection.visitStructure(AbstractFileCollection.java:361)
	at org.gradle.api.internal.file.collections.DefaultConfigurableFileCollection.lambda$calculateFinalizedValue$0(DefaultConfigurableFileCollection.java:415)
	at org.gradle.api.internal.file.collections.UnpackingVisitor.add(UnpackingVisitor.java:67)
	at org.gradle.api.internal.file.collections.DefaultConfigurableFileCollection$UnresolvedItemsCollector.visitContents(DefaultConfigurableFileCollection.java:593)
	at org.gradle.api.internal.file.collections.DefaultConfigurableFileCollection.calculateFinalizedValue(DefaultConfigurableFileCollection.java:415)
	at org.gradle.api.internal.file.collections.DefaultConfigurableFileCollection.finalizeNow(DefaultConfigurableFileCollection.java:120)
	at org.gradle.api.internal.file.collections.DefaultConfigurableFileCollection.lambda$visitChildren$1(DefaultConfigurableFileCollection.java:439)
	at org.gradle.api.internal.provider.ValueState.finalizeOnReadIfNeeded(ValueState.java:123)
	at org.gradle.api.internal.file.collections.DefaultConfigurableFileCollection.visitChildren(DefaultConfigurableFileCollection.java:439)
	at org.gradle.api.internal.file.CompositeFileCollection.visitContents(CompositeFileCollection.java:113)
	at org.gradle.api.internal.file.AbstractFileCollection.visitStructure(AbstractFileCollection.java:361)
	at org.gradle.api.internal.file.CompositeFileCollection.lambda$visitContents$0(CompositeFileCollection.java:113)
	at org.gradle.api.internal.file.collections.UnpackingVisitor.add(UnpackingVisitor.java:67)
	at org.gradle.api.internal.file.collections.UnpackingVisitor.add(UnpackingVisitor.java:92)
	at org.gradle.api.internal.file.DefaultFileCollectionFactory$ResolvingFileCollection.visitChildren(DefaultFileCollectionFactory.java:285)
	at org.gradle.api.internal.file.CompositeFileCollection.visitContents(CompositeFileCollection.java:113)
	at org.gradle.api.internal.file.AbstractFileCollection.visitStructure(AbstractFileCollection.java:361)
	at org.gradle.api.internal.file.CompositeFileCollection.lambda$visitContents$0(CompositeFileCollection.java:113)
	at org.gradle.api.internal.tasks.PropertyFileCollection.visitChildren(PropertyFileCollection.java:48)
	at org.gradle.api.internal.file.CompositeFileCollection.visitContents(CompositeFileCollection.java:113)
	at org.gradle.api.internal.file.AbstractFileCollection.visitStructure(AbstractFileCollection.java:361)
	at org.gradle.internal.fingerprint.impl.DefaultFileCollectionSnapshotter.snapshot(DefaultFileCollectionSnapshotter.java:47)
	at org.gradle.internal.execution.impl.DefaultInputFingerprinter$InputCollectingVisitor.visitInputFileProperty(DefaultInputFingerprinter.java:133)
	at org.gradle.api.internal.tasks.execution.TaskExecution.visitRegularInputs(TaskExecution.java:324)
	at org.gradle.internal.execution.impl.DefaultInputFingerprinter.fingerprintInputProperties(DefaultInputFingerprinter.java:63)
	at org.gradle.internal.execution.steps.AbstractCaptureStateBeforeExecutionStep.captureExecutionStateWithOutputs(AbstractCaptureStateBeforeExecutionStep.java:109)
	at org.gradle.internal.execution.steps.AbstractCaptureStateBeforeExecutionStep.lambda$captureExecutionState$0(AbstractCaptureStateBeforeExecutionStep.java:74)
	at org.gradle.internal.execution.steps.BuildOperationStep$1.call(BuildOperationStep.java:37)
	at org.gradle.internal.operations.DefaultBuildOperationRunner$CallableBuildOperationWorker.execute(DefaultBuildOperationRunner.java:200)
	at org.gradle.internal.operations.DefaultBuildOperationRunner$CallableBuildOperationWorker.execute(DefaultBuildOperationRunner.java:195)
	at org.gradle.internal.operations.DefaultBuildOperationRunner$2.execute(DefaultBuildOperationRunner.java:66)
	at org.gradle.internal.operations.DefaultBuildOperationRunner$2.execute(DefaultBuildOperationRunner.java:59)
	at org.gradle.internal.operations.DefaultBuildOperationRunner.execute(DefaultBuildOperationRunner.java:157)
	at org.gradle.internal.operations.DefaultBuildOperationRunner.execute(DefaultBuildOperationRunner.java:59)
	at org.gradle.internal.operations.DefaultBuildOperationRunner.call(DefaultBuildOperationRunner.java:53)
	at org.gradle.internal.operations.DefaultBuildOperationExecutor.call(DefaultBuildOperationExecutor.java:73)
	at org.gradle.internal.execution.steps.BuildOperationStep.operation(BuildOperationStep.java:34)
	at org.gradle.internal.execution.steps.AbstractCaptureStateBeforeExecutionStep.captureExecutionState(AbstractCaptureStateBeforeExecutionStep.java:69)
	at org.gradle.internal.execution.steps.AbstractCaptureStateBeforeExecutionStep.execute(AbstractCaptureStateBeforeExecutionStep.java:62)
	at org.gradle.internal.execution.steps.AbstractCaptureStateBeforeExecutionStep.execute(AbstractCaptureStateBeforeExecutionStep.java:43)
	at org.gradle.internal.execution.steps.AbstractSkipEmptyWorkStep.executeWithNonEmptySources(AbstractSkipEmptyWorkStep.java:125)
	at org.gradle.internal.execution.steps.AbstractSkipEmptyWorkStep.execute(AbstractSkipEmptyWorkStep.java:56)
	at org.gradle.internal.execution.steps.AbstractSkipEmptyWorkStep.execute(AbstractSkipEmptyWorkStep.java:36)
	at org.gradle.internal.execution.steps.legacy.MarkSnapshottingInputsStartedStep.execute(MarkSnapshottingInputsStartedStep.java:38)
	at org.gradle.internal.execution.steps.LoadPreviousExecutionStateStep.execute(LoadPreviousExecutionStateStep.java:36)
	at org.gradle.internal.execution.steps.LoadPreviousExecutionStateStep.execute(LoadPreviousExecutionStateStep.java:23)
	at org.gradle.internal.execution.steps.HandleStaleOutputsStep.execute(HandleStaleOutputsStep.java:75)
	at org.gradle.internal.execution.steps.HandleStaleOutputsStep.execute(HandleStaleOutputsStep.java:41)
	at org.gradle.internal.execution.steps.AssignMutableWorkspaceStep.lambda$execute$0(AssignMutableWorkspaceStep.java:35)
	at org.gradle.api.internal.tasks.execution.TaskExecution$4.withWorkspace(TaskExecution.java:289)
	at org.gradle.internal.execution.steps.AssignMutableWorkspaceStep.execute(AssignMutableWorkspaceStep.java:31)
	at org.gradle.internal.execution.steps.AssignMutableWorkspaceStep.execute(AssignMutableWorkspaceStep.java:22)
	at org.gradle.internal.execution.steps.ChoosePipelineStep.execute(ChoosePipelineStep.java:40)
	at org.gradle.internal.execution.steps.ChoosePipelineStep.execute(ChoosePipelineStep.java:23)
	at org.gradle.internal.execution.steps.ExecuteWorkBuildOperationFiringStep.lambda$execute$2(ExecuteWorkBuildOperationFiringStep.java:67)
	at java.base/java.util.Optional.orElseGet(Optional.java:364)
	at org.gradle.internal.execution.steps.ExecuteWorkBuildOperationFiringStep.execute(ExecuteWorkBuildOperationFiringStep.java:67)
	at org.gradle.internal.execution.steps.ExecuteWorkBuildOperationFiringStep.execute(ExecuteWorkBuildOperationFiringStep.java:39)
	at org.gradle.internal.execution.steps.IdentityCacheStep.execute(IdentityCacheStep.java:46)
	at org.gradle.internal.execution.steps.IdentityCacheStep.execute(IdentityCacheStep.java:34)
	at org.gradle.internal.execution.steps.IdentifyStep.execute(IdentifyStep.java:48)
	at org.gradle.internal.execution.steps.IdentifyStep.execute(IdentifyStep.java:35)
	at org.gradle.internal.execution.impl.DefaultExecutionEngine$1.execute(DefaultExecutionEngine.java:61)
	at org.gradle.api.internal.tasks.execution.ExecuteActionsTaskExecuter.executeIfValid(ExecuteActionsTaskExecuter.java:127)
	at org.gradle.api.internal.tasks.execution.ExecuteActionsTaskExecuter.execute(ExecuteActionsTaskExecuter.java:116)
	at org.gradle.api.internal.tasks.execution.FinalizePropertiesTaskExecuter.execute(FinalizePropertiesTaskExecuter.java:46)
	at org.gradle.api.internal.tasks.execution.ResolveTaskExecutionModeExecuter.execute(ResolveTaskExecutionModeExecuter.java:51)
	at org.gradle.api.internal.tasks.execution.SkipTaskWithNoActionsExecuter.execute(SkipTaskWithNoActionsExecuter.java:57)
	at org.gradle.api.internal.tasks.execution.SkipOnlyIfTaskExecuter.execute(SkipOnlyIfTaskExecuter.java:74)
	at org.gradle.api.internal.tasks.execution.CatchExceptionTaskExecuter.execute(CatchExceptionTaskExecuter.java:36)
	at org.gradle.api.internal.tasks.execution.EventFiringTaskExecuter$1.executeTask(EventFiringTaskExecuter.java:77)
	at org.gradle.api.internal.tasks.execution.EventFiringTaskExecuter$1.call(EventFiringTaskExecuter.java:55)
	at org.gradle.api.internal.tasks.execution.EventFiringTaskExecuter$1.call(EventFiringTaskExecuter.java:52)
	at org.gradle.internal.operations.DefaultBuildOperationRunner$CallableBuildOperationWorker.execute(DefaultBuildOperationRunner.java:200)
	at org.gradle.internal.operations.DefaultBuildOperationRunner$CallableBuildOperationWorker.execute(DefaultBuildOperationRunner.java:195)
	at org.gradle.internal.operations.DefaultBuildOperationRunner$2.execute(DefaultBuildOperationRunner.java:66)
	at org.gradle.internal.operations.DefaultBuildOperationRunner$2.execute(DefaultBuildOperationRunner.java:59)
	at org.gradle.internal.operations.DefaultBuildOperationRunner.execute(DefaultBuildOperationRunner.java:157)
	at org.gradle.internal.operations.DefaultBuildOperationRunner.execute(DefaultBuildOperationRunner.java:59)
	at org.gradle.internal.operations.DefaultBuildOperationRunner.call(DefaultBuildOperationRunner.java:53)
	at org.gradle.internal.operations.DefaultBuildOperationExecutor.call(DefaultBuildOperationExecutor.java:73)
	at org.gradle.api.internal.tasks.execution.EventFiringTaskExecuter.execute(EventFiringTaskExecuter.java:52)
	at org.gradle.execution.plan.LocalTaskNodeExecutor.execute(LocalTaskNodeExecutor.java:42)
	at org.gradle.execution.taskgraph.DefaultTaskExecutionGraph$InvokeNodeExecutorsAction.execute(DefaultTaskExecutionGraph.java:331)
	at org.gradle.execution.taskgraph.DefaultTaskExecutionGraph$InvokeNodeExecutorsAction.execute(DefaultTaskExecutionGraph.java:318)
	at org.gradle.execution.taskgraph.DefaultTaskExecutionGraph$BuildOperationAwareExecutionAction.lambda$execute$0(DefaultTaskExecutionGraph.java:314)
	at org.gradle.internal.operations.CurrentBuildOperationRef.with(CurrentBuildOperationRef.java:80)
	at org.gradle.execution.taskgraph.DefaultTaskExecutionGraph$BuildOperationAwareExecutionAction.execute(DefaultTaskExecutionGraph.java:314)
	at org.gradle.execution.taskgraph.DefaultTaskExecutionGraph$BuildOperationAwareExecutionAction.execute(DefaultTaskExecutionGraph.java:303)
	at org.gradle.execution.plan.DefaultPlanExecutor$ExecutorWorker.execute(DefaultPlanExecutor.java:463)
	at org.gradle.execution.plan.DefaultPlanExecutor$ExecutorWorker.run(DefaultPlanExecutor.java:380)
	at org.gradle.execution.plan.DefaultPlanExecutor.process(DefaultPlanExecutor.java:116)
	at org.gradle.execution.taskgraph.DefaultTaskExecutionGraph.executeWithServices(DefaultTaskExecutionGraph.java:138)
	at org.gradle.execution.taskgraph.DefaultTaskExecutionGraph.execute(DefaultTaskExecutionGraph.java:123)
	at org.gradle.execution.SelectedTaskExecutionAction.execute(SelectedTaskExecutionAction.java:35)
	at org.gradle.execution.DryRunBuildExecutionAction.execute(DryRunBuildExecutionAction.java:51)
	at org.gradle.execution.BuildOperationFiringBuildWorkerExecutor$ExecuteTasks.call(BuildOperationFiringBuildWorkerExecutor.java:54)
	at org.gradle.execution.BuildOperationFiringBuildWorkerExecutor$ExecuteTasks.call(BuildOperationFiringBuildWorkerExecutor.java:43)
	at org.gradle.internal.operations.DefaultBuildOperationRunner$CallableBuildOperationWorker.execute(DefaultBuildOperationRunner.java:200)
	at org.gradle.internal.operations.DefaultBuildOperationRunner$CallableBuildOperationWorker.execute(DefaultBuildOperationRunner.java:195)
	at org.gradle.internal.operations.DefaultBuildOperationRunner$2.execute(DefaultBuildOperationRunner.java:66)
	at org.gradle.internal.operations.DefaultBuildOperationRunner$2.execute(DefaultBuildOperationRunner.java:59)
	at org.gradle.internal.operations.DefaultBuildOperationRunner.execute(DefaultBuildOperationRunner.java:157)
	at org.gradle.internal.operations.DefaultBuildOperationRunner.execute(DefaultBuildOperationRunner.java:59)
	at org.gradle.internal.operations.DefaultBuildOperationRunner.call(DefaultBuildOperationRunner.java:53)
	at org.gradle.internal.operations.DefaultBuildOperationExecutor.call(DefaultBuildOperationExecutor.java:73)
	at org.gradle.execution.BuildOperationFiringBuildWorkerExecutor.execute(BuildOperationFiringBuildWorkerExecutor.java:40)
	at org.gradle.internal.build.DefaultBuildLifecycleController.lambda$executeTasks$10(DefaultBuildLifecycleController.java:313)
	at org.gradle.internal.model.StateTransitionController.doTransition(StateTransitionController.java:266)
	at org.gradle.internal.model.StateTransitionController.lambda$tryTransition$8(StateTransitionController.java:177)
	at org.gradle.internal.work.DefaultSynchronizer.withLock(DefaultSynchronizer.java:44)
	at org.gradle.internal.model.StateTransitionController.tryTransition(StateTransitionController.java:177)
	at org.gradle.internal.build.DefaultBuildLifecycleController.executeTasks(DefaultBuildLifecycleController.java:304)
	at org.gradle.internal.build.DefaultBuildWorkGraphController$DefaultBuildWorkGraph.runWork(DefaultBuildWorkGraphController.java:220)
	at org.gradle.internal.work.DefaultWorkerLeaseService.withLocks(DefaultWorkerLeaseService.java:264)
	at org.gradle.internal.work.DefaultWorkerLeaseService.runAsWorkerThread(DefaultWorkerLeaseService.java:128)
	at org.gradle.composite.internal.DefaultBuildController.doRun(DefaultBuildController.java:181)
	at org.gradle.composite.internal.DefaultBuildController.access$000(DefaultBuildController.java:50)
	at org.gradle.composite.internal.DefaultBuildController$BuildOpRunnable.lambda$run$0(DefaultBuildController.java:198)
	at org.gradle.internal.operations.CurrentBuildOperationRef.with(CurrentBuildOperationRef.java:80)
	at org.gradle.composite.internal.DefaultBuildController$BuildOpRunnable.run(DefaultBuildController.java:198)
	at java.base/java.util.concurrent.Executors$RunnableAdapter.call(Executors.java:539)
	at java.base/java.util.concurrent.FutureTask.run(FutureTask.java:264)
	at org.gradle.internal.concurrent.ExecutorPolicy$CatchAndRecordFailures.onExecute(ExecutorPolicy.java:64)
	at org.gradle.internal.concurrent.AbstractManagedExecutor$1.run(AbstractManagedExecutor.java:47)
	at java.base/java.util.concurrent.ThreadPoolExecutor.runWorker(ThreadPoolExecutor.java:1136)
	at java.base/java.util.concurrent.ThreadPoolExecutor$Worker.run(ThreadPoolExecutor.java:635)
	at java.base/java.lang.Thread.run(Thread.java:840)
Caused by: org.gradle.api.internal.artifacts.transform.TransformException: Execution failed for AarResourcesCompilerTransform: /root/.gradle/caches/transforms-4/8e0a0bff2d388b6446750efdf4a5758f/transformed/core-1.13.1.
	at org.gradle.api.internal.artifacts.transform.DefaultTransformInvocationFactory.lambda$createInvocation$1(DefaultTransformInvocationFactory.java:151)
	at org.gradle.internal.Try$Failure.mapFailure(Try.java:273)
	at org.gradle.api.internal.artifacts.transform.DefaultTransformInvocationFactory.lambda$createInvocation$2(DefaultTransformInvocationFactory.java:151)
	at org.gradle.internal.Deferrable$1.applyAndRequireNonNull(Deferrable.java:63)
	at org.gradle.internal.Deferrable$1.completeAndGet(Deferrable.java:59)
	at org.gradle.internal.Deferrable$1.completeAndGet(Deferrable.java:59)
	at org.gradle.api.internal.artifacts.transform.TransformingAsyncArtifactListener$TransformedArtifact.finalizeValue(TransformingAsyncArtifactListener.java:209)
	at org.gradle.api.internal.artifacts.transform.TransformingAsyncArtifactListener$TransformedArtifact.run(TransformingAsyncArtifactListener.java:147)
	at org.gradle.internal.operations.DefaultBuildOperationRunner$2.execute(DefaultBuildOperationRunner.java:66)
	at org.gradle.internal.operations.DefaultBuildOperationRunner$2.execute(DefaultBuildOperationRunner.java:59)
	at org.gradle.internal.operations.DefaultBuildOperationRunner.execute(DefaultBuildOperationRunner.java:157)
	at org.gradle.internal.operations.DefaultBuildOperationRunner.execute(DefaultBuildOperationRunner.java:59)
	at org.gradle.internal.operations.DefaultBuildOperationExecutor$QueueWorker.execute(DefaultBuildOperationExecutor.java:238)
	at org.gradle.internal.operations.DefaultBuildOperationQueue$WorkerRunnable.runOperation(DefaultBuildOperationQueue.java:272)
	at org.gradle.internal.operations.DefaultBuildOperationQueue$WorkerRunnable.doRunBatch(DefaultBuildOperationQueue.java:253)
	at org.gradle.internal.operations.DefaultBuildOperationQueue$WorkerRunnable.lambda$runBatch$0(DefaultBuildOperationQueue.java:238)
	at org.gradle.internal.resources.AbstractResourceLockRegistry.whileDisallowingLockChanges(AbstractResourceLockRegistry.java:50)
	at org.gradle.internal.work.DefaultWorkerLeaseService.whileDisallowingProjectLockChanges(DefaultWorkerLeaseService.java:236)
	at org.gradle.internal.operations.DefaultBuildOperationQueue$WorkerRunnable.lambda$runBatch$1(DefaultBuildOperationQueue.java:238)
	at org.gradle.internal.work.DefaultWorkerLeaseService.withLocks(DefaultWorkerLeaseService.java:264)
	at org.gradle.internal.work.DefaultWorkerLeaseService.runAsWorkerThread(DefaultWorkerLeaseService.java:128)
	at org.gradle.internal.operations.DefaultBuildOperationQueue$WorkerRunnable.runBatch(DefaultBuildOperationQueue.java:224)
	at org.gradle.internal.operations.DefaultBuildOperationQueue$WorkerRunnable.run(DefaultBuildOperationQueue.java:192)
	... 5 more
Caused by: com.android.builder.internal.aapt.v2.Aapt2InternalException: AAPT2 aapt2-8.5.2-11315950-linux Daemon #0: Daemon startup failed
This should not happen under normal circumstances, please file an issue if it does.
	at com.android.builder.internal.aapt.v2.Aapt2Daemon.handleError(Aapt2Daemon.kt:193)
	at com.android.builder.internal.aapt.v2.Aapt2Daemon.handleError$default(Aapt2Daemon.kt:190)
	at com.android.builder.internal.aapt.v2.Aapt2Daemon.checkStarted(Aapt2Daemon.kt:77)
	at com.android.builder.internal.aapt.v2.Aapt2Daemon.compile(Aapt2Daemon.kt:100)
	at com.android.builder.internal.aapt.v2.Aapt2DaemonManager$LeasedAaptDaemon.compile(Aapt2DaemonManager.kt:170)
	at com.android.builder.internal.aapt.v2.Aapt2DaemonManager$leasingAapt2Daemon$1.compile(Aapt2DaemonManager.kt:195)
	at com.android.build.gradle.internal.services.PartialInProcessResourceProcessor.compile(PartialInProcessResourceProcessor.kt:47)
	at com.android.build.gradle.internal.res.Aapt2CompileRunnableKt.runAapt2Compile(Aapt2CompileRunnable.kt:57)
	at com.android.build.gradle.internal.dependency.AarResourcesCompilerTransform.transform(AarResourcesCompilerTransform.kt:75)
	at org.gradle.api.internal.artifacts.transform.DefaultTransform.transform(DefaultTransform.java:276)
	at org.gradle.api.internal.artifacts.transform.AbstractTransformExecution$2.call(AbstractTransformExecution.java:143)
	at org.gradle.api.internal.artifacts.transform.AbstractTransformExecution$2.call(AbstractTransformExecution.java:137)
	at org.gradle.internal.operations.DefaultBuildOperationRunner$CallableBuildOperationWorker.execute(DefaultBuildOperationRunner.java:200)
	at org.gradle.internal.operations.DefaultBuildOperationRunner$CallableBuildOperationWorker.execute(DefaultBuildOperationRunner.java:195)
	at org.gradle.internal.operations.DefaultBuildOperationRunner$2.execute(DefaultBuildOperationRunner.java:66)
	at org.gradle.internal.operations.DefaultBuildOperationRunner$2.execute(DefaultBuildOperationRunner.java:59)
	at org.gradle.internal.operations.DefaultBuildOperationRunner.execute(DefaultBuildOperationRunner.java:157)
	at org.gradle.internal.operations.DefaultBuildOperationRunner.execute(DefaultBuildOperationRunner.java:59)
	at org.gradle.internal.operations.DefaultBuildOperationRunner.call(DefaultBuildOperationRunner.java:53)
	at org.gradle.internal.operations.DefaultBuildOperationExecutor.call(DefaultBuildOperationExecutor.java:73)
	at org.gradle.api.internal.artifacts.transform.AbstractTransformExecution.executeWithinTransformerListener(AbstractTransformExecution.java:137)
	at org.gradle.api.internal.artifacts.transform.AbstractTransformExecution.execute(AbstractTransformExecution.java:130)
	at org.gradle.internal.execution.steps.ExecuteStep.executeInternal(ExecuteStep.java:105)
	at org.gradle.internal.execution.steps.ExecuteStep.access$000(ExecuteStep.java:44)
	at org.gradle.internal.execution.steps.ExecuteStep$1.call(ExecuteStep.java:59)
	at org.gradle.internal.execution.steps.ExecuteStep$1.call(ExecuteStep.java:56)
	at org.gradle.internal.operations.DefaultBuildOperationRunner$CallableBuildOperationWorker.execute(DefaultBuildOperationRunner.java:200)
	at org.gradle.internal.operations.DefaultBuildOperationRunner$CallableBuildOperationWorker.execute(DefaultBuildOperationRunner.java:195)
	at org.gradle.internal.operations.DefaultBuildOperationRunner$2.execute(DefaultBuildOperationRunner.java:66)
	at org.gradle.internal.operations.DefaultBuildOperationRunner$2.execute(DefaultBuildOperationRunner.java:59)
	at org.gradle.internal.operations.DefaultBuildOperationRunner.execute(DefaultBuildOperationRunner.java:157)
	at org.gradle.internal.operations.DefaultBuildOperationRunner.execute(DefaultBuildOperationRunner.java:59)
	at org.gradle.internal.operations.DefaultBuildOperationRunner.call(DefaultBuildOperationRunner.java:53)
	at org.gradle.internal.operations.DefaultBuildOperationExecutor.call(DefaultBuildOperationExecutor.java:73)
	at org.gradle.internal.execution.steps.ExecuteStep.execute(ExecuteStep.java:56)
	at org.gradle.internal.execution.steps.ExecuteStep.execute(ExecuteStep.java:44)
	at org.gradle.internal.execution.steps.CancelExecutionStep.execute(CancelExecutionStep.java:41)
	at org.gradle.internal.execution.steps.TimeoutStep.executeWithoutTimeout(TimeoutStep.java:74)
	at org.gradle.internal.execution.steps.TimeoutStep.execute(TimeoutStep.java:55)
	at org.gradle.internal.execution.steps.PreCreateOutputParentsStep.execute(PreCreateOutputParentsStep.java:50)
	at org.gradle.internal.execution.steps.PreCreateOutputParentsStep.execute(PreCreateOutputParentsStep.java:28)
	at org.gradle.internal.execution.steps.BroadcastChangingOutputsStep.execute(BroadcastChangingOutputsStep.java:61)
	at org.gradle.internal.execution.steps.BroadcastChangingOutputsStep.execute(BroadcastChangingOutputsStep.java:26)
	at org.gradle.internal.execution.steps.NoInputChangesStep.execute(NoInputChangesStep.java:30)
	at org.gradle.internal.execution.steps.NoInputChangesStep.execute(NoInputChangesStep.java:21)
	at org.gradle.internal.execution.steps.CaptureOutputsAfterExecutionStep.execute(CaptureOutputsAfterExecutionStep.java:67)
	at org.gradle.internal.execution.steps.CaptureOutputsAfterExecutionStep.execute(CaptureOutputsAfterExecutionStep.java:45)
	at org.gradle.internal.execution.steps.BuildCacheStep.executeWithoutCache(BuildCacheStep.java:189)
	at org.gradle.internal.execution.steps.BuildCacheStep.lambda$execute$1(BuildCacheStep.java:75)
	at org.gradle.internal.Either$Right.fold(Either.java:175)
	at org.gradle.internal.execution.caching.CachingState.fold(CachingState.java:62)
	at org.gradle.internal.execution.steps.BuildCacheStep.execute(BuildCacheStep.java:73)
	at org.gradle.internal.execution.steps.BuildCacheStep.execute(BuildCacheStep.java:48)
	at org.gradle.internal.execution.steps.NeverUpToDateStep.execute(NeverUpToDateStep.java:34)
	at org.gradle.internal.execution.steps.NeverUpToDateStep.execute(NeverUpToDateStep.java:22)
	at org.gradle.internal.execution.steps.legacy.MarkSnapshottingInputsFinishedStep.execute(MarkSnapshottingInputsFinishedStep.java:37)
	at org.gradle.internal.execution.steps.legacy.MarkSnapshottingInputsFinishedStep.execute(MarkSnapshottingInputsFinishedStep.java:27)
	at org.gradle.internal.execution.steps.ResolveNonIncrementalCachingStateStep.executeDelegate(ResolveNonIncrementalCachingStateStep.java:50)
	at org.gradle.internal.execution.steps.AbstractResolveCachingStateStep.execute(AbstractResolveCachingStateStep.java:71)
	at org.gradle.internal.execution.steps.AbstractResolveCachingStateStep.execute(AbstractResolveCachingStateStep.java:39)
	at org.gradle.internal.execution.steps.ValidateStep.execute(ValidateStep.java:106)
	at org.gradle.internal.execution.steps.ValidateStep.execute(ValidateStep.java:55)
	at org.gradle.internal.execution.steps.AbstractCaptureStateBeforeExecutionStep.execute(AbstractCaptureStateBeforeExecutionStep.java:64)
	at org.gradle.internal.execution.steps.AbstractCaptureStateBeforeExecutionStep.execute(AbstractCaptureStateBeforeExecutionStep.java:43)
	at org.gradle.internal.execution.steps.legacy.MarkSnapshottingInputsStartedStep.execute(MarkSnapshottingInputsStartedStep.java:38)
	at org.gradle.internal.execution.steps.AssignImmutableWorkspaceStep.lambda$executeInTemporaryWorkspace$3(AssignImmutableWorkspaceStep.java:209)
	at org.gradle.internal.execution.workspace.impl.CacheBasedImmutableWorkspaceProvider$1.withTemporaryWorkspace(CacheBasedImmutableWorkspaceProvider.java:119)
	at org.gradle.internal.execution.steps.AssignImmutableWorkspaceStep.executeInTemporaryWorkspace(AssignImmutableWorkspaceStep.java:199)
	at org.gradle.internal.execution.steps.AssignImmutableWorkspaceStep.lambda$execute$0(AssignImmutableWorkspaceStep.java:121)
	at java.base/java.util.Optional.orElseGet(Optional.java:364)
	at org.gradle.internal.execution.steps.AssignImmutableWorkspaceStep.execute(AssignImmutableWorkspaceStep.java:121)
	at org.gradle.internal.execution.steps.AssignImmutableWorkspaceStep.execute(AssignImmutableWorkspaceStep.java:90)
	at org.gradle.internal.execution.steps.ChoosePipelineStep.execute(ChoosePipelineStep.java:38)
	at org.gradle.internal.execution.steps.ChoosePipelineStep.execute(ChoosePipelineStep.java:23)
	at org.gradle.internal.execution.steps.ExecuteWorkBuildOperationFiringStep.lambda$execute$0(ExecuteWorkBuildOperationFiringStep.java:53)
	at org.gradle.internal.execution.steps.BuildOperationStep$1.call(BuildOperationStep.java:37)
	at org.gradle.internal.operations.DefaultBuildOperationRunner$CallableBuildOperationWorker.execute(DefaultBuildOperationRunner.java:200)
	at org.gradle.internal.operations.DefaultBuildOperationRunner$CallableBuildOperationWorker.execute(DefaultBuildOperationRunner.java:195)
	at org.gradle.internal.operations.DefaultBuildOperationRunner$2.execute(DefaultBuildOperationRunner.java:66)
	at org.gradle.internal.operations.DefaultBuildOperationRunner$2.execute(DefaultBuildOperationRunner.java:59)
	at org.gradle.internal.operations.DefaultBuildOperationRunner.execute(DefaultBuildOperationRunner.java:157)
	at org.gradle.internal.operations.DefaultBuildOperationRunner.execute(DefaultBuildOperationRunner.java:59)
	at org.gradle.internal.operations.DefaultBuildOperationRunner.call(DefaultBuildOperationRunner.java:53)
	at org.gradle.internal.operations.DefaultBuildOperationExecutor.call(DefaultBuildOperationExecutor.java:73)
	at org.gradle.internal.execution.steps.BuildOperationStep.operation(BuildOperationStep.java:34)
	at org.gradle.internal.execution.steps.ExecuteWorkBuildOperationFiringStep.lambda$execute$1(ExecuteWorkBuildOperationFiringStep.java:51)
	at java.base/java.util.Optional.map(Optional.java:260)
	at org.gradle.internal.execution.steps.ExecuteWorkBuildOperationFiringStep.execute(ExecuteWorkBuildOperationFiringStep.java:51)
	at org.gradle.internal.execution.steps.ExecuteWorkBuildOperationFiringStep.execute(ExecuteWorkBuildOperationFiringStep.java:39)
	at org.gradle.internal.execution.steps.IdentityCacheStep.execute(IdentityCacheStep.java:46)
	at org.gradle.internal.execution.steps.IdentityCacheStep.executeInCache(IdentityCacheStep.java:80)
	at org.gradle.internal.execution.steps.IdentityCacheStep.lambda$executeDeferred$0(IdentityCacheStep.java:60)
	at org.gradle.cache.Cache.lambda$get$0(Cache.java:31)
	at java.base/java.util.concurrent.ConcurrentHashMap.computeIfAbsent(ConcurrentHashMap.java:1708)
	at org.gradle.cache.ManualEvictionInMemoryCache.get(ManualEvictionInMemoryCache.java:30)
	at org.gradle.cache.internal.DefaultCrossBuildInMemoryCacheFactory$CrossBuildCacheRetainingDataFromPreviousBuild.get(DefaultCrossBuildInMemoryCacheFactory.java:255)
	at org.gradle.cache.Cache.get(Cache.java:31)
	at org.gradle.internal.execution.steps.IdentityCacheStep.lambda$executeDeferred$1(IdentityCacheStep.java:58)
	at org.gradle.internal.Deferrable$3.completeAndGet(Deferrable.java:117)
	... 24 more
Caused by: java.io.IOException: Cannot run program "/root/.gradle/caches/transforms-4/2bba49eee1d64d073cb89b5f3891cf2c/transformed/aapt2-8.5.2-11315950-linux/aapt2": error=2, No such file or directory
	at java.base/java.lang.ProcessBuilder.start(ProcessBuilder.java:1143)
	at java.base/java.lang.ProcessBuilder.start(ProcessBuilder.java:1073)
	at org.gradle.internal.classpath.Instrumented.start(Instrumented.java:320)
	at com.android.builder.internal.aapt.v2.Aapt2DaemonImpl.startProcess(Aapt2DaemonImpl.kt:84)
	at com.android.builder.internal.aapt.v2.Aapt2Daemon.checkStarted(Aapt2Daemon.kt:56)
	... 120 more
Caused by: java.io.IOException: error=2, No such file or directory
	at java.base/java.lang.ProcessImpl.forkAndExec(Native Method)
	at java.base/java.lang.ProcessImpl.<init>(ProcessImpl.java:314)
	at java.base/java.lang.ProcessImpl.start(ProcessImpl.java:244)
	at java.base/java.lang.ProcessBuilder.start(ProcessBuilder.java:1110)
	... 124 more
Cause 12: org.gradle.api.internal.artifacts.transform.TransformException: Failed to transform core-1.13.1.aar (androidx.core:core:1.13.1) to match attributes {artifactType=android-compiled-dependencies-resources, org.gradle.status=release}.
	at org.gradle.api.internal.artifacts.transform.TransformingAsyncArtifactListener$TransformedArtifact.lambda$visit$4(TransformingAsyncArtifactListener.java:243)
	at org.gradle.internal.Try$Failure.ifSuccessfulOrElse(Try.java:282)
	at org.gradle.api.internal.artifacts.transform.TransformingAsyncArtifactListener$TransformedArtifact.visit(TransformingAsyncArtifactListener.java:235)
	at org.gradle.api.internal.artifacts.ivyservice.resolveengine.artifact.ParallelResolveArtifactSet$VisitingSet$StartVisitAction.visitResults(ParallelResolveArtifactSet.java:100)
	at org.gradle.api.internal.artifacts.ivyservice.resolveengine.artifact.ParallelResolveArtifactSet$VisitingSet.visit(ParallelResolveArtifactSet.java:69)
	at org.gradle.api.internal.artifacts.ivyservice.resolveengine.artifact.ResolvedArtifactSetResolver$1.run(ResolvedArtifactSetResolver.java:61)
	at org.gradle.internal.operations.DefaultBuildOperationRunner$1.execute(DefaultBuildOperationRunner.java:29)
	at org.gradle.internal.operations.DefaultBuildOperationRunner$1.execute(DefaultBuildOperationRunner.java:26)
	at org.gradle.internal.operations.DefaultBuildOperationRunner$2.execute(DefaultBuildOperationRunner.java:66)
	at org.gradle.internal.operations.DefaultBuildOperationRunner$2.execute(DefaultBuildOperationRunner.java:59)
	at org.gradle.internal.operations.DefaultBuildOperationRunner.execute(DefaultBuildOperationRunner.java:157)
	at org.gradle.internal.operations.DefaultBuildOperationRunner.execute(DefaultBuildOperationRunner.java:59)
	at org.gradle.internal.operations.DefaultBuildOperationRunner.run(DefaultBuildOperationRunner.java:47)
	at org.gradle.internal.operations.DefaultBuildOperationExecutor.run(DefaultBuildOperationExecutor.java:68)
	at org.gradle.api.internal.artifacts.ivyservice.resolveengine.artifact.ResolvedArtifactSetResolver.visitArtifacts(ResolvedArtifactSetResolver.java:58)
	at org.gradle.api.internal.artifacts.ivyservice.resolveengine.artifact.ResolvedArtifactSetResolver.lambda$visitInUnmanagedWorkerThread$0(ResolvedArtifactSetResolver.java:54)
	at org.gradle.internal.work.DefaultWorkerLeaseService.runAsUnmanagedWorkerThread(DefaultWorkerLeaseService.java:140)
	at org.gradle.api.internal.artifacts.ivyservice.resolveengine.artifact.ResolvedArtifactSetResolver.visitInUnmanagedWorkerThread(ResolvedArtifactSetResolver.java:54)
	at org.gradle.api.internal.artifacts.ivyservice.resolveengine.artifact.DefaultSelectedArtifactSet.visitArtifacts(DefaultSelectedArtifactSet.java:59)
	at org.gradle.api.internal.artifacts.ivyservice.resolveengine.artifact.SelectedArtifactSet.visitFiles(SelectedArtifactSet.java:34)
	at org.gradle.api.internal.artifacts.configurations.ResolutionBackedFileCollection.visitContents(ResolutionBackedFileCollection.java:73)
	at org.gradle.api.internal.file.AbstractFileCollection.visitStructure(AbstractFileCollection.java:361)
	at org.gradle.api.internal.file.collections.DefaultConfigurableFileCollection.lambda$calculateFinalizedValue$0(DefaultConfigurableFileCollection.java:415)
	at org.gradle.api.internal.file.collections.UnpackingVisitor.add(UnpackingVisitor.java:67)
	at org.gradle.api.internal.file.collections.DefaultConfigurableFileCollection$UnresolvedItemsCollector.visitContents(DefaultConfigurableFileCollection.java:593)
	at org.gradle.api.internal.file.collections.DefaultConfigurableFileCollection.calculateFinalizedValue(DefaultConfigurableFileCollection.java:415)
	at org.gradle.api.internal.file.collections.DefaultConfigurableFileCollection.finalizeNow(DefaultConfigurableFileCollection.java:120)
	at org.gradle.api.internal.file.collections.DefaultConfigurableFileCollection.lambda$visitChildren$1(DefaultConfigurableFileCollection.java:439)
	at org.gradle.api.internal.provider.ValueState.finalizeOnReadIfNeeded(ValueState.java:123)
	at org.gradle.api.internal.file.collections.DefaultConfigurableFileCollection.visitChildren(DefaultConfigurableFileCollection.java:439)
	at org.gradle.api.internal.file.CompositeFileCollection.visitContents(CompositeFileCollection.java:113)
	at org.gradle.api.internal.file.AbstractFileCollection.visitStructure(AbstractFileCollection.java:361)
	at org.gradle.api.internal.file.CompositeFileCollection.lambda$visitContents$0(CompositeFileCollection.java:113)
	at org.gradle.api.internal.file.collections.UnpackingVisitor.add(UnpackingVisitor.java:67)
	at org.gradle.api.internal.file.collections.UnpackingVisitor.add(UnpackingVisitor.java:92)
	at org.gradle.api.internal.file.DefaultFileCollectionFactory$ResolvingFileCollection.visitChildren(DefaultFileCollectionFactory.java:285)
	at org.gradle.api.internal.file.CompositeFileCollection.visitContents(CompositeFileCollection.java:113)
	at org.gradle.api.internal.file.AbstractFileCollection.visitStructure(AbstractFileCollection.java:361)
	at org.gradle.api.internal.file.CompositeFileCollection.lambda$visitContents$0(CompositeFileCollection.java:113)
	at org.gradle.api.internal.tasks.PropertyFileCollection.visitChildren(PropertyFileCollection.java:48)
	at org.gradle.api.internal.file.CompositeFileCollection.visitContents(CompositeFileCollection.java:113)
	at org.gradle.api.internal.file.AbstractFileCollection.visitStructure(AbstractFileCollection.java:361)
	at org.gradle.internal.fingerprint.impl.DefaultFileCollectionSnapshotter.snapshot(DefaultFileCollectionSnapshotter.java:47)
	at org.gradle.internal.execution.impl.DefaultInputFingerprinter$InputCollectingVisitor.visitInputFileProperty(DefaultInputFingerprinter.java:133)
	at org.gradle.api.internal.tasks.execution.TaskExecution.visitRegularInputs(TaskExecution.java:324)
	at org.gradle.internal.execution.impl.DefaultInputFingerprinter.fingerprintInputProperties(DefaultInputFingerprinter.java:63)
	at org.gradle.internal.execution.steps.AbstractCaptureStateBeforeExecutionStep.captureExecutionStateWithOutputs(AbstractCaptureStateBeforeExecutionStep.java:109)
	at org.gradle.internal.execution.steps.AbstractCaptureStateBeforeExecutionStep.lambda$captureExecutionState$0(AbstractCaptureStateBeforeExecutionStep.java:74)
	at org.gradle.internal.execution.steps.BuildOperationStep$1.call(BuildOperationStep.java:37)
	at org.gradle.internal.operations.DefaultBuildOperationRunner$CallableBuildOperationWorker.execute(DefaultBuildOperationRunner.java:200)
	at org.gradle.internal.operations.DefaultBuildOperationRunner$CallableBuildOperationWorker.execute(DefaultBuildOperationRunner.java:195)
	at org.gradle.internal.operations.DefaultBuildOperationRunner$2.execute(DefaultBuildOperationRunner.java:66)
	at org.gradle.internal.operations.DefaultBuildOperationRunner$2.execute(DefaultBuildOperationRunner.java:59)
	at org.gradle.internal.operations.DefaultBuildOperationRunner.execute(DefaultBuildOperationRunner.java:157)
	at org.gradle.internal.operations.DefaultBuildOperationRunner.execute(DefaultBuildOperationRunner.java:59)
	at org.gradle.internal.operations.DefaultBuildOperationRunner.call(DefaultBuildOperationRunner.java:53)
	at org.gradle.internal.operations.DefaultBuildOperationExecutor.call(DefaultBuildOperationExecutor.java:73)
	at org.gradle.internal.execution.steps.BuildOperationStep.operation(BuildOperationStep.java:34)
	at org.gradle.internal.execution.steps.AbstractCaptureStateBeforeExecutionStep.captureExecutionState(AbstractCaptureStateBeforeExecutionStep.java:69)
	at org.gradle.internal.execution.steps.AbstractCaptureStateBeforeExecutionStep.execute(AbstractCaptureStateBeforeExecutionStep.java:62)
	at org.gradle.internal.execution.steps.AbstractCaptureStateBeforeExecutionStep.execute(AbstractCaptureStateBeforeExecutionStep.java:43)
	at org.gradle.internal.execution.steps.AbstractSkipEmptyWorkStep.executeWithNonEmptySources(AbstractSkipEmptyWorkStep.java:125)
	at org.gradle.internal.execution.steps.AbstractSkipEmptyWorkStep.execute(AbstractSkipEmptyWorkStep.java:56)
	at org.gradle.internal.execution.steps.AbstractSkipEmptyWorkStep.execute(AbstractSkipEmptyWorkStep.java:36)
	at org.gradle.internal.execution.steps.legacy.MarkSnapshottingInputsStartedStep.execute(MarkSnapshottingInputsStartedStep.java:38)
	at org.gradle.internal.execution.steps.LoadPreviousExecutionStateStep.execute(LoadPreviousExecutionStateStep.java:36)
	at org.gradle.internal.execution.steps.LoadPreviousExecutionStateStep.execute(LoadPreviousExecutionStateStep.java:23)
	at org.gradle.internal.execution.steps.HandleStaleOutputsStep.execute(HandleStaleOutputsStep.java:75)
	at org.gradle.internal.execution.steps.HandleStaleOutputsStep.execute(HandleStaleOutputsStep.java:41)
	at org.gradle.internal.execution.steps.AssignMutableWorkspaceStep.lambda$execute$0(AssignMutableWorkspaceStep.java:35)
	at org.gradle.api.internal.tasks.execution.TaskExecution$4.withWorkspace(TaskExecution.java:289)
	at org.gradle.internal.execution.steps.AssignMutableWorkspaceStep.execute(AssignMutableWorkspaceStep.java:31)
	at org.gradle.internal.execution.steps.AssignMutableWorkspaceStep.execute(AssignMutableWorkspaceStep.java:22)
	at org.gradle.internal.execution.steps.ChoosePipelineStep.execute(ChoosePipelineStep.java:40)
	at org.gradle.internal.execution.steps.ChoosePipelineStep.execute(ChoosePipelineStep.java:23)
	at org.gradle.internal.execution.steps.ExecuteWorkBuildOperationFiringStep.lambda$execute$2(ExecuteWorkBuildOperationFiringStep.java:67)
	at java.base/java.util.Optional.orElseGet(Optional.java:364)
	at org.gradle.internal.execution.steps.ExecuteWorkBuildOperationFiringStep.execute(ExecuteWorkBuildOperationFiringStep.java:67)
	at org.gradle.internal.execution.steps.ExecuteWorkBuildOperationFiringStep.execute(ExecuteWorkBuildOperationFiringStep.java:39)
	at org.gradle.internal.execution.steps.IdentityCacheStep.execute(IdentityCacheStep.java:46)
	at org.gradle.internal.execution.steps.IdentityCacheStep.execute(IdentityCacheStep.java:34)
	at org.gradle.internal.execution.steps.IdentifyStep.execute(IdentifyStep.java:48)
	at org.gradle.internal.execution.steps.IdentifyStep.execute(IdentifyStep.java:35)
	at org.gradle.internal.execution.impl.DefaultExecutionEngine$1.execute(DefaultExecutionEngine.java:61)
	at org.gradle.api.internal.tasks.execution.ExecuteActionsTaskExecuter.executeIfValid(ExecuteActionsTaskExecuter.java:127)
	at org.gradle.api.internal.tasks.execution.ExecuteActionsTaskExecuter.execute(ExecuteActionsTaskExecuter.java:116)
	at org.gradle.api.internal.tasks.execution.FinalizePropertiesTaskExecuter.execute(FinalizePropertiesTaskExecuter.java:46)
	at org.gradle.api.internal.tasks.execution.ResolveTaskExecutionModeExecuter.execute(ResolveTaskExecutionModeExecuter.java:51)
	at org.gradle.api.internal.tasks.execution.SkipTaskWithNoActionsExecuter.execute(SkipTaskWithNoActionsExecuter.java:57)
	at org.gradle.api.internal.tasks.execution.SkipOnlyIfTaskExecuter.execute(SkipOnlyIfTaskExecuter.java:74)
	at org.gradle.api.internal.tasks.execution.CatchExceptionTaskExecuter.execute(CatchExceptionTaskExecuter.java:36)
	at org.gradle.api.internal.tasks.execution.EventFiringTaskExecuter$1.executeTask(EventFiringTaskExecuter.java:77)
	at org.gradle.api.internal.tasks.execution.EventFiringTaskExecuter$1.call(EventFiringTaskExecuter.java:55)
	at org.gradle.api.internal.tasks.execution.EventFiringTaskExecuter$1.call(EventFiringTaskExecuter.java:52)
	at org.gradle.internal.operations.DefaultBuildOperationRunner$CallableBuildOperationWorker.execute(DefaultBuildOperationRunner.java:200)
	at org.gradle.internal.operations.DefaultBuildOperationRunner$CallableBuildOperationWorker.execute(DefaultBuildOperationRunner.java:195)
	at org.gradle.internal.operations.DefaultBuildOperationRunner$2.execute(DefaultBuildOperationRunner.java:66)
	at org.gradle.internal.operations.DefaultBuildOperationRunner$2.execute(DefaultBuildOperationRunner.java:59)
	at org.gradle.internal.operations.DefaultBuildOperationRunner.execute(DefaultBuildOperationRunner.java:157)
	at org.gradle.internal.operations.DefaultBuildOperationRunner.execute(DefaultBuildOperationRunner.java:59)
	at org.gradle.internal.operations.DefaultBuildOperationRunner.call(DefaultBuildOperationRunner.java:53)
	at org.gradle.internal.operations.DefaultBuildOperationExecutor.call(DefaultBuildOperationExecutor.java:73)
	at org.gradle.api.internal.tasks.execution.EventFiringTaskExecuter.execute(EventFiringTaskExecuter.java:52)
	at org.gradle.execution.plan.LocalTaskNodeExecutor.execute(LocalTaskNodeExecutor.java:42)
	at org.gradle.execution.taskgraph.DefaultTaskExecutionGraph$InvokeNodeExecutorsAction.execute(DefaultTaskExecutionGraph.java:331)
	at org.gradle.execution.taskgraph.DefaultTaskExecutionGraph$InvokeNodeExecutorsAction.execute(DefaultTaskExecutionGraph.java:318)
	at org.gradle.execution.taskgraph.DefaultTaskExecutionGraph$BuildOperationAwareExecutionAction.lambda$execute$0(DefaultTaskExecutionGraph.java:314)
	at org.gradle.internal.operations.CurrentBuildOperationRef.with(CurrentBuildOperationRef.java:80)
	at org.gradle.execution.taskgraph.DefaultTaskExecutionGraph$BuildOperationAwareExecutionAction.execute(DefaultTaskExecutionGraph.java:314)
	at org.gradle.execution.taskgraph.DefaultTaskExecutionGraph$BuildOperationAwareExecutionAction.execute(DefaultTaskExecutionGraph.java:303)
	at org.gradle.execution.plan.DefaultPlanExecutor$ExecutorWorker.execute(DefaultPlanExecutor.java:463)
	at org.gradle.execution.plan.DefaultPlanExecutor$ExecutorWorker.run(DefaultPlanExecutor.java:380)
	at org.gradle.execution.plan.DefaultPlanExecutor.process(DefaultPlanExecutor.java:116)
	at org.gradle.execution.taskgraph.DefaultTaskExecutionGraph.executeWithServices(DefaultTaskExecutionGraph.java:138)
	at org.gradle.execution.taskgraph.DefaultTaskExecutionGraph.execute(DefaultTaskExecutionGraph.java:123)
	at org.gradle.execution.SelectedTaskExecutionAction.execute(SelectedTaskExecutionAction.java:35)
	at org.gradle.execution.DryRunBuildExecutionAction.execute(DryRunBuildExecutionAction.java:51)
	at org.gradle.execution.BuildOperationFiringBuildWorkerExecutor$ExecuteTasks.call(BuildOperationFiringBuildWorkerExecutor.java:54)
	at org.gradle.execution.BuildOperationFiringBuildWorkerExecutor$ExecuteTasks.call(BuildOperationFiringBuildWorkerExecutor.java:43)
	at org.gradle.internal.operations.DefaultBuildOperationRunner$CallableBuildOperationWorker.execute(DefaultBuildOperationRunner.java:200)
	at org.gradle.internal.operations.DefaultBuildOperationRunner$CallableBuildOperationWorker.execute(DefaultBuildOperationRunner.java:195)
	at org.gradle.internal.operations.DefaultBuildOperationRunner$2.execute(DefaultBuildOperationRunner.java:66)
	at org.gradle.internal.operations.DefaultBuildOperationRunner$2.execute(DefaultBuildOperationRunner.java:59)
	at org.gradle.internal.operations.DefaultBuildOperationRunner.execute(DefaultBuildOperationRunner.java:157)
	at org.gradle.internal.operations.DefaultBuildOperationRunner.execute(DefaultBuildOperationRunner.java:59)
	at org.gradle.internal.operations.DefaultBuildOperationRunner.call(DefaultBuildOperationRunner.java:53)
	at org.gradle.internal.operations.DefaultBuildOperationExecutor.call(DefaultBuildOperationExecutor.java:73)
	at org.gradle.execution.BuildOperationFiringBuildWorkerExecutor.execute(BuildOperationFiringBuildWorkerExecutor.java:40)
	at org.gradle.internal.build.DefaultBuildLifecycleController.lambda$executeTasks$10(DefaultBuildLifecycleController.java:313)
	at org.gradle.internal.model.StateTransitionController.doTransition(StateTransitionController.java:266)
	at org.gradle.internal.model.StateTransitionController.lambda$tryTransition$8(StateTransitionController.java:177)
	at org.gradle.internal.work.DefaultSynchronizer.withLock(DefaultSynchronizer.java:44)
	at org.gradle.internal.model.StateTransitionController.tryTransition(StateTransitionController.java:177)
	at org.gradle.internal.build.DefaultBuildLifecycleController.executeTasks(DefaultBuildLifecycleController.java:304)
	at org.gradle.internal.build.DefaultBuildWorkGraphController$DefaultBuildWorkGraph.runWork(DefaultBuildWorkGraphController.java:220)
	at org.gradle.internal.work.DefaultWorkerLeaseService.withLocks(DefaultWorkerLeaseService.java:264)
	at org.gradle.internal.work.DefaultWorkerLeaseService.runAsWorkerThread(DefaultWorkerLeaseService.java:128)
	at org.gradle.composite.internal.DefaultBuildController.doRun(DefaultBuildController.java:181)
	at org.gradle.composite.internal.DefaultBuildController.access$000(DefaultBuildController.java:50)
	at org.gradle.composite.internal.DefaultBuildController$BuildOpRunnable.lambda$run$0(DefaultBuildController.java:198)
	at org.gradle.internal.operations.CurrentBuildOperationRef.with(CurrentBuildOperationRef.java:80)
	at org.gradle.composite.internal.DefaultBuildController$BuildOpRunnable.run(DefaultBuildController.java:198)
	at java.base/java.util.concurrent.Executors$RunnableAdapter.call(Executors.java:539)
	at java.base/java.util.concurrent.FutureTask.run(FutureTask.java:264)
	at org.gradle.internal.concurrent.ExecutorPolicy$CatchAndRecordFailures.onExecute(ExecutorPolicy.java:64)
	at org.gradle.internal.concurrent.AbstractManagedExecutor$1.run(AbstractManagedExecutor.java:47)
	at java.base/java.util.concurrent.ThreadPoolExecutor.runWorker(ThreadPoolExecutor.java:1136)
	at java.base/java.util.concurrent.ThreadPoolExecutor$Worker.run(ThreadPoolExecutor.java:635)
	at java.base/java.lang.Thread.run(Thread.java:840)
Caused by: org.gradle.api.internal.artifacts.transform.TransformException: Execution failed for AarResourcesCompilerTransform: /root/.gradle/caches/transforms-4/8e0a0bff2d388b6446750efdf4a5758f/transformed/core-1.13.1.
	at org.gradle.api.internal.artifacts.transform.DefaultTransformInvocationFactory.lambda$createInvocation$1(DefaultTransformInvocationFactory.java:151)
	at org.gradle.internal.Try$Failure.mapFailure(Try.java:273)
	at org.gradle.api.internal.artifacts.transform.DefaultTransformInvocationFactory.lambda$createInvocation$2(DefaultTransformInvocationFactory.java:151)
	at org.gradle.internal.Deferrable$1.applyAndRequireNonNull(Deferrable.java:63)
	at org.gradle.internal.Deferrable$1.completeAndGet(Deferrable.java:59)
	at org.gradle.internal.Deferrable$1.completeAndGet(Deferrable.java:59)
	at org.gradle.api.internal.artifacts.transform.TransformingAsyncArtifactListener$TransformedArtifact.finalizeValue(TransformingAsyncArtifactListener.java:209)
	at org.gradle.api.internal.artifacts.transform.TransformingAsyncArtifactListener$TransformedArtifact.run(TransformingAsyncArtifactListener.java:147)
	at org.gradle.internal.operations.DefaultBuildOperationRunner$2.execute(DefaultBuildOperationRunner.java:66)
	at org.gradle.internal.operations.DefaultBuildOperationRunner$2.execute(DefaultBuildOperationRunner.java:59)
	at org.gradle.internal.operations.DefaultBuildOperationRunner.execute(DefaultBuildOperationRunner.java:157)
	at org.gradle.internal.operations.DefaultBuildOperationRunner.execute(DefaultBuildOperationRunner.java:59)
	at org.gradle.internal.operations.DefaultBuildOperationExecutor$QueueWorker.execute(DefaultBuildOperationExecutor.java:238)
	at org.gradle.internal.operations.DefaultBuildOperationQueue$WorkerRunnable.runOperation(DefaultBuildOperationQueue.java:272)
	at org.gradle.internal.operations.DefaultBuildOperationQueue$WorkerRunnable.doRunBatch(DefaultBuildOperationQueue.java:253)
	at org.gradle.internal.operations.DefaultBuildOperationQueue$WorkerRunnable.lambda$runBatch$0(DefaultBuildOperationQueue.java:238)
	at org.gradle.internal.resources.AbstractResourceLockRegistry.whileDisallowingLockChanges(AbstractResourceLockRegistry.java:50)
	at org.gradle.internal.work.DefaultWorkerLeaseService.whileDisallowingProjectLockChanges(DefaultWorkerLeaseService.java:236)
	at org.gradle.internal.operations.DefaultBuildOperationQueue$WorkerRunnable.lambda$runBatch$1(DefaultBuildOperationQueue.java:238)
	at org.gradle.internal.work.DefaultWorkerLeaseService.withLocks(DefaultWorkerLeaseService.java:264)
	at org.gradle.internal.work.DefaultWorkerLeaseService.runAsWorkerThread(DefaultWorkerLeaseService.java:128)
	at org.gradle.internal.operations.DefaultBuildOperationQueue$WorkerRunnable.runBatch(DefaultBuildOperationQueue.java:224)
	at org.gradle.internal.operations.DefaultBuildOperationQueue$WorkerRunnable.run(DefaultBuildOperationQueue.java:192)
	... 5 more
Caused by: com.android.builder.internal.aapt.v2.Aapt2InternalException: AAPT2 aapt2-8.5.2-11315950-linux Daemon #0: Daemon startup failed
This should not happen under normal circumstances, please file an issue if it does.
	at com.android.builder.internal.aapt.v2.Aapt2Daemon.handleError(Aapt2Daemon.kt:193)
	at com.android.builder.internal.aapt.v2.Aapt2Daemon.handleError$default(Aapt2Daemon.kt:190)
	at com.android.builder.internal.aapt.v2.Aapt2Daemon.checkStarted(Aapt2Daemon.kt:77)
	at com.android.builder.internal.aapt.v2.Aapt2Daemon.compile(Aapt2Daemon.kt:100)
	at com.android.builder.internal.aapt.v2.Aapt2DaemonManager$LeasedAaptDaemon.compile(Aapt2DaemonManager.kt:170)
	at com.android.builder.internal.aapt.v2.Aapt2DaemonManager$leasingAapt2Daemon$1.compile(Aapt2DaemonManager.kt:195)
	at com.android.build.gradle.internal.services.PartialInProcessResourceProcessor.compile(PartialInProcessResourceProcessor.kt:47)
	at com.android.build.gradle.internal.res.Aapt2CompileRunnableKt.runAapt2Compile(Aapt2CompileRunnable.kt:57)
	at com.android.build.gradle.internal.dependency.AarResourcesCompilerTransform.transform(AarResourcesCompilerTransform.kt:75)
	at org.gradle.api.internal.artifacts.transform.DefaultTransform.transform(DefaultTransform.java:276)
	at org.gradle.api.internal.artifacts.transform.AbstractTransformExecution$2.call(AbstractTransformExecution.java:143)
	at org.gradle.api.internal.artifacts.transform.AbstractTransformExecution$2.call(AbstractTransformExecution.java:137)
	at org.gradle.internal.operations.DefaultBuildOperationRunner$CallableBuildOperationWorker.execute(DefaultBuildOperationRunner.java:200)
	at org.gradle.internal.operations.DefaultBuildOperationRunner$CallableBuildOperationWorker.execute(DefaultBuildOperationRunner.java:195)
	at org.gradle.internal.operations.DefaultBuildOperationRunner$2.execute(DefaultBuildOperationRunner.java:66)
	at org.gradle.internal.operations.DefaultBuildOperationRunner$2.execute(DefaultBuildOperationRunner.java:59)
	at org.gradle.internal.operations.DefaultBuildOperationRunner.execute(DefaultBuildOperationRunner.java:157)
	at org.gradle.internal.operations.DefaultBuildOperationRunner.execute(DefaultBuildOperationRunner.java:59)
	at org.gradle.internal.operations.DefaultBuildOperationRunner.call(DefaultBuildOperationRunner.java:53)
	at org.gradle.internal.operations.DefaultBuildOperationExecutor.call(DefaultBuildOperationExecutor.java:73)
	at org.gradle.api.internal.artifacts.transform.AbstractTransformExecution.executeWithinTransformerListener(AbstractTransformExecution.java:137)
	at org.gradle.api.internal.artifacts.transform.AbstractTransformExecution.execute(AbstractTransformExecution.java:130)
	at org.gradle.internal.execution.steps.ExecuteStep.executeInternal(ExecuteStep.java:105)
	at org.gradle.internal.execution.steps.ExecuteStep.access$000(ExecuteStep.java:44)
	at org.gradle.internal.execution.steps.ExecuteStep$1.call(ExecuteStep.java:59)
	at org.gradle.internal.execution.steps.ExecuteStep$1.call(ExecuteStep.java:56)
	at org.gradle.internal.operations.DefaultBuildOperationRunner$CallableBuildOperationWorker.execute(DefaultBuildOperationRunner.java:200)
	at org.gradle.internal.operations.DefaultBuildOperationRunner$CallableBuildOperationWorker.execute(DefaultBuildOperationRunner.java:195)
	at org.gradle.internal.operations.DefaultBuildOperationRunner$2.execute(DefaultBuildOperationRunner.java:66)
	at org.gradle.internal.operations.DefaultBuildOperationRunner$2.execute(DefaultBuildOperationRunner.java:59)
	at org.gradle.internal.operations.DefaultBuildOperationRunner.execute(DefaultBuildOperationRunner.java:157)
	at org.gradle.internal.operations.DefaultBuildOperationRunner.execute(DefaultBuildOperationRunner.java:59)
	at org.gradle.internal.operations.DefaultBuildOperationRunner.call(DefaultBuildOperationRunner.java:53)
	at org.gradle.internal.operations.DefaultBuildOperationExecutor.call(DefaultBuildOperationExecutor.java:73)
	at org.gradle.internal.execution.steps.ExecuteStep.execute(ExecuteStep.java:56)
	at org.gradle.internal.execution.steps.ExecuteStep.execute(ExecuteStep.java:44)
	at org.gradle.internal.execution.steps.CancelExecutionStep.execute(CancelExecutionStep.java:41)
	at org.gradle.internal.execution.steps.TimeoutStep.executeWithoutTimeout(TimeoutStep.java:74)
	at org.gradle.internal.execution.steps.TimeoutStep.execute(TimeoutStep.java:55)
	at org.gradle.internal.execution.steps.PreCreateOutputParentsStep.execute(PreCreateOutputParentsStep.java:50)
	at org.gradle.internal.execution.steps.PreCreateOutputParentsStep.execute(PreCreateOutputParentsStep.java:28)
	at org.gradle.internal.execution.steps.BroadcastChangingOutputsStep.execute(BroadcastChangingOutputsStep.java:61)
	at org.gradle.internal.execution.steps.BroadcastChangingOutputsStep.execute(BroadcastChangingOutputsStep.java:26)
	at org.gradle.internal.execution.steps.NoInputChangesStep.execute(NoInputChangesStep.java:30)
	at org.gradle.internal.execution.steps.NoInputChangesStep.execute(NoInputChangesStep.java:21)
	at org.gradle.internal.execution.steps.CaptureOutputsAfterExecutionStep.execute(CaptureOutputsAfterExecutionStep.java:67)
	at org.gradle.internal.execution.steps.CaptureOutputsAfterExecutionStep.execute(CaptureOutputsAfterExecutionStep.java:45)
	at org.gradle.internal.execution.steps.BuildCacheStep.executeWithoutCache(BuildCacheStep.java:189)
	at org.gradle.internal.execution.steps.BuildCacheStep.lambda$execute$1(BuildCacheStep.java:75)
	at org.gradle.internal.Either$Right.fold(Either.java:175)
	at org.gradle.internal.execution.caching.CachingState.fold(CachingState.java:62)
	at org.gradle.internal.execution.steps.BuildCacheStep.execute(BuildCacheStep.java:73)
	at org.gradle.internal.execution.steps.BuildCacheStep.execute(BuildCacheStep.java:48)
	at org.gradle.internal.execution.steps.NeverUpToDateStep.execute(NeverUpToDateStep.java:34)
	at org.gradle.internal.execution.steps.NeverUpToDateStep.execute(NeverUpToDateStep.java:22)
	at org.gradle.internal.execution.steps.legacy.MarkSnapshottingInputsFinishedStep.execute(MarkSnapshottingInputsFinishedStep.java:37)
	at org.gradle.internal.execution.steps.legacy.MarkSnapshottingInputsFinishedStep.execute(MarkSnapshottingInputsFinishedStep.java:27)
	at org.gradle.internal.execution.steps.ResolveNonIncrementalCachingStateStep.executeDelegate(ResolveNonIncrementalCachingStateStep.java:50)
	at org.gradle.internal.execution.steps.AbstractResolveCachingStateStep.execute(AbstractResolveCachingStateStep.java:71)
	at org.gradle.internal.execution.steps.AbstractResolveCachingStateStep.execute(AbstractResolveCachingStateStep.java:39)
	at org.gradle.internal.execution.steps.ValidateStep.execute(ValidateStep.java:106)
	at org.gradle.internal.execution.steps.ValidateStep.execute(ValidateStep.java:55)
	at org.gradle.internal.execution.steps.AbstractCaptureStateBeforeExecutionStep.execute(AbstractCaptureStateBeforeExecutionStep.java:64)
	at org.gradle.internal.execution.steps.AbstractCaptureStateBeforeExecutionStep.execute(AbstractCaptureStateBeforeExecutionStep.java:43)
	at org.gradle.internal.execution.steps.legacy.MarkSnapshottingInputsStartedStep.execute(MarkSnapshottingInputsStartedStep.java:38)
	at org.gradle.internal.execution.steps.AssignImmutableWorkspaceStep.lambda$executeInTemporaryWorkspace$3(AssignImmutableWorkspaceStep.java:209)
	at org.gradle.internal.execution.workspace.impl.CacheBasedImmutableWorkspaceProvider$1.withTemporaryWorkspace(CacheBasedImmutableWorkspaceProvider.java:119)
	at org.gradle.internal.execution.steps.AssignImmutableWorkspaceStep.executeInTemporaryWorkspace(AssignImmutableWorkspaceStep.java:199)
	at org.gradle.internal.execution.steps.AssignImmutableWorkspaceStep.lambda$execute$0(AssignImmutableWorkspaceStep.java:121)
	at java.base/java.util.Optional.orElseGet(Optional.java:364)
	at org.gradle.internal.execution.steps.AssignImmutableWorkspaceStep.execute(AssignImmutableWorkspaceStep.java:121)
	at org.gradle.internal.execution.steps.AssignImmutableWorkspaceStep.execute(AssignImmutableWorkspaceStep.java:90)
	at org.gradle.internal.execution.steps.ChoosePipelineStep.execute(ChoosePipelineStep.java:38)
	at org.gradle.internal.execution.steps.ChoosePipelineStep.execute(ChoosePipelineStep.java:23)
	at org.gradle.internal.execution.steps.ExecuteWorkBuildOperationFiringStep.lambda$execute$0(ExecuteWorkBuildOperationFiringStep.java:53)
	at org.gradle.internal.execution.steps.BuildOperationStep$1.call(BuildOperationStep.java:37)
	at org.gradle.internal.operations.DefaultBuildOperationRunner$CallableBuildOperationWorker.execute(DefaultBuildOperationRunner.java:200)
	at org.gradle.internal.operations.DefaultBuildOperationRunner$CallableBuildOperationWorker.execute(DefaultBuildOperationRunner.java:195)
	at org.gradle.internal.operations.DefaultBuildOperationRunner$2.execute(DefaultBuildOperationRunner.java:66)
	at org.gradle.internal.operations.DefaultBuildOperationRunner$2.execute(DefaultBuildOperationRunner.java:59)
	at org.gradle.internal.operations.DefaultBuildOperationRunner.execute(DefaultBuildOperationRunner.java:157)
	at org.gradle.internal.operations.DefaultBuildOperationRunner.execute(DefaultBuildOperationRunner.java:59)
	at org.gradle.internal.operations.DefaultBuildOperationRunner.call(DefaultBuildOperationRunner.java:53)
	at org.gradle.internal.operations.DefaultBuildOperationExecutor.call(DefaultBuildOperationExecutor.java:73)
	at org.gradle.internal.execution.steps.BuildOperationStep.operation(BuildOperationStep.java:34)
	at org.gradle.internal.execution.steps.ExecuteWorkBuildOperationFiringStep.lambda$execute$1(ExecuteWorkBuildOperationFiringStep.java:51)
	at java.base/java.util.Optional.map(Optional.java:260)
	at org.gradle.internal.execution.steps.ExecuteWorkBuildOperationFiringStep.execute(ExecuteWorkBuildOperationFiringStep.java:51)
	at org.gradle.internal.execution.steps.ExecuteWorkBuildOperationFiringStep.execute(ExecuteWorkBuildOperationFiringStep.java:39)
	at org.gradle.internal.execution.steps.IdentityCacheStep.execute(IdentityCacheStep.java:46)
	at org.gradle.internal.execution.steps.IdentityCacheStep.executeInCache(IdentityCacheStep.java:80)
	at org.gradle.internal.execution.steps.IdentityCacheStep.lambda$executeDeferred$0(IdentityCacheStep.java:60)
	at org.gradle.cache.Cache.lambda$get$0(Cache.java:31)
	at java.base/java.util.concurrent.ConcurrentHashMap.computeIfAbsent(ConcurrentHashMap.java:1708)
	at org.gradle.cache.ManualEvictionInMemoryCache.get(ManualEvictionInMemoryCache.java:30)
	at org.gradle.cache.internal.DefaultCrossBuildInMemoryCacheFactory$CrossBuildCacheRetainingDataFromPreviousBuild.get(DefaultCrossBuildInMemoryCacheFactory.java:255)
	at org.gradle.cache.Cache.get(Cache.java:31)
	at org.gradle.internal.execution.steps.IdentityCacheStep.lambda$executeDeferred$1(IdentityCacheStep.java:58)
	at org.gradle.internal.Deferrable$3.completeAndGet(Deferrable.java:117)
	... 24 more
Caused by: java.io.IOException: Cannot run program "/root/.gradle/caches/transforms-4/2bba49eee1d64d073cb89b5f3891cf2c/transformed/aapt2-8.5.2-11315950-linux/aapt2": error=2, No such file or directory
	at java.base/java.lang.ProcessBuilder.start(ProcessBuilder.java:1143)
	at java.base/java.lang.ProcessBuilder.start(ProcessBuilder.java:1073)
	at org.gradle.internal.classpath.Instrumented.start(Instrumented.java:320)
	at com.android.builder.internal.aapt.v2.Aapt2DaemonImpl.startProcess(Aapt2DaemonImpl.kt:84)
	at com.android.builder.internal.aapt.v2.Aapt2Daemon.checkStarted(Aapt2Daemon.kt:56)
	... 120 more
Caused by: java.io.IOException: error=2, No such file or directory
	at java.base/java.lang.ProcessImpl.forkAndExec(Native Method)
	at java.base/java.lang.ProcessImpl.<init>(ProcessImpl.java:314)
	at java.base/java.lang.ProcessImpl.start(ProcessImpl.java:244)
	at java.base/java.lang.ProcessBuilder.start(ProcessBuilder.java:1110)
	... 124 more


BUILD FAILED in 1m 11s
16 actionable tasks: 2 executed, 14 up-to-date
